# SIMULACION DE COLISIONES MULTIPLES
# tiempo  id  x  y  velX  velY  masa
#--------------------------------------------------
0  0  105.657  105.559  56.5685  55.5875  10
0  1  395.757  204.145  -42.4264  41.4454  20
0  2  303.078  508.359  30.7818  83.5913  15
0  3  693.505  296.152  -64.9519  -38.481  12
0.1  0  111.314  111.019  56.5685  54.6065  10
0.1  1  391.515  208.191  -42.4264  40.4644  20
0.1  2  306.156  516.62  30.7818  82.6103  15
0.1  3  687.01  292.206  -64.9519  -39.462  12
0.2  0  116.971  116.382  56.5685  53.6255  10
0.2  1  387.272  212.139  -42.4264  39.4834  20
0.2  2  309.235  524.783  30.7818  81.6293  15
0.2  3  680.514  288.161  -64.9519  -40.443  12
0.3  0  122.627  121.646  56.5685  52.6445  10
0.3  1  383.029  215.99  -42.4264  38.5024  20
0.3  2  312.313  532.848  30.7818  80.6483  15
0.3  3  674.019  284.019  -64.9519  -41.424  12
0.4  0  128.284  126.813  56.5685  51.6635  10
0.4  1  378.787  219.742  -42.4264  37.5214  20
0.4  2  315.391  540.815  30.7818  79.6673  15
0.4  3  667.524  279.779  -64.9519  -42.405  12
0.5  0  133.941  131.881  56.5685  50.6825  10
0.5  1  374.544  223.396  -42.4264  36.5404  20
0.5  2  318.469  548.683  30.7818  78.6863  15
0.5  3  661.029  275.44  -64.9519  -43.386  12
0.6  0  139.598  136.851  56.5685  49.7015  10
0.6  1  370.302  226.952  -42.4264  35.5594  20
0.6  2  321.547  556.454  30.7818  77.7053  15
0.6  3  654.534  271.003  -64.9519  -44.367  12
0.7  0  145.255  141.723  56.5685  48.7205  10
0.7  1  366.059  230.41  -42.4264  34.5784  20
0.7  2  324.625  564.126  30.7818  76.7243  15
0.7  3  648.038  266.468  -64.9519  -45.348  12
0.8  0  150.912  146.497  56.5685  47.7395  10
0.8  1  361.816  233.769  -42.4264  33.5974  20
0.8  2  327.704  571.701  30.7818  75.7433  15
0.8  3  641.543  261.835  -64.9519  -46.329  12
0.9  0  156.569  151.173  56.5685  46.7585  10
0.9  1  357.574  237.031  -42.4264  32.6164  20
0.9  2  330.782  579.177  30.7818  74.7623  15
0.9  3  635.048  257.104  -64.9519  -47.31  12
1  0  162.225  155.751  56.5685  45.7775  10
1  1  353.331  240.194  42.4264  31.6354  20
1  2  333.86  586.555  30.7818  73.7813  15
1  3  628.553  252.275  -64.9519  -48.291  12
1.1  0  167.882  160.23  56.5685  44.7965  10
1.1  1  357.574  243.26  42.4264  -21.4581  20
1.1  2  336.938  593.835  30.7818  72.8003  15
1.1  3  622.058  247.348  -64.9519  -49.272  12
1.2  0  173.539  164.612  56.5685  43.8155  10
1.2  1  361.816  241.016  42.4264  15.7074  20
1.2  2  340.016  601.017  30.7818  71.8193  15
1.2  3  615.563  242.323  -64.9519  -50.253  12
1.3  0  179.196  168.895  56.5685  42.8345  10
1.3  1  366.059  242.489  42.4264  -10.3085  20
1.3  2  343.095  608.101  30.7818  70.8383  15
1.3  3  609.067  237.199  -64.9519  -51.234  12
1.4  0  184.853  173.081  56.5685  41.8535  10
1.4  1  370.302  241.36  42.4264  7.90262  20
1.4  2  346.173  615.087  30.7818  69.8573  15
1.4  3  602.572  231.978  -64.9519  -52.215  12
1.5  0  190.51  177.168  56.5685  40.8725  10
1.5  1  374.544  242.052  42.4264  -4.84513  20
1.5  2  349.251  621.974  30.7818  68.8763  15
1.5  3  596.077  226.658  -64.9519  -53.196  12
1.6  0  196.167  181.157  56.5685  39.8915  10
1.6  1  378.787  241.469  42.4264  4.07829  20
1.6  2  352.329  628.764  30.7818  67.8953  15
1.6  3  589.582  221.241  -64.9519  -54.177  12
1.7  0  201.823  185.048  56.5685  38.9105  10
1.7  1  383.029  241.779  42.4264  -2.1681  20
1.7  2  355.407  635.455  30.7818  66.9143  15
1.7  3  583.087  215.725  -64.9519  -55.158  12
1.8  0  207.48  188.841  56.5685  37.9295  10
1.8  1  387.272  241.464  42.4264  2.20437  20
1.8  2  358.485  642.048  30.7818  65.9333  15
1.8  3  576.591  210.111  -64.9519  -56.139  12
1.9  0  213.137  192.536  56.5685  36.9485  10
1.9  1  391.515  241.586  42.4264  0  20
1.9  2  361.564  648.544  30.7818  64.9523  15
1.9  3  570.096  204.399  -64.9519  -57.12  12
2  0  218.794  196.133  56.5685  35.9675  10
2  1  395.757  241.488  42.4264  0  20
2  2  364.642  654.941  30.7818  63.9713  15
2  3  563.601  198.589  -64.9519  -58.101  12
2.1  0  224.451  199.631  56.5685  34.9865  10
2.1  1  400  241.39  42.4264  0  20
2.1  2  367.72  661.24  30.7818  62.9903  15
2.1  3  557.106  192.681  -64.9519  -59.082  12
2.2  0  230.108  203.032  56.5685  34.0055  10
2.2  1  404.243  241.292  42.4264  0  20
2.2  2  370.798  667.441  30.7818  62.0093  15
2.2  3  550.611  186.674  -64.9519  -60.063  12
2.3  0  235.765  206.335  56.5685  33.0245  10
2.3  1  408.485  241.194  42.4264  0  20
2.3  2  373.876  673.544  30.7818  61.0283  15
2.3  3  544.115  180.57  -64.9519  -61.044  12
2.4  0  241.421  209.539  56.5685  32.0435  10
2.4  1  412.728  241.096  42.4264  0  20
2.4  2  376.955  679.548  30.7818  60.0473  15
2.4  3  537.62  174.367  -64.9519  -62.025  12
2.5  0  247.078  212.645  56.5685  31.0625  10
2.5  1  416.971  240.998  42.4264  0  20
2.5  2  380.033  685.455  30.7818  59.0663  15
2.5  3  531.125  168.067  -64.9519  -63.006  12
2.6  0  252.735  215.653  56.5685  30.0815  10
2.6  1  421.213  240.9  42.4264  0  20
2.6  2  383.111  691.264  30.7818  58.0853  15
2.6  3  524.63  161.668  -64.9519  -63.987  12
2.7  0  258.392  218.563  56.5685  29.1005  10
2.7  1  425.456  240.802  42.4264  0  20
2.7  2  386.189  696.974  30.7818  57.1043  15
2.7  3  518.135  155.171  -64.9519  -64.968  12
2.8  0  264.049  221.375  56.5685  28.1195  10
2.8  1  429.698  240.703  42.4264  0  20
2.8  2  389.267  702.586  30.7818  -56.1233  15
2.8  3  511.639  148.576  -64.9519  -65.949  12
2.9  0  269.706  224.089  56.5685  27.1385  10
2.9  1  433.941  240.605  42.4264  0  20
2.9  2  392.345  696.876  30.7818  -57.1043  15
2.9  3  505.144  141.883  -64.9519  -66.93  12
3  0  275.362  226.705  56.5685  26.1575  10
3  1  438.184  240.507  42.4264  0  20
3  2  395.424  691.067  30.7818  -58.0853  15
3  3  498.649  135.092  -64.9519  -67.911  12
3.1  0  281.019  229.223  56.5685  25.1765  10
3.1  1  442.426  240.409  42.4264  0  20
3.1  2  398.502  685.161  30.7818  -59.0663  15
3.1  3  492.154  128.203  -64.9519  -68.892  12
3.2  0  286.676  231.642  56.5685  24.1955  10
3.2  1  446.669  240.311  42.4264  0  20
3.2  2  401.58  679.156  30.7818  -60.0473  15
3.2  3  485.659  121.216  -64.9519  -69.873  12
3.3  0  292.333  233.964  56.5685  23.2145  10
3.3  1  450.912  240.213  42.4264  0  20
3.3  2  404.658  673.053  30.7818  -61.0283  15
3.3  3  479.164  114.13  -64.9519  -70.854  12
3.4  0  297.99  236.187  56.5685  22.2335  10
3.4  1  455.154  240.115  42.4264  0  20
3.4  2  407.736  666.852  30.7818  -62.0093  15
3.4  3  472.668  106.947  -64.9519  -71.835  12
3.5  0  303.647  238.312  56.5685  21.2525  10
3.5  1  459.397  240.017  42.4264  0  20
3.5  2  410.815  660.553  30.7818  -62.9903  15
3.5  3  466.173  99.6654  -64.9519  -72.816  12
3.6  0  309.304  240.339  56.5685  20.2715  10
3.6  1  463.64  239.919  42.4264  -0.981  20
3.6  2  413.893  654.156  30.7818  -63.9713  15
3.6  3  459.678  92.2857  -64.9519  -73.797  12
3.7  0  314.96  242.268  56.5685  19.2905  10
3.7  1  467.882  239.722  42.4264  -1.962  20
3.7  2  416.971  647.661  30.7818  -64.9523  15
3.7  3  453.183  84.8079  -64.9519  -74.778  12
3.8  0  320.617  244.099  56.5685  18.3095  10
3.8  1  472.125  239.428  42.4264  -2.943  20
3.8  2  420.049  641.067  30.7818  -65.9333  15
3.8  3  446.688  77.232  -64.9519  -75.759  12
3.9  0  326.274  245.832  56.5685  17.3285  10
3.9  1  476.368  239.036  42.4264  -3.924  20
3.9  2  423.127  634.376  30.7818  -66.9143  15
3.9  3  440.192  69.558  -64.9519  -76.74  12
4  0  331.931  247.467  56.5685  16.3475  10
4  1  480.61  238.545  42.4264  -4.905  20
4  2  426.205  627.586  30.7818  -67.8953  15
4  3  433.697  61.7859  -64.9519  -77.721  12
4.1  0  337.588  249.004  56.5685  15.3665  10
4.1  1  484.853  237.957  42.4264  -5.886  20
4.1  2  429.284  620.699  30.7818  -68.8763  15
4.1  3  427.202  53.9157  -64.9519  -78.702  12
4.2  0  343.245  250.442  56.5685  -10.0699  10
4.2  1  489.095  237.27  42.4264  -6.867  20
4.2  2  432.362  613.713  30.7818  -69.8573  15
4.2  3  420.707  45.9474  -64.9519  -79.683  12
4.3  0  348.902  249.337  56.5685  7.73562  10
4.3  1  493.338  236.485  42.4264  -7.848  20
4.3  2  435.44  606.629  30.7818  -70.8383  15
4.3  3  414.212  37.881  -64.9519  -80.664  12
4.4  0  354.558  250.013  56.5685  -4.72823  10
4.4  1  497.581  235.602  42.4264  -8.829  20
4.4  2  438.518  599.447  30.7818  -71.8193  15
4.4  3  407.716  29.7165  -64.9519  -81.645  12
4.5  0  360.215  249.442  56.5685  3.99646  10
4.5  1  501.823  234.621  42.4264  -9.81  20
4.5  2  441.596  592.167  30.7818  -72.8003  15
4.5  3  401.221  21.4539  -64.9519  -82.626  12
4.6  0  365.872  249.743  56.5685  -2.11082  10
4.6  1  506.066  233.542  42.4264  -10.791  20
4.6  2  444.675  584.789  30.7818  -73.7813  15
4.6  3  394.726  13.0932  -64.9519  -83.607  12
4.7  0  371.529  249.434  56.5685  2.16428  10
4.7  1  510.309  232.365  42.4264  -11.772  20
4.7  2  447.753  577.313  30.7818  -74.7623  15
4.7  3  388.231  4.6344  -64.9519  -84.588  12
4.8  0  377.186  249.552  56.5685  0  10
4.8  1  514.551  231.09  42.4264  -12.753  20
4.8  2  450.831  569.739  30.7818  -75.7433  15
4.8  3  381.736  -3.9225  -64.9519  85.569  12
4.9  0  382.843  249.454  56.5685  0  10
4.9  1  518.794  229.716  42.4264  -13.734  20
4.9  2  453.909  562.066  30.7818  -76.7243  15
4.9  3  375.24  4.5363  -64.9519  84.588  12
5  0  388.5  249.356  56.5685  0  10
5  1  523.037  228.245  42.4264  -14.715  20
5  2  456.987  554.296  30.7818  -77.7053  15
5  3  368.745  12.897  -64.9519  83.607  12
5.1  0  394.156  249.258  56.5685  0  10
5.1  1  527.279  226.675  42.4264  -15.696  20
5.1  2  460.065  546.427  30.7818  -78.6863  15
5.1  3  362.25  21.1596  -64.9519  82.626  12
5.2  0  399.813  249.16  56.5685  0  10
5.2  1  531.522  225.007  42.4264  -16.677  20
5.2  2  463.144  538.46  30.7818  -79.6673  15
5.2  3  355.755  29.3241  -64.9519  81.645  12
5.3  0  405.47  249.062  56.5685  0  10
5.3  1  535.765  223.242  42.4264  -17.658  20
5.3  2  466.222  530.395  30.7818  -80.6483  15
5.3  3  349.26  37.3905  -64.9519  80.664  12
5.4  0  411.127  248.964  56.5685  0  10
5.4  1  540.007  221.378  42.4264  -18.639  20
5.4  2  469.3  522.233  30.7818  -81.6293  15
5.4  3  342.765  45.3588  -64.9519  79.683  12
5.5  0  416.784  248.866  56.5685  0  10
5.5  1  544.25  219.416  42.4264  -19.62  20
5.5  2  472.378  513.971  30.7818  -82.6103  15
5.5  3  336.269  53.229  -64.9519  78.702  12
5.6  0  422.441  248.767  56.5685  0  10
5.6  1  548.492  217.356  42.4264  -20.601  20
5.6  2  475.456  505.612  30.7818  -83.5913  15
5.6  3  329.774  61.0011  -64.9519  77.721  12
5.7  0  428.098  248.669  56.5685  0  10
5.7  1  552.735  215.197  42.4264  -21.582  20
5.7  2  478.535  497.155  30.7818  -84.5723  15
5.7  3  323.279  68.6751  -64.9519  76.74  12
5.8  0  433.754  248.571  56.5685  0  10
5.8  1  556.978  212.941  42.4264  -22.563  20
5.8  2  481.613  488.6  30.7818  -85.5533  15
5.8  3  316.784  76.251  -64.9519  75.759  12
5.9  0  439.411  248.473  56.5685  0  10
5.9  1  561.22  210.587  42.4264  -23.544  20
5.9  2  484.691  479.946  30.7818  -86.5343  15
5.9  3  310.289  83.7288  -64.9519  74.778  12
6  0  445.068  248.375  56.5685  0  10
6  1  565.463  208.134  42.4264  -24.525  20
6  2  487.769  471.195  30.7818  -87.5153  15
6  3  303.793  91.1085  -64.9519  73.797  12
6.1  0  450.725  248.277  56.5685  0  10
6.1  1  569.706  205.584  42.4264  -25.506  20
6.1  2  490.847  462.345  30.7818  -88.4963  15
6.1  3  297.298  98.3901  -64.9519  72.816  12
6.2  0  456.382  248.179  56.5685  0  10
6.2  1  573.948  202.935  42.4264  -26.487  20
6.2  2  493.925  453.397  30.7818  -89.4773  15
6.2  3  290.803  105.574  -64.9519  71.835  12
6.3  0  462.039  248.081  56.5685  0  10
6.3  1  578.191  200.188  42.4264  -27.468  20
6.3  2  497.004  444.352  30.7818  -90.4583  15
6.3  3  284.308  112.659  -64.9519  70.854  12
6.4  0  467.696  247.983  56.5685  0  10
6.4  1  582.434  197.343  42.4264  -28.449  20
6.4  2  500.082  435.208  30.7818  -91.4393  15
6.4  3  277.813  119.646  -64.9519  69.873  12
6.5  0  473.352  247.885  56.5685  0  10
6.5  1  586.676  194.4  42.4264  -29.43  20
6.5  2  503.16  425.966  30.7818  -92.4203  15
6.5  3  271.317  126.535  -64.9519  68.892  12
6.6  0  479.009  247.786  56.5685  0  10
6.6  1  590.919  191.359  42.4264  -30.411  20
6.6  2  506.238  416.625  30.7818  -93.4013  15
6.6  3  264.822  133.327  -64.9519  67.911  12
6.7  0  484.666  247.688  56.5685  -0.981  10
6.7  1  595.161  188.22  42.4264  -31.392  20
6.7  2  509.316  407.187  30.7818  -94.3823  15
6.7  3  258.327  140.02  -64.9519  66.93  12
6.8  0  490.323  247.492  56.5685  -1.962  10
6.8  1  599.404  184.983  42.4264  -32.373  20
6.8  2  512.395  397.651  30.7818  -95.3633  15
6.8  3  251.832  146.614  -64.9519  65.949  12
6.9  0  495.98  247.198  56.5685  -2.943  10
6.9  1  603.647  181.647  42.4264  -33.354  20
6.9  2  515.473  388.016  30.7818  -96.3443  15
6.9  3  245.337  153.111  -64.9519  64.968  12
7  0  501.637  246.805  56.5685  -3.924  10
7  1  607.889  178.214  42.4264  -34.335  20
7  2  518.551  378.284  30.7818  -97.3253  15
7  3  238.841  159.51  -64.9519  63.987  12
7.1  0  507.294  246.315  56.5685  -4.905  10
7.1  1  612.132  174.682  42.4264  -35.316  20
7.1  2  521.629  368.453  30.7818  -98.3063  15
7.1  3  232.346  165.811  -64.9519  63.006  12
7.2  0  512.95  245.726  56.5685  -5.886  10
7.2  1  616.375  171.052  42.4264  -36.297  20
7.2  2  524.707  358.525  30.7818  -99.2873  15
7.2  3  225.851  172.013  -64.9519  62.025  12
7.3  0  518.607  245.04  56.5685  -6.867  10
7.3  1  620.617  167.325  42.4264  -37.278  20
7.3  2  527.785  348.498  30.7818  -100.268  15
7.3  3  219.356  178.117  -64.9519  61.044  12
7.4  0  524.264  244.255  56.5685  -7.848  10
7.4  1  624.86  163.499  42.4264  -38.259  20
7.4  2  530.864  338.373  30.7818  -101.249  15
7.4  3  212.861  184.124  -64.9519  60.063  12
7.5  0  529.921  243.372  56.5685  -8.829  10
7.5  1  629.103  159.575  42.4264  -39.24  20
7.5  2  533.942  328.15  30.7818  -102.23  15
7.5  3  206.366  190.032  -64.9519  59.082  12
7.6  0  535.578  242.391  56.5685  -9.81  10
7.6  1  633.345  155.553  42.4264  -40.221  20
7.6  2  537.02  317.829  30.7818  -103.211  15
7.6  3  199.87  195.842  -64.9519  58.101  12
7.7  0  541.235  241.312  56.5685  -10.791  10
7.7  1  637.588  151.432  42.4264  -41.202  20
7.7  2  540.098  307.409  30.7818  -104.192  15
7.7  3  193.375  201.554  -64.9519  57.12  12
7.8  0  546.891  240.135  56.5685  -11.772  10
7.8  1  641.831  147.214  42.4264  -42.183  20
7.8  2  543.176  296.892  30.7818  -105.173  15
7.8  3  186.88  207.168  -64.9519  56.139  12
7.9  0  552.548  238.859  56.5685  -12.753  10
7.9  1  646.073  142.898  42.4264  -43.164  20
7.9  2  546.255  286.277  30.7818  -106.154  15
7.9  3  180.385  212.684  -64.9519  55.158  12
8  0  558.205  237.486  56.5685  -13.734  10
8  1  650.316  138.483  42.4264  -44.145  20
8  2  549.333  275.563  30.7818  -107.135  15
8  3  173.89  218.101  -64.9519  54.177  12
8.1  0  563.862  236.014  56.5685  -14.715  10
8.1  1  654.558  133.971  42.4264  -45.126  20
8.1  2  552.411  264.751  30.7818  -108.116  15
8.1  3  167.394  223.421  -64.9519  53.196  12
8.2  0  569.519  234.445  56.5685  -15.696  10
8.2  1  658.801  129.36  42.4264  -46.107  20
8.2  2  555.489  253.842  30.7818  -109.097  15
8.2  3  160.899  228.643  -64.9519  52.215  12
8.3  0  565.211  238.811  41.0965  -72.7178  25
8.3  1  663.044  124.651  42.4264  -47.088  20
8.3  2  154.404  233.766  -64.9519  51.234  12
8.4  0  569.32  231.441  41.0965  -73.6988  25
8.4  1  667.286  119.844  42.4264  -48.069  20
8.4  2  147.909  238.791  -64.9519  50.253  12
8.5  0  573.43  223.973  41.0965  -74.6798  25
8.5  1  671.529  114.939  42.4264  -49.05  20
8.5  2  141.414  243.718  -64.9519  49.272  12
8.6  0  577.54  216.407  41.0965  -75.6608  25
8.6  1  675.772  109.936  42.4264  -50.031  20
8.6  2  134.918  248.548  -64.9519  48.291  12
8.7  0  581.649  208.743  41.0965  -76.6418  25
8.7  1  680.014  104.835  42.4264  -51.012  20
8.7  2  128.423  253.279  -64.9519  47.31  12
8.8  0  585.759  200.981  41.0965  -77.6228  25
8.8  1  684.257  99.6357  42.4264  -51.993  20
8.8  2  121.928  257.911  -64.9519  46.329  12
8.9  0  589.869  193.12  41.0965  -78.6038  25
8.9  1  688.5  94.3383  42.4264  -52.974  20
8.9  2  115.433  262.446  -64.9519  45.348  12
9  0  593.978  185.162  41.0965  -79.5848  25
9  1  692.742  88.9428  42.4264  -53.955  20
9  2  108.938  266.883  -64.9519  44.367  12
9.1  0  598.088  177.105  41.0965  -80.5658  25
9.1  1  696.985  83.4492  42.4264  -54.936  20
9.1  2  102.442  271.222  -64.9519  43.386  12
9.2  0  602.197  168.951  41.0965  -81.5468  25
9.2  1  701.227  77.8575  42.4264  -55.917  20
9.2  2  95.9473  275.462  -64.9519  42.405  12
9.3  0  606.307  160.698  41.0965  -82.5278  25
9.3  1  705.47  72.1677  42.4264  -56.898  20
9.3  2  89.4521  279.604  -64.9519  41.424  12
9.4  0  610.417  152.347  41.0965  -83.5088  25
9.4  1  709.713  66.3798  42.4264  -57.879  20
9.4  2  82.9569  283.649  -64.9519  40.443  12
9.5  0  614.526  143.898  41.0965  -84.4898  25
9.5  1  713.955  60.4938  42.4264  -58.86  20
9.5  2  76.4617  287.595  -64.9519  39.462  12
9.6  0  618.636  135.351  41.0965  -85.4708  25
9.6  1  718.198  54.5097  42.4264  -59.841  20
9.6  2  69.9665  291.443  -64.9519  38.481  12
9.7  0  622.746  126.706  41.0965  -86.4518  25
9.7  1  722.441  48.4275  42.4264  -60.822  20
9.7  2  63.4713  295.193  -64.9519  37.5  12
9.8  0  626.855  117.963  41.0965  -87.4328  25
9.8  1  726.683  42.2472  42.4264  -61.803  20
9.8  2  56.9761  298.845  -64.9519  36.519  12
9.9  0  630.965  109.121  41.0965  -88.4138  25
9.9  1  730.926  35.9688  42.4264  -62.784  20
9.9  2  50.4809  302.399  -64.9519  35.538  12
10  0  635.075  100.182  41.0965  -89.3948  25
10  1  735.169  29.5923  42.4264  -63.765  20
10  2  43.9858  305.854  -64.9519  34.557  12
10.1  0  639.184  91.1441  41.0965  -90.3758  25
10.1  1  739.411  23.1177  42.4264  -64.746  20
10.1  2  37.4906  309.212  -64.9519  33.576  12
10.2  0  643.294  82.0084  41.0965  -91.3568  25
10.2  1  743.654  16.545  42.4264  -65.727  20
10.2  2  30.9954  312.472  -64.9519  32.595  12
10.3  0  647.404  72.7746  41.0965  -92.3378  25
10.3  1  747.897  9.87418  42.4264  -66.708  20
10.3  2  24.5002  315.633  -64.9519  31.614  12
10.4  0  651.513  63.4427  41.0965  -93.3188  25
10.4  1  752.139  3.10528  42.4264  -67.689  20
10.4  2  18.005  318.696  -64.9519  30.633  12
10.5  0  655.623  54.0128  41.0965  -94.2998  25
10.5  1  756.382  -3.76172  42.4264  68.67  20
10.5  2  11.5098  321.661  -64.9519  29.652  12
10.6  0  659.733  44.4847  41.0965  -95.2808  25
10.6  1  760.624  3.00718  42.4264  67.689  20
10.6  2  5.01461  324.529  -64.9519  28.671  12
10.7  0  663.842  34.8585  41.0965  -96.2618  25
10.7  1  764.867  9.67798  42.4264  66.708  20
10.7  2  -1.48058  327.298  64.9519  27.69  12
10.8  0  667.952  25.1342  41.0965  -97.2428  25
10.8  1  769.11  16.2507  42.4264  65.727  20
10.8  2  5.01461  329.969  64.9519  26.709  12
10.9  0  672.062  15.3118  41.0965  -98.2238  25
10.9  1  773.352  22.7253  42.4264  64.746  20
10.9  2  11.5098  332.541  64.9519  25.728  12
11  0  676.171  5.39136  41.0965  -99.2048  25
11  1  777.595  29.1018  42.4264  63.765  20
11  2  18.005  335.016  64.9519  24.747  12
11.1  0  680.281  -4.62722  41.0965  100.186  25
11.1  1  781.838  35.3802  42.4264  62.784  20
11.1  2  24.5002  337.393  64.9519  23.766  12
11.2  0  684.391  5.29326  41.0965  99.2048  25
11.2  1  786.08  41.5605  42.4264  61.803  20
11.2  2  30.9954  339.671  64.9519  22.785  12
11.3  0  688.5  15.1156  41.0965  98.2238  25
11.3  1  790.323  47.6427  42.4264  60.822  20
11.3  2  37.4906  341.851  64.9519  21.804  12
11.4  0  692.61  24.8399  41.0965  97.2428  25
11.4  1  794.566  53.6268  42.4264  59.841  20
11.4  2  43.9858  343.934  64.9519  20.823  12
11.5  0  696.719  34.4661  41.0965  96.2618  25
11.5  1  798.808  59.5128  42.4264  58.86  20
11.5  2  50.4809  345.918  64.9519  19.842  12
11.6  0  700.829  43.9942  41.0965  95.2808  25
11.6  1  803.051  65.3007  42.4264  57.879  20
11.6  2  56.9761  347.804  64.9519  18.861  12
11.7  0  704.939  53.4242  41.0965  94.2998  25
11.7  1  807.294  70.9905  42.4264  56.898  20
11.7  2  63.4713  349.592  64.9519  17.88  12
11.8  0  709.048  62.756  41.0965  93.3188  25
11.8  1  811.536  76.5822  42.4264  55.917  20
11.8  2  69.9665  351.282  64.9519  16.899  12
11.9  0  713.158  71.9898  41.0965  92.3378  25
11.9  1  815.779  82.0758  42.4264  54.936  20
11.9  2  76.4617  352.874  64.9519  15.918  12
12  0  717.268  81.1255  41.0965  91.3568  25
12  1  820.021  87.4713  42.4264  53.955  20
12  2  82.9569  354.367  64.9519  14.937  12
12.1  0  721.377  90.1631  41.0965  90.3758  25
12.1  1  824.264  92.7687  42.4264  52.974  20
12.1  2  89.4521  355.763  64.9519  13.956  12
12.2  0  725.487  99.1026  41.0965  89.3948  25
12.2  1  828.507  97.968  42.4264  51.993  20
12.2  2  95.9473  357.061  64.9519  12.975  12
12.3  0  729.597  107.944  41.0965  88.4138  25
12.3  1  832.749  103.069  42.4264  51.012  20
12.3  2  102.442  358.26  64.9519  11.994  12
12.4  0  733.706  116.687  41.0965  87.4328  25
12.4  1  836.992  108.072  42.4264  50.031  20
12.4  2  108.938  359.361  64.9519  11.013  12
12.5  0  737.816  125.332  41.0965  86.4518  25
12.5  1  841.235  112.977  42.4264  49.05  20
12.5  2  115.433  360.364  64.9519  10.032  12
12.6  0  741.926  133.879  41.0965  85.4708  25
12.6  1  845.477  117.784  42.4264  48.069  20
12.6  2  121.928  361.27  64.9519  9.051  12
12.7  0  746.035  142.328  41.0965  84.4898  25
12.7  1  849.72  122.493  42.4264  47.088  20
12.7  2  128.423  362.077  64.9519  8.07  12
12.8  0  750.145  150.679  41.0965  83.5088  25
12.8  1  853.963  127.104  42.4264  46.107  20
12.8  2  134.918  362.785  64.9519  7.089  12
12.9  0  754.255  158.932  41.0965  82.5278  25
12.9  1  858.205  131.616  42.4264  45.126  20
12.9  2  141.414  363.396  64.9519  6.108  12
13  0  758.364  167.087  41.0965  81.5468  25
13  1  862.448  136.031  42.4264  44.145  20
13  2  147.909  363.909  64.9519  5.127  12
13.1  0  762.474  175.143  41.0965  80.5658  25
13.1  1  866.69  140.347  42.4264  43.164  20
13.1  2  154.404  364.324  64.9519  4.146  12
13.2  0  766.584  183.102  41.0965  79.5848  25
13.2  1  870.933  144.565  42.4264  42.183  20
13.2  2  160.899  364.64  64.9519  3.165  12
13.3  0  770.693  190.962  41.0965  78.6038  25
13.3  1  875.176  148.686  42.4264  41.202  20
13.3  2  167.394  364.858  64.9519  2.184  12
13.4  0  774.803  198.725  41.0965  77.6228  25
13.4  1  879.418  152.708  42.4264  40.221  20
13.4  2  173.89  364.979  64.9519  1.203  12
13.5  0  778.912  206.389  41.0965  76.6418  25
13.5  1  883.661  156.632  42.4264  39.24  20
13.5  2  180.385  365.001  64.9519  0.222  12
13.6  0  783.022  213.955  41.0965  75.6608  25
13.6  1  887.904  160.458  42.4264  38.259  20
13.6  2  186.88  364.925  64.9519  -0.759  12
13.7  0  787.132  221.423  41.0965  74.6798  25
13.7  1  892.146  164.185  42.4264  37.278  20
13.7  2  193.375  364.751  64.9519  -1.74  12
13.8  0  791.241  228.793  41.0965  73.6988  25
13.8  1  896.389  167.815  42.4264  36.297  20
13.8  2  199.87  364.479  64.9519  -2.721  12
13.9  0  795.351  236.064  41.0965  72.7178  25
13.9  1  900.632  171.347  42.4264  35.316  20
13.9  2  206.366  364.109  64.9519  -3.702  12
14  0  799.461  243.238  41.0965  71.7368  25
14  1  904.874  174.78  42.4264  34.335  20
14  2  212.861  363.64  64.9519  -4.683  12
14.1  0  803.57  250.314  41.0965  70.7558  25
14.1  1  909.117  178.116  42.4264  33.354  20
14.1  2  219.356  363.074  64.9519  -5.664  12
14.2  0  807.68  257.291  41.0965  69.7748  25
14.2  1  913.36  181.353  42.4264  32.373  20
14.2  2  225.851  362.41  64.9519  -6.645  12
14.3  0  811.79  264.171  41.0965  68.7938  25
14.3  1  917.602  184.492  42.4264  31.392  20
14.3  2  232.346  361.647  64.9519  -7.626  12
14.4  0  815.899  270.952  41.0965  67.8128  25
14.4  1  921.845  187.533  42.4264  30.411  20
14.4  2  238.841  360.786  64.9519  -8.607  12
14.5  0  820.009  277.635  41.0965  66.8318  25
14.5  1  926.087  190.476  42.4264  29.43  20
14.5  2  245.337  359.827  64.9519  -9.588  12
14.6  0  824.119  284.22  41.0965  65.8508  25
14.6  1  930.33  193.321  42.4264  28.449  20
14.6  2  251.832  358.771  64.9519  -10.569  12
14.7  0  828.228  290.707  41.0965  64.8698  25
14.7  1  934.573  196.068  42.4264  27.468  20
14.7  2  258.327  357.616  64.9519  -11.55  12
14.8  0  832.338  297.096  41.0965  63.8888  25
14.8  1  938.815  198.717  42.4264  26.487  20
14.8  2  264.822  356.362  64.9519  -12.531  12
14.9  0  836.448  303.387  41.0965  62.9078  25
14.9  1  943.058  201.267  42.4264  25.506  20
14.9  2  271.317  355.011  64.9519  -13.512  12
15  0  840.557  309.579  41.0965  61.9268  25
15  1  947.301  203.72  42.4264  24.525  20
15  2  277.813  353.562  64.9519  -14.493  12
15.1  0  844.667  315.674  41.0965  60.9458  25
15.1  1  951.543  206.074  42.4264  23.544  20
15.1  2  284.308  352.015  64.9519  -15.474  12
15.2  0  848.777  321.67  41.0965  59.9648  25
15.2  1  955.786  208.33  42.4264  22.563  20
15.2  2  290.803  350.369  64.9519  -16.455  12
15.3  0  852.886  327.569  41.0965  58.9838  25
15.3  1  960.029  210.489  42.4264  21.582  20
15.3  2  297.298  348.625  64.9519  -17.436  12
15.4  0  856.996  333.369  41.0965  58.0028  25
15.4  1  964.271  212.549  42.4264  20.601  20
15.4  2  303.793  346.784  64.9519  -18.417  12
15.5  0  861.105  339.071  41.0965  57.0218  25
15.5  1  968.514  214.511  42.4264  19.62  20
15.5  2  310.289  344.844  64.9519  -19.398  12
15.6  0  865.215  344.675  41.0965  56.0408  25
15.6  1  972.756  216.375  42.4264  18.639  20
15.6  2  316.784  342.806  64.9519  -20.379  12
15.7  0  869.325  350.181  41.0965  55.0598  25
15.7  1  976.999  218.14  42.4264  17.658  20
15.7  2  323.279  340.67  64.9519  -21.36  12
15.8  0  873.434  355.589  41.0965  54.0788  25
15.8  1  981.242  219.808  42.4264  16.677  20
15.8  2  329.774  338.436  64.9519  -22.341  12
15.9  0  877.544  360.899  41.0965  53.0978  25
15.9  1  985.484  221.378  42.4264  15.696  20
15.9  2  336.269  336.104  64.9519  -23.322  12
16  0  881.654  366.111  41.0965  52.1168  25
16  1  989.727  222.849  42.4264  14.715  20
16  2  342.765  333.673  64.9519  -24.303  12
16.1  0  885.763  371.224  41.0965  51.1358  25
16.1  1  993.97  224.223  42.4264  13.734  20
16.1  2  349.26  331.145  64.9519  -25.284  12
16.2  0  889.873  376.24  41.0965  50.1548  25
16.2  1  998.212  225.498  42.4264  12.753  20
16.2  2  355.755  328.519  64.9519  -26.265  12
16.3  0  893.983  381.157  41.0965  49.1738  25
16.3  1  1002.45  226.675  -42.4264  11.772  20
16.3  2  362.25  325.794  64.9519  -27.246  12
16.4  0  898.092  385.976  41.0965  48.1928  25
16.4  1  998.212  227.754  -42.4264  10.791  20
16.4  2  368.745  322.971  64.9519  -28.227  12
16.5  0  902.202  390.698  41.0965  47.2118  25
16.5  1  993.97  228.735  -42.4264  9.81  20
16.5  2  375.24  320.05  64.9519  -29.208  12
16.6  0  906.312  395.321  41.0965  46.2308  25
16.6  1  989.727  229.618  -42.4264  8.829  20
16.6  2  381.736  317.032  64.9519  -30.189  12
16.7  0  910.421  399.846  41.0965  45.2498  25
16.7  1  985.484  230.403  -42.4264  7.848  20
16.7  2  388.231  313.915  64.9519  -31.17  12
16.8  0  914.531  404.273  41.0965  44.2688  25
16.8  1  981.242  231.09  -42.4264  6.867  20
16.8  2  394.726  310.699  64.9519  -32.151  12
16.9  0  918.641  408.601  41.0965  43.2878  25
16.9  1  976.999  231.678  -42.4264  5.886  20
16.9  2  401.221  307.386  64.9519  -33.132  12
17  0  922.75  412.832  41.0965  42.3068  25
17  1  972.756  232.169  -42.4264  4.905  20
17  2  407.716  303.975  64.9519  -34.113  12
17.1  0  926.86  416.965  41.0965  41.3258  25
17.1  1  968.514  232.561  -42.4264  3.924  20
17.1  2  414.212  300.466  64.9519  -35.094  12
17.2  0  930.97  420.999  41.0965  40.3448  25
17.2  1  964.271  232.855  -42.4264  2.943  20
17.2  2  420.707  296.858  64.9519  25.2525  12
17.3  0  935.079  424.935  41.0965  39.3638  25
17.3  1  960.029  233.052  -42.4264  1.962  20
17.3  2  427.202  299.285  64.9519  -16.9901  12
17.4  0  939.189  428.774  41.0965  38.3828  25
17.4  1  955.786  233.15  -42.4264  0.981  20
17.4  2  433.697  297.488  64.9519  12.5797  12
17.5  0  943.298  432.514  41.0965  37.4018  25
17.5  1  951.543  233.15  -42.4264  1.11022e-15  20
17.5  2  440.192  298.648  64.9519  -8.11911  12
17.6  0  947.408  436.156  41.0965  36.4208  25
17.6  1  947.301  233.052  -42.4264  -0.981  20
17.6  2  446.688  297.738  64.9519  6.37008  12
17.7  0  951.518  439.7  41.0965  35.4398  25
17.7  1  943.058  232.855  -42.4264  -1.962  20
17.7  2  453.183  298.277  64.9519  -3.77236  12
17.8  0  955.627  443.146  41.0965  34.4588  25
17.8  1  938.815  232.561  -42.4264  -2.943  20
17.8  2  459.678  297.802  64.9519  3.32735  12
17.9  0  959.737  446.494  41.0965  33.4778  25
17.9  1  934.573  232.169  -42.4264  -3.924  20
17.9  2  466.173  298.036  -64.9519  2.34635  12
18  0  963.847  449.743  41.0965  32.4968  25
18  1  930.33  231.678  -42.4264  -4.905  20
18  2  459.678  298.173  -64.9519  0  12
18.1  0  967.956  452.895  41.0965  31.5158  25
18.1  1  926.087  231.09  -42.4264  -5.886  20
18.1  2  453.183  298.075  -64.9519  0  12
18.2  0  972.066  455.948  41.0965  30.5348  25
18.2  1  921.845  230.403  -42.4264  -6.867  20
18.2  2  446.688  297.977  -64.9519  0  12
18.3  0  976.176  458.904  41.0965  29.5538  25
18.3  1  917.602  229.618  -42.4264  -7.848  20
18.3  2  440.192  297.878  -64.9519  0  12
18.4  0  980.285  461.761  41.0965  28.5728  25
18.4  1  913.36  228.735  -42.4264  -8.829  20
18.4  2  433.697  297.78  -64.9519  0  12
18.5  0  984.395  464.52  41.0965  27.5918  25
18.5  1  909.117  227.754  -42.4264  -9.81  20
18.5  2  427.202  297.682  -64.9519  0  12
18.6  0  988.505  467.181  41.0965  26.6108  25
18.6  1  904.874  226.675  -42.4264  -10.791  20
18.6  2  420.707  297.584  -64.9519  0  12
18.7  0  992.614  469.744  41.0965  25.6298  25
18.7  1  900.632  225.498  -42.4264  -11.772  20
18.7  2  414.212  297.486  -64.9519  0  12
18.8  0  996.724  472.209  41.0965  24.6488  25
18.8  1  896.389  224.223  -42.4264  -12.753  20
18.8  2  407.716  297.388  -64.9519  0  12
18.9  0  1000.83  474.576  -41.0965  23.6678  25
18.9  1  892.146  222.849  -42.4264  -13.734  20
18.9  2  401.221  297.29  -64.9519  0  12
19  0  996.724  476.845  -41.0965  22.6868  25
19  1  887.904  221.378  -42.4264  -14.715  20
19  2  394.726  297.192  -64.9519  0  12
19.1  0  992.614  479.015  -41.0965  21.7058  25
19.1  1  883.661  219.808  -42.4264  -15.696  20
19.1  2  388.231  297.094  -64.9519  0  12
19.2  0  988.505  481.088  -41.0965  20.7248  25
19.2  1  879.418  218.14  -42.4264  -16.677  20
19.2  2  381.736  296.996  -64.9519  0  12
19.3  0  984.395  483.062  -41.0965  19.7438  25
19.3  1  875.176  216.375  -42.4264  -17.658  20
19.3  2  375.24  296.897  -64.9519  0  12
19.4  0  980.285  484.938  -41.0965  18.7628  25
19.4  1  870.933  214.511  -42.4264  -18.639  20
19.4  2  368.745  296.799  -64.9519  0  12
19.5  0  976.176  486.717  -41.0965  17.7818  25
19.5  1  866.69  212.549  -42.4264  -19.62  20
19.5  2  362.25  296.701  -64.9519  0  12
19.6  0  972.066  488.397  -41.0965  16.8008  25
19.6  1  862.448  210.489  -42.4264  -20.601  20
19.6  2  355.755  296.603  64.9519  -0.981  12
19.7  0  967.956  489.979  -41.0965  15.8198  25
19.7  1  858.205  208.33  -42.4264  -21.582  20
19.7  2  362.25  296.407  64.9519  1.3734  12
19.8  0  963.847  491.462  -41.0965  14.8388  25
19.8  1  853.963  206.074  -42.4264  -22.563  20
19.8  2  368.745  296.446  64.9519  0  12
19.9  0  959.737  492.848  -41.0965  13.8578  25
19.9  1  849.72  203.72  -42.4264  -23.544  20
19.9  2  375.24  296.348  64.9519  0  12
20  0  955.627  494.136  -41.0965  12.8768  25
20  1  845.477  201.267  -42.4264  -24.525  20
20  2  381.736  296.25  64.9519  0  12
20.1  0  951.518  495.325  -41.0965  11.8958  25
20.1  1  841.235  198.717  -42.4264  -25.506  20
20.1  2  388.231  296.152  64.9519  0  12
20.2  0  947.408  496.417  -41.0965  10.9148  25
20.2  1  836.992  196.068  -42.4264  -26.487  20
20.2  2  394.726  296.054  64.9519  0  12
20.3  0  943.298  497.41  -41.0965  9.9338  25
20.3  1  832.749  193.321  -42.4264  -27.468  20
20.3  2  401.221  295.956  64.9519  0  12
20.4  0  939.189  498.306  -41.0965  8.9528  25
20.4  1  828.507  190.476  -42.4264  -28.449  20
20.4  2  407.716  295.858  64.9519  0  12
20.5  0  935.079  499.103  -41.0965  7.9718  25
20.5  1  824.264  187.533  -42.4264  -29.43  20
20.5  2  414.212  295.759  64.9519  0  12
20.6  0  930.97  499.802  -41.0965  6.9908  25
20.6  1  820.021  184.492  -42.4264  -30.411  20
20.6  2  420.707  295.661  64.9519  0  12
20.7  0  926.86  500.403  -41.0965  6.0098  25
20.7  1  815.779  181.353  -42.4264  -31.392  20
20.7  2  427.202  295.563  64.9519  0  12
20.8  0  922.75  500.906  -41.0965  5.0288  25
20.8  1  811.536  178.116  -42.4264  -32.373  20
20.8  2  433.697  295.465  64.9519  0  12
20.9  0  918.641  501.311  -41.0965  4.0478  25
20.9  1  807.294  174.78  -42.4264  -33.354  20
20.9  2  440.192  295.367  64.9519  0  12
21  0  914.531  501.617  -41.0965  3.0668  25
21  1  803.051  171.347  -42.4264  -34.335  20
21  2  446.688  295.269  64.9519  0  12
21.1  0  910.421  501.826  -41.0965  2.0858  25
21.1  1  798.808  167.815  -42.4264  -35.316  20
21.1  2  453.183  295.171  64.9519  0  12
21.2  0  906.312  501.936  -41.0965  1.1048  25
21.2  1  794.566  164.185  -42.4264  -36.297  20
21.2  2  459.678  295.073  64.9519  0  12
21.3  0  902.202  501.949  -41.0965  0.123802  25
21.3  1  790.323  160.458  -42.4264  -37.278  20
21.3  2  466.173  294.975  -64.9519  -0.981  12
21.4  0  898.092  501.863  -41.0965  -0.857198  25
21.4  1  786.08  156.632  -42.4264  -38.259  20
21.4  2  459.678  294.778  -64.9519  1.3734  12
21.5  0  893.983  501.679  -41.0965  -1.8382  25
21.5  1  781.838  152.708  -42.4264  -39.24  20
21.5  2  453.183  294.818  -64.9519  0  12
21.6  0  889.873  501.397  -41.0965  -2.8192  25
21.6  1  777.595  148.686  -42.4264  -40.221  20
21.6  2  446.688  294.72  -64.9519  0  12
21.7  0  885.763  501.017  -41.0965  -3.8002  25
21.7  1  773.352  144.565  -42.4264  -41.202  20
21.7  2  440.192  294.622  -64.9519  0  12
21.8  0  881.654  500.539  -41.0965  -4.7812  25
21.8  1  769.11  140.347  -42.4264  -42.183  20
21.8  2  433.697  294.523  -64.9519  0  12
21.9  0  877.544  499.963  -41.0965  -5.7622  25
21.9  1  764.867  136.031  -42.4264  -43.164  20
21.9  2  427.202  294.425  -64.9519  0  12
22  0  873.434  499.289  -41.0965  -6.7432  25
22  1  760.624  131.616  -42.4264  -44.145  20
22  2  420.707  294.327  -64.9519  0  12
22.1  0  869.325  498.516  -41.0965  -7.7242  25
22.1  1  756.382  127.104  -42.4264  -45.126  20
22.1  2  414.212  294.229  -64.9519  0  12
22.2  0  865.215  497.646  -41.0965  -8.7052  25
22.2  1  752.139  122.493  -42.4264  -46.107  20
22.2  2  407.716  294.131  -64.9519  0  12
22.3  0  861.105  496.677  -41.0965  -9.6862  25
22.3  1  747.897  117.784  -42.4264  -47.088  20
22.3  2  401.221  294.033  -64.9519  0  12
22.4  0  856.996  495.61  -41.0965  -10.6672  25
22.4  1  743.654  112.977  -42.4264  -48.069  20
22.4  2  394.726  293.935  -64.9519  0  12
22.5  0  852.886  494.445  -41.0965  -11.6482  25
22.5  1  739.411  108.072  -42.4264  -49.05  20
22.5  2  388.231  293.837  -64.9519  0  12
22.6  0  848.777  493.182  -41.0965  -12.6292  25
22.6  1  735.169  103.069  -42.4264  -50.031  20
22.6  2  381.736  293.739  -64.9519  0  12
22.7  0  844.667  491.821  -41.0965  -13.6102  25
22.7  1  730.926  97.968  -42.4264  -51.012  20
22.7  2  375.24  293.641  -64.9519  0  12
22.8  0  840.557  490.362  -41.0965  -14.5912  25
22.8  1  726.683  92.7687  -42.4264  -51.993  20
22.8  2  368.745  293.542  -64.9519  0  12
22.9  0  836.448  488.805  -41.0965  -15.5722  25
22.9  1  722.441  87.4713  -42.4264  -52.974  20
22.9  2  362.25  293.444  -64.9519  0  12
23  0  832.338  487.15  -41.0965  -16.5532  25
23  1  718.198  82.0758  -42.4264  -53.955  20
23  2  355.755  293.346  -64.9519  0  12
23.1  0  828.228  485.396  -41.0965  -17.5342  25
23.1  1  713.955  76.5822  -42.4264  -54.936  20
23.1  2  349.26  293.248  64.9519  -0.981  12
23.2  0  824.119  483.545  -41.0965  -18.5152  25
23.2  1  709.713  70.9905  -42.4264  -55.917  20
23.2  2  355.755  293.052  64.9519  1.3734  12
23.3  0  820.009  481.595  -41.0965  -19.4962  25
23.3  1  705.47  65.3007  -42.4264  -56.898  20
23.3  2  362.25  293.091  64.9519  0  12
23.4  0  815.899  479.548  -41.0965  -20.4772  25
23.4  1  701.227  59.5128  -42.4264  -57.879  20
23.4  2  368.745  292.993  64.9519  0  12
23.5  0  811.79  477.402  -41.0965  -21.4582  25
23.5  1  696.985  53.6268  -42.4264  -58.86  20
23.5  2  375.24  292.895  64.9519  0  12
23.6  0  807.68  475.158  -41.0965  -22.4392  25
23.6  1  692.742  47.6427  -42.4264  -59.841  20
23.6  2  381.736  292.797  64.9519  0  12
23.7  0  803.57  472.816  -41.0965  -23.4202  25
23.7  1  688.5  41.5605  -42.4264  -60.822  20
23.7  2  388.231  292.699  64.9519  0  12
23.8  0  799.461  470.376  -41.0965  -24.4012  25
23.8  1  684.257  35.3802  -42.4264  -61.803  20
23.8  2  394.726  292.601  64.9519  0  12
23.9  0  795.351  467.837  -41.0965  -25.3822  25
23.9  1  680.014  29.1018  -42.4264  -62.784  20
23.9  2  401.221  292.503  64.9519  0  12
24  0  791.241  465.201  -41.0965  -26.3632  25
24  1  675.772  22.7253  -42.4264  -63.765  20
24  2  407.716  292.404  64.9519  0  12
24.1  0  787.132  462.467  -41.0965  -27.3442  25
24.1  1  671.529  16.2507  -42.4264  -64.746  20
24.1  2  414.212  292.306  64.9519  0  12
24.2  0  783.022  459.634  -41.0965  -28.3252  25
24.2  1  667.286  9.67798  -42.4264  -65.727  20
24.2  2  420.707  292.208  64.9519  0  12
24.3  0  778.912  456.704  -41.0965  -29.3062  25
24.3  1  663.044  3.00718  -42.4264  -66.708  20
24.3  2  427.202  292.11  64.9519  0  12
24.4  0  774.803  453.675  -41.0965  -30.2872  25
24.4  1  658.801  -3.76172  -42.4264  67.689  20
24.4  2  433.697  292.012  64.9519  0  12
24.5  0  770.693  450.548  -41.0965  -31.2682  25
24.5  1  654.558  2.90908  -42.4264  66.708  20
24.5  2  440.192  291.914  64.9519  0  12
24.6  0  766.584  447.323  -41.0965  -32.2492  25
24.6  1  650.316  9.48178  -42.4264  65.727  20
24.6  2  446.688  291.816  64.9519  0  12
24.7  0  762.474  444  -41.0965  -33.2302  25
24.7  1  646.073  15.9564  -42.4264  64.746  20
24.7  2  453.183  291.718  64.9519  0  12
24.8  0  758.364  440.579  -41.0965  -34.2112  25
24.8  1  641.831  22.3329  -42.4264  63.765  20
24.8  2  459.678  291.62  64.9519  0  12
24.9  0  754.255  437.06  -41.0965  -35.1922  25
24.9  1  637.588  28.6113  -42.4264  62.784  20
24.9  2  466.173  291.522  64.9519  0  12
25  0  750.145  433.442  -41.0965  -36.1732  25
25  1  633.345  34.7916  -42.4264  61.803  20
25  2  472.668  291.423  64.9519  0  12
25.1  0  746.035  429.727  -41.0965  -37.1542  25
25.1  1  629.103  40.8738  -42.4264  60.822  20
25.1  2  479.164  291.325  64.9519  0  12
25.2  0  741.926  425.913  -41.0965  -38.1352  25
25.2  1  624.86  46.8579  -42.4264  59.841  20
25.2  2  485.659  291.227  64.9519  -0.981  12
25.3  0  737.816  422.002  -41.0965  -39.1162  25
25.3  1  620.617  52.7439  -42.4264  58.86  20
25.3  2  492.154  291.031  64.9519  -1.962  12
25.4  0  733.706  417.992  -41.0965  -40.0972  25
25.4  1  616.375  58.5318  -42.4264  57.879  20
25.4  2  498.649  290.737  64.9519  -2.943  12
25.5  0  729.597  413.884  -41.0965  -41.0782  25
25.5  1  612.132  64.2216  -42.4264  56.898  20
25.5  2  505.144  290.344  64.9519  -3.924  12
25.6  0  725.487  409.678  -41.0965  -42.0592  25
25.6  1  607.889  69.8133  -42.4264  55.917  20
25.6  2  511.639  289.854  64.9519  -4.905  12
25.7  0  721.377  405.374  -41.0965  -43.0402  25
25.7  1  603.647  75.3069  -42.4264  54.936  20
25.7  2  518.135  289.265  64.9519  -5.886  12
25.8  0  717.268  400.972  -41.0965  -44.0212  25
25.8  1  599.404  80.7024  -42.4264  53.955  20
25.8  2  524.63  288.579  64.9519  -6.867  12
25.9  0  713.158  396.472  -41.0965  -45.0022  25
25.9  1  595.161  85.9998  -42.4264  52.974  20
25.9  2  531.125  287.794  64.9519  -7.848  12
26  0  709.048  391.874  -41.0965  -45.9832  25
26  1  590.919  91.1991  -42.4264  51.993  20
26  2  537.62  286.911  64.9519  -8.829  12
26.1  0  704.939  387.177  -41.0965  -46.9642  25
26.1  1  586.676  96.3003  -42.4264  51.012  20
26.1  2  544.115  285.93  64.9519  -9.81  12
26.2  0  700.829  382.383  -41.0965  -47.9452  25
26.2  1  582.434  101.303  -42.4264  50.031  20
26.2  2  550.611  284.851  64.9519  -10.791  12
26.3  0  696.719  377.49  -41.0965  -48.9262  25
26.3  1  578.191  106.208  -42.4264  49.05  20
26.3  2  557.106  283.674  64.9519  -11.772  12
26.4  0  692.61  372.499  -41.0965  -49.9072  25
26.4  1  573.948  111.015  -42.4264  48.069  20
26.4  2  563.601  282.398  64.9519  -12.753  12
26.5  0  688.5  367.411  -41.0965  -50.8882  25
26.5  1  569.706  115.724  -42.4264  47.088  20
26.5  2  570.096  281.025  64.9519  -13.734  12
26.6  0  684.391  362.224  -41.0965  -51.8692  25
26.6  1  565.463  120.335  -42.4264  46.107  20
26.6  2  576.591  279.553  64.9519  -14.715  12
26.7  0  680.281  356.939  -41.0965  -52.8502  25
26.7  1  561.22  124.847  -42.4264  45.126  20
26.7  2  583.087  277.984  64.9519  -15.696  12
26.8  0  676.171  351.556  -41.0965  -53.8312  25
26.8  1  556.978  129.262  -42.4264  44.145  20
26.8  2  589.582  276.316  64.9519  -16.677  12
26.9  0  672.062  346.074  -41.0965  -54.8122  25
26.9  1  552.735  133.578  -42.4264  43.164  20
26.9  2  596.077  274.55  64.9519  -17.658  12
27  0  667.952  340.495  -41.0965  -55.7932  25
27  1  548.492  137.797  -42.4264  42.183  20
27  2  602.572  272.686  64.9519  -18.639  12
27.1  0  663.842  334.818  -41.0965  -56.7742  25
27.1  1  544.25  141.917  -42.4264  41.202  20
27.1  2  609.067  270.724  64.9519  -19.62  12
27.2  0  659.733  329.042  -41.0965  -57.7552  25
27.2  1  540.007  145.939  -42.4264  40.221  20
27.2  2  615.563  268.664  64.9519  -20.601  12
27.3  0  655.623  323.168  -41.0965  -58.7362  25
27.3  1  535.765  149.863  -42.4264  39.24  20
27.3  2  622.058  266.506  64.9519  -21.582  12
27.4  0  651.513  317.197  -41.0965  -59.7172  25
27.4  1  531.522  153.689  -42.4264  38.259  20
27.4  2  628.553  264.25  64.9519  -22.563  12
27.5  0  647.404  311.127  -41.0965  -60.6982  25
27.5  1  527.279  157.417  -42.4264  37.278  20
27.5  2  635.048  261.895  64.9519  -23.544  12
27.6  0  643.294  304.959  -41.0965  -61.6792  25
27.6  1  523.037  161.046  -42.4264  36.297  20
27.6  2  641.543  259.443  64.9519  -24.525  12
27.7  0  639.184  298.693  -41.0965  -62.6602  25
27.7  1  518.794  164.578  -42.4264  35.316  20
27.7  2  648.038  256.892  64.9519  -25.506  12
27.8  0  635.075  292.329  -41.0965  -63.6412  25
27.8  1  514.551  168.011  -42.4264  34.335  20
27.8  2  654.534  254.244  64.9519  -26.487  12
27.9  0  630.965  285.867  -41.0965  -64.6222  25
27.9  1  510.309  171.347  -42.4264  33.354  20
27.9  2  661.029  251.497  64.9519  -27.468  12
28  0  626.855  279.306  -41.0965  -65.6032  25
28  1  506.066  174.584  -42.4264  32.373  20
28  2  667.524  248.652  64.9519  -28.449  12
28.1  0  622.746  272.648  -41.0965  -66.5842  25
28.1  1  501.823  177.723  -42.4264  31.392  20
28.1  2  674.019  245.709  64.9519  -29.43  12
28.2  0  618.636  265.891  -41.0965  -67.5652  25
28.2  1  497.581  180.764  -42.4264  30.411  20
28.2  2  680.514  242.668  64.9519  -30.411  12
28.3  0  614.526  259.037  -41.0965  -68.5462  25
28.3  1  493.338  183.707  -42.4264  29.43  20
28.3  2  687.01  239.529  64.9519  -31.392  12
28.4  0  610.417  252.084  -41.0965  -69.5272  25
28.4  1  489.095  186.552  -42.4264  28.449  20
28.4  2  693.505  236.291  64.9519  -32.373  12
28.5  0  606.307  245.033  -41.0965  -70.5082  25
28.5  1  484.853  189.299  -42.4264  27.468  20
28.5  2  700  232.956  64.9519  -33.354  12
28.6  0  602.197  237.884  -41.0965  -71.4892  25
28.6  1  480.61  191.948  -42.4264  26.487  20
28.6  2  706.495  229.522  64.9519  -34.335  12
28.7  0  598.088  230.637  -41.0965  -72.4702  25
28.7  1  476.368  194.498  -42.4264  25.506  20
28.7  2  712.99  225.991  64.9519  -35.316  12
28.8  0  593.978  223.292  -41.0965  -73.4512  25
28.8  1  472.125  196.951  -42.4264  24.525  20
28.8  2  719.486  222.361  64.9519  -36.297  12
28.9  0  589.869  215.849  -41.0965  -74.4322  25
28.9  1  467.882  199.305  -42.4264  23.544  20
28.9  2  725.981  218.633  64.9519  -37.278  12
29  0  585.759  208.308  -41.0965  -75.4132  25
29  1  463.64  201.562  -42.4264  22.563  20
29  2  732.476  214.807  64.9519  -38.259  12
29.1  0  581.649  200.668  -41.0965  -76.3942  25
29.1  1  459.397  203.72  -42.4264  21.582  20
29.1  2  738.971  210.883  64.9519  -39.24  12
29.2  0  577.54  192.931  -41.0965  -77.3752  25
29.2  1  455.154  205.78  -42.4264  20.601  20
29.2  2  745.466  206.861  64.9519  -40.221  12
29.3  0  573.43  185.095  -41.0965  -78.3562  25
29.3  1  450.912  207.742  -42.4264  19.62  20
29.3  2  751.962  202.741  64.9519  -41.202  12
29.4  0  569.32  177.161  -41.0965  -79.3372  25
29.4  1  446.669  209.606  -42.4264  18.639  20
29.4  2  758.457  198.523  64.9519  -42.183  12
29.5  0  565.211  169.13  -41.0965  -80.3182  25
29.5  1  442.426  211.372  -42.4264  17.658  20
29.5  2  764.952  194.206  64.9519  -43.164  12
29.6  0  561.101  161  -41.0965  -81.2992  25
29.6  1  438.184  213.039  -42.4264  16.677  20
29.6  2  771.447  189.792  64.9519  -44.145  12
29.7  0  556.991  152.772  -41.0965  -82.2802  25
29.7  1  433.941  214.609  -42.4264  15.696  20
29.7  2  777.942  185.279  64.9519  -45.126  12
29.8  0  552.882  144.445  -41.0965  -83.2612  25
29.8  1  429.698  216.08  -42.4264  14.715  20
29.8  2  784.437  180.669  64.9519  -46.107  12
29.9  0  548.772  136.021  -41.0965  -84.2422  25
29.9  1  425.456  217.454  -42.4264  13.734  20
29.9  2  790.933  175.96  64.9519  -47.088  12
30  0  544.662  127.499  -41.0965  -85.2232  25
30  1  421.213  218.729  -42.4264  12.753  20
30  2  797.428  171.153  64.9519  -48.069  12
30.1  0  540.553  118.879  -41.0965  -86.2042  25
30.1  1  416.971  219.906  -42.4264  11.772  20
30.1  2  803.923  166.248  64.9519  -49.05  12
30.2  0  536.443  110.16  -41.0965  -87.1852  25
30.2  1  412.728  220.985  -42.4264  10.791  20
30.2  2  810.418  161.245  64.9519  -50.031  12
30.3  0  532.333  101.343  -41.0965  -88.1662  25
30.3  1  408.485  221.966  -42.4264  9.81  20
30.3  2  816.913  156.144  64.9519  -51.012  12
30.4  0  528.224  92.4287  -41.0965  -89.1472  25
30.4  1  404.243  222.849  -42.4264  8.829  20
30.4  2  823.409  150.944  64.9519  -51.993  12
30.5  0  524.114  83.4158  -41.0965  -90.1282  25
30.5  1  400  223.634  -42.4264  7.848  20
30.5  2  829.904  145.647  64.9519  -52.974  12
30.6  0  520.004  74.3049  -41.0965  -91.1092  25
30.6  1  395.757  224.321  -42.4264  6.867  20
30.6  2  836.399  140.251  64.9519  -53.955  12
30.7  0  515.895  65.0959  -41.0965  -92.0902  25
30.7  1  391.515  224.909  -42.4264  5.886  20
30.7  2  842.894  134.758  64.9519  -54.936  12
30.8  0  511.785  55.7888  -41.0965  -93.0712  25
30.8  1  387.272  225.4  -42.4264  4.905  20
30.8  2  849.389  129.166  64.9519  -55.917  12
30.9  0  507.676  46.3836  -41.0965  -94.0522  25
30.9  1  383.029  225.792  -42.4264  3.924  20
30.9  2  855.885  123.476  64.9519  -56.898  12
31  0  503.566  36.8802  -41.0965  -95.0332  25
31  1  378.787  226.087  -42.4264  2.943  20
31  2  862.38  117.688  64.9519  -57.879  12
31.1  0  499.456  27.2788  -41.0965  -96.0142  25
31.1  1  374.544  226.283  -42.4264  1.962  20
31.1  2  868.875  111.802  64.9519  -58.86  12
31.2  0  495.347  17.5793  -41.0965  -96.9952  25
31.2  1  370.302  226.381  -42.4264  0.981  20
31.2  2  875.37  105.818  64.9519  -59.841  12
31.3  0  491.237  7.78167  -41.0965  -97.9762  25
31.3  1  366.059  226.381  -42.4264  1.11022e-15  20
31.3  2  881.865  99.7361  64.9519  -60.822  12
31.4  0  487.127  -2.11405  -41.0965  98.9572  25
31.4  1  361.816  226.283  -42.4264  -0.981  20
31.4  2  888.361  93.5558  64.9519  -61.803  12
31.5  0  483.018  7.68357  -41.0965  97.9762  25
31.5  1  357.574  226.087  -42.4264  -1.962  20
31.5  2  894.856  87.2774  64.9519  -62.784  12
31.6  0  478.908  17.3831  -41.0965  96.9952  25
31.6  1  353.331  225.792  -42.4264  -2.943  20
31.6  2  901.351  80.9009  64.9519  -63.765  12
31.7  0  474.798  26.9845  -41.0965  96.0142  25
31.7  1  349.088  225.4  -42.4264  -3.924  20
31.7  2  907.846  74.4263  64.9519  -64.746  12
31.8  0  470.689  36.4878  -41.0965  95.0332  25
31.8  1  344.846  224.909  -42.4264  -4.905  20
31.8  2  914.341  67.8536  64.9519  -65.727  12
31.9  0  466.579  45.8931  -41.0965  94.0522  25
31.9  1  340.603  224.321  -42.4264  -5.886  20
31.9  2  920.836  61.1828  64.9519  -66.708  12
32  0  462.469  55.2002  -41.0965  93.0712  25
32  1  336.36  223.634  -42.4264  -6.867  20
32  2  927.332  54.4139  64.9519  -67.689  12
32.1  0  458.36  64.4092  -41.0965  92.0902  25
32.1  1  332.118  222.849  -42.4264  -7.848  20
32.1  2  933.827  47.5469  64.9519  -68.67  12
32.2  0  454.25  73.5201  -41.0965  91.1092  25
32.2  1  327.875  221.966  -42.4264  -8.829  20
32.2  2  940.322  40.5818  64.9519  -69.651  12
32.3  0  450.14  82.5329  -41.0965  90.1282  25
32.3  1  323.632  220.985  -42.4264  -9.81  20
32.3  2  946.817  33.5186  64.9519  -70.632  12
32.4  0  446.031  91.4477  -41.0965  89.1472  25
32.4  1  319.39  219.906  -42.4264  -10.791  20
32.4  2  953.312  26.3573  64.9519  -71.613  12
32.5  0  441.921  100.264  -41.0965  88.1662  25
32.5  1  315.147  218.729  -42.4264  -11.772  20
32.5  2  959.808  19.0979  64.9519  -72.594  12
32.6  0  437.811  108.983  -41.0965  87.1852  25
32.6  1  310.905  217.454  -42.4264  -12.753  20
32.6  2  966.303  11.7404  64.9519  -73.575  12
32.7  0  433.702  117.603  -41.0965  86.2042  25
32.7  1  306.662  216.08  -42.4264  -13.734  20
32.7  2  972.798  4.28477  64.9519  -74.556  12
32.8  0  429.592  126.126  -41.0965  85.2232  25
32.8  1  302.419  214.609  -42.4264  -14.715  20
32.8  2  979.293  -3.26893  64.9519  75.537  12
32.9  0  425.483  134.55  -41.0965  84.2422  25
32.9  1  298.177  213.039  -42.4264  -15.696  20
32.9  2  985.788  4.18667  64.9519  74.556  12
33  0  421.373  142.876  -41.0965  83.2612  25
33  1  293.934  211.372  -42.4264  -16.677  20
33  2  992.284  11.5442  64.9519  73.575  12
33.1  0  417.263  151.104  -41.0965  82.2802  25
33.1  1  289.691  209.606  -42.4264  -17.658  20
33.1  2  998.779  18.8036  64.9519  72.594  12
33.2  0  413.154  159.234  -41.0965  81.2992  25
33.2  1  285.449  207.742  -42.4264  -18.639  20
33.2  2  1005.27  25.9649  -64.9519  71.613  12
33.3  0  409.044  167.266  -41.0965  80.3182  25
33.3  1  281.206  205.78  -42.4264  -19.62  20
33.3  2  998.779  33.0281  -64.9519  70.632  12
33.4  0  404.934  175.199  -41.0965  79.3372  25
33.4  1  276.963  203.72  -42.4264  -20.601  20
33.4  2  992.284  39.9932  -64.9519  69.651  12
33.5  0  400.825  183.035  -41.0965  78.3562  25
33.5  1  272.721  201.562  -42.4264  -21.582  20
33.5  2  985.788  46.8602  -64.9519  68.67  12
33.6  0  396.715  190.772  -41.0965  77.3752  25
33.6  1  268.478  199.305  -42.4264  -22.563  20
33.6  2  979.293  53.6291  -64.9519  67.689  12
33.7  0  392.605  198.412  -41.0965  76.3942  25
33.7  1  264.235  196.951  -42.4264  -23.544  20
33.7  2  972.798  60.2999  -64.9519  66.708  12
33.8  0  388.496  205.953  -41.0965  75.4132  25
33.8  1  259.993  194.498  -42.4264  -24.525  20
33.8  2  966.303  66.8726  -64.9519  65.727  12
33.9  0  384.386  213.396  -41.0965  74.4322  25
33.9  1  255.75  191.948  -42.4264  -25.506  20
33.9  2  959.808  73.3472  -64.9519  64.746  12
34  0  380.276  220.742  -41.0965  73.4512  25
34  1  251.508  189.299  -42.4264  -26.487  20
34  2  953.312  79.7237  -64.9519  63.765  12
34.1  0  376.167  227.989  -41.0965  72.4702  25
34.1  1  247.265  186.552  -42.4264  -27.468  20
34.1  2  946.817  86.0021  -64.9519  62.784  12
34.2  0  372.057  235.138  -41.0965  71.4892  25
34.2  1  243.022  183.707  -42.4264  -28.449  20
34.2  2  940.322  92.1824  -64.9519  61.803  12
34.3  0  367.947  242.188  -41.0965  70.5082  25
34.3  1  238.78  180.764  -42.4264  -29.43  20
34.3  2  933.827  98.2646  -64.9519  60.822  12
34.4  0  363.838  249.141  -41.0965  -48.669  25
34.4  1  234.537  177.723  -42.4264  -30.411  20
34.4  2  927.332  104.249  -64.9519  59.841  12
34.5  0  359.728  244.176  -41.0965  -49.65  25
34.5  1  230.294  174.584  -42.4264  -31.392  20
34.5  2  920.836  110.135  -64.9519  58.86  12
34.6  0  355.618  239.113  -41.0965  -50.631  25
34.6  1  226.052  171.347  -42.4264  -32.373  20
34.6  2  914.341  115.923  -64.9519  57.879  12
34.7  0  351.509  233.952  -41.0965  -51.612  25
34.7  1  221.809  168.011  -42.4264  -33.354  20
34.7  2  907.846  121.612  -64.9519  56.898  12
34.8  0  347.399  228.692  -41.0965  -52.593  25
34.8  1  217.566  164.578  -42.4264  -34.335  20
34.8  2  901.351  127.204  -64.9519  55.917  12
34.9  0  343.29  223.335  -41.0965  -53.574  25
34.9  1  213.324  161.046  -42.4264  -35.316  20
34.9  2  894.856  132.698  -64.9519  54.936  12
35  0  339.18  217.88  -41.0965  -54.555  25
35  1  209.081  157.417  -42.4264  -36.297  20
35  2  888.361  138.093  -64.9519  53.955  12
35.1  0  335.07  212.326  -41.0965  -55.536  25
35.1  1  204.839  153.689  -42.4264  -37.278  20
35.1  2  881.865  143.391  -64.9519  52.974  12
35.2  0  330.961  206.674  -41.0965  -56.517  25
35.2  1  200.596  149.863  -42.4264  -38.259  20
35.2  2  875.37  148.59  -64.9519  51.993  12
35.3  0  326.851  200.924  -41.0965  -57.498  25
35.3  1  196.353  145.939  -42.4264  -39.24  20
35.3  2  868.875  153.691  -64.9519  51.012  12
35.4  0  322.741  195.077  -41.0965  -58.479  25
35.4  1  192.111  141.917  -42.4264  -40.221  20
35.4  2  862.38  158.694  -64.9519  50.031  12
35.5  0  318.632  189.131  -41.0965  -59.46  25
35.5  1  187.868  137.797  -42.4264  -41.202  20
35.5  2  855.885  163.599  -64.9519  49.05  12
35.6  0  314.522  183.086  -41.0965  -60.441  25
35.6  1  183.625  133.578  -42.4264  -42.183  20
35.6  2  849.389  168.406  -64.9519  48.069  12
35.7  0  310.412  176.944  -41.0965  -61.422  25
35.7  1  179.383  129.262  -42.4264  -43.164  20
35.7  2  842.894  173.115  -64.9519  47.088  12
35.8  0  306.303  170.704  -41.0965  -62.403  25
35.8  1  175.14  124.847  -42.4264  -44.145  20
35.8  2  836.399  177.726  -64.9519  46.107  12
35.9  0  302.193  164.365  -41.0965  -63.384  25
35.9  1  170.897  120.335  -42.4264  -45.126  20
35.9  2  829.904  182.238  -64.9519  45.126  12
36  0  298.083  157.929  -41.0965  -64.365  25
36  1  166.655  115.724  -42.4264  -46.107  20
36  2  823.409  186.653  -64.9519  44.145  12
36.1  0  293.974  151.394  -41.0965  -65.346  25
36.1  1  162.412  111.015  -42.4264  -47.088  20
36.1  2  816.913  190.969  -64.9519  43.164  12
36.2  0  289.864  144.762  -41.0965  -66.327  25
36.2  1  158.169  106.208  -42.4264  -48.069  20
36.2  2  810.418  195.187  -64.9519  42.183  12
36.3  0  285.754  138.031  -41.0965  -67.308  25
36.3  1  153.927  101.303  -42.4264  -49.05  20
36.3  2  803.923  199.308  -64.9519  41.202  12
36.4  0  281.645  131.202  -41.0965  -68.289  25
36.4  1  149.684  96.3003  -42.4264  -50.031  20
36.4  2  797.428  203.33  -64.9519  40.221  12
36.5  0  277.535  124.275  -41.0965  -69.27  25
36.5  1  145.442  91.1991  -42.4264  -51.012  20
36.5  2  790.933  207.254  -64.9519  39.24  12
36.6  0  273.425  117.25  -41.0965  -70.251  25
36.6  1  141.199  85.9998  -42.4264  -51.993  20
36.6  2  784.437  211.08  -64.9519  38.259  12
36.7  0  269.316  110.127  -41.0965  -71.232  25
36.7  1  136.956  80.7024  -42.4264  -52.974  20
36.7  2  777.942  214.807  -64.9519  37.278  12
36.8  0  265.206  102.905  -41.0965  -72.213  25
36.8  1  132.714  75.3069  -42.4264  -53.955  20
36.8  2  771.447  218.437  -64.9519  36.297  12
36.9  0  261.097  95.586  -41.0965  -73.194  25
36.9  1  128.471  69.8133  -42.4264  -54.936  20
36.9  2  764.952  221.969  -64.9519  35.316  12
37  0  256.987  88.1684  -41.0965  -74.175  25
37  1  124.228  64.2216  -42.4264  -55.917  20
37  2  758.457  225.402  -64.9519  34.335  12
37.1  0  252.877  80.6528  -41.0965  -75.156  25
37.1  1  119.986  58.5318  -42.4264  -56.898  20
37.1  2  751.962  228.738  -64.9519  33.354  12
37.2  0  248.768  73.0391  -41.0965  -76.137  25
37.2  1  115.743  52.7439  -42.4264  -57.879  20
37.2  2  745.466  231.975  -64.9519  32.373  12
37.3  0  244.658  65.3273  -41.0965  -77.118  25
37.3  1  111.5  46.8579  -42.4264  -58.86  20
37.3  2  738.971  235.114  -64.9519  31.392  12
37.4  0  240.548  57.5174  -41.0965  -78.099  25
37.4  1  107.258  40.8738  -42.4264  -59.841  20
37.4  2  732.476  238.155  -64.9519  30.411  12
37.5  0  236.439  49.6094  -41.0965  -79.08  25
37.5  1  103.015  34.7916  -42.4264  -60.822  20
37.5  2  725.981  241.098  -64.9519  29.43  12
37.6  0  232.329  41.6033  -41.0965  -80.061  25
37.6  1  98.7725  28.6113  -42.4264  -61.803  20
37.6  2  719.486  243.943  -64.9519  28.449  12
37.7  0  228.219  33.4991  -41.0965  -81.042  25
37.7  1  94.5299  22.3329  -42.4264  -62.784  20
37.7  2  712.99  246.69  -64.9519  27.468  12
37.8  0  224.11  25.2968  -41.0965  -82.023  25
37.8  1  90.2872  15.9564  -42.4264  -63.765  20
37.8  2  706.495  249.339  -64.9519  26.487  12
37.9  0  220  16.9964  -41.0965  -83.004  25
37.9  1  86.0446  9.48178  -42.4264  -64.746  20
37.9  2  700  251.889  -64.9519  25.506  12
38  0  215.89  8.59791  -41.0965  -83.985  25
38  1  81.8019  2.90908  -42.4264  -65.727  20
38  2  693.505  254.342  -64.9519  24.525  12
38.1  0  211.781  0.101304  -41.0965  -84.966  25
38.1  1  77.5593  -3.76172  -42.4264  66.708  20
38.1  2  687.01  256.696  -64.9519  23.544  12
38.2  0  207.671  -8.4934  -41.0965  85.947  25
38.2  1  73.3167  2.81098  -42.4264  65.727  20
38.2  2  680.514  258.952  -64.9519  22.563  12
38.3  0  203.561  0.00320394  -41.0965  84.966  25
38.3  1  69.074  9.28558  -42.4264  64.746  20
38.3  2  674.019  261.111  -64.9519  21.582  12
38.4  0  199.452  8.40171  -41.0965  83.985  25
38.4  1  64.8314  15.6621  -42.4264  63.765  20
38.4  2  667.524  263.171  -64.9519  20.601  12
38.5  0  195.342  16.7021  -41.0965  83.004  25
38.5  1  60.5887  21.9405  -42.4264  62.784  20
38.5  2  661.029  265.133  -64.9519  19.62  12
38.6  0  191.232  24.9044  -41.0965  82.023  25
38.6  1  56.3461  28.1208  -42.4264  61.803  20
38.6  2  654.534  266.997  -64.9519  18.639  12
38.7  0  187.123  33.0086  -41.0965  81.042  25
38.7  1  52.1035  34.203  -42.4264  60.822  20
38.7  2  648.038  268.762  -64.9519  17.658  12
38.8  0  183.013  41.0147  -41.0965  80.061  25
38.8  1  47.8608  40.1871  -42.4264  59.841  20
38.8  2  641.543  270.43  -64.9519  16.677  12
38.9  0  178.903  48.9227  -41.0965  79.08  25
38.9  1  43.6182  46.0731  -42.4264  58.86  20
38.9  2  635.048  272  -64.9519  15.696  12
39  0  174.794  56.7326  -41.0965  78.099  25
39  1  39.3755  51.861  -42.4264  57.879  20
39  2  628.553  273.471  -64.9519  14.715  12
39.1  0  170.684  64.4444  -41.0965  77.118  25
39.1  1  35.1329  57.5508  -42.4264  56.898  20
39.1  2  622.058  274.845  -64.9519  13.734  12
39.2  0  166.575  72.0581  -41.0965  76.137  25
39.2  1  30.8903  63.1425  -42.4264  55.917  20
39.2  2  615.563  276.12  -64.9519  12.753  12
39.3  0  162.465  79.5737  -41.0965  75.156  25
39.3  1  26.6476  68.6361  -42.4264  54.936  20
39.3  2  609.067  277.297  -64.9519  11.772  12
39.4  0  158.355  86.9912  -41.0965  74.175  25
39.4  1  22.405  74.0316  -42.4264  53.955  20
39.4  2  602.572  278.376  -64.9519  10.791  12
39.5  0  154.246  94.3107  -41.0965  73.194  25
39.5  1  18.1623  79.329  -42.4264  52.974  20
39.5  2  596.077  279.357  -64.9519  9.81  12
39.6  0  150.136  101.532  -41.0965  72.213  25
39.6  1  13.9197  84.5283  -42.4264  51.993  20
39.6  2  589.582  280.24  -64.9519  8.829  12
39.7  0  146.026  108.655  -41.0965  71.232  25
39.7  1  9.67706  89.6295  -42.4264  51.012  20
39.7  2  583.087  281.025  -64.9519  7.848  12
39.8  0  141.917  115.68  -41.0965  70.251  25
39.8  1  5.43442  94.6326  -42.4264  50.031  20
39.8  2  576.591  281.712  -64.9519  6.867  12
39.9  0  137.807  122.607  -41.0965  69.27  25
39.9  1  1.19178  99.5376  -42.4264  49.05  20
39.9  2  570.096  282.3  -64.9519  5.886  12
40  0  133.697  129.436  -41.0965  68.289  25
40  1  -3.05087  104.344  42.4264  48.069  20
40  2  563.601  282.791  -64.9519  4.905  12
40.1  0  129.588  136.167  -41.0965  67.308  25
40.1  1  1.19178  109.053  42.4264  47.088  20
40.1  2  557.106  283.183  -64.9519  3.924  12
40.2  0  125.478  142.8  -41.0965  66.327  25
40.2  1  5.43442  113.664  42.4264  46.107  20
40.2  2  550.611  283.477  -64.9519  2.943  12
40.3  0  121.368  149.334  -41.0965  65.346  25
40.3  1  9.67706  118.177  42.4264  45.126  20
40.3  2  544.115  283.674  -64.9519  1.962  12
40.4  0  117.259  155.771  -41.0965  64.365  25
40.4  1  13.9197  122.591  42.4264  44.145  20
40.4  2  537.62  283.772  -64.9519  0.981  12
40.5  0  113.149  162.109  -41.0965  63.384  25
40.5  1  18.1623  126.907  42.4264  43.164  20
40.5  2  531.125  283.772  -64.9519  1.11022e-15  12
40.6  0  109.039  168.349  -41.0965  62.403  25
40.6  1  22.405  131.126  42.4264  42.183  20
40.6  2  524.63  283.674  -64.9519  -0.981  12
40.7  0  104.93  174.492  -41.0965  61.422  25
40.7  1  26.6476  135.246  42.4264  41.202  20
40.7  2  518.135  283.477  -64.9519  -1.962  12
40.8  0  100.82  180.536  -41.0965  60.441  25
40.8  1  30.8903  139.268  42.4264  40.221  20
40.8  2  511.639  283.183  -64.9519  -2.943  12
40.9  0  96.7105  186.482  -41.0965  59.46  25
40.9  1  35.1329  143.192  42.4264  39.24  20
40.9  2  505.144  282.791  -64.9519  -3.924  12
41  0  92.6008  192.33  -41.0965  58.479  25
41  1  39.3755  147.018  42.4264  38.259  20
41  2  498.649  282.3  -64.9519  -4.905  12
41.1  0  88.4912  198.08  -41.0965  57.498  25
41.1  1  43.6182  150.746  42.4264  37.278  20
41.1  2  492.154  281.712  -64.9519  -5.886  12
41.2  0  84.3815  203.731  -41.0965  56.517  25
41.2  1  47.8608  154.375  42.4264  36.297  20
41.2  2  485.659  281.025  -64.9519  -6.867  12
41.3  0  80.2719  209.285  -41.0965  55.536  25
41.3  1  52.1035  157.907  42.4264  35.316  20
41.3  2  479.164  280.24  64.9519  -7.848  12
41.4  0  76.1622  214.74  -41.0965  54.555  25
41.4  1  56.3461  161.341  42.4264  34.335  20
41.4  2  485.659  279.357  64.9519  -8.829  12
41.5  0  72.0526  220.098  -41.0965  53.574  25
41.5  1  60.5887  164.676  42.4264  33.354  20
41.5  2  492.154  278.376  64.9519  -9.81  12
41.6  0  67.9429  225.357  -41.0965  52.593  25
41.6  1  64.8314  167.913  42.4264  32.373  20
41.6  2  498.649  277.297  64.9519  -10.791  12
41.7  0  63.8333  230.518  -41.0965  51.612  25
41.7  1  69.074  171.052  42.4264  31.392  20
41.7  2  505.144  276.12  64.9519  -11.772  12
41.8  0  59.7236  235.581  -41.0965  50.631  25
41.8  1  73.3167  174.094  42.4264  30.411  20
41.8  2  511.639  274.845  64.9519  -12.753  12
41.9  0  55.614  240.546  -41.0965  49.65  25
41.9  1  77.5593  177.037  42.4264  29.43  20
41.9  2  518.135  273.471  64.9519  -13.734  12
42  0  51.5043  245.413  -41.0965  48.669  25
42  1  81.8019  179.881  42.4264  28.449  20
42  2  524.63  272  64.9519  -14.715  12
42.1  0  47.3947  250.182  -41.0965  47.688  25
42.1  1  86.0446  182.628  42.4264  27.468  20
42.1  2  531.125  270.43  64.9519  -15.696  12
42.2  0  43.285  254.853  -41.0965  46.707  25
42.2  1  90.2872  185.277  42.4264  26.487  20
42.2  2  537.62  268.762  64.9519  -16.677  12
42.3  0  39.1754  259.425  -41.0965  45.726  25
42.3  1  94.5299  187.828  42.4264  25.506  20
42.3  2  544.115  266.997  64.9519  -17.658  12
42.4  0  35.0657  263.9  -41.0965  44.745  25
42.4  1  98.7725  190.28  42.4264  24.525  20
42.4  2  550.611  265.133  64.9519  -18.639  12
42.5  0  30.9561  268.276  -41.0965  43.764  25
42.5  1  103.015  192.634  42.4264  23.544  20
42.5  2  557.106  263.171  64.9519  -19.62  12
42.6  0  26.8464  272.555  -41.0965  42.783  25
42.6  1  107.258  194.891  42.4264  22.563  20
42.6  2  563.601  261.111  64.9519  -20.601  12
42.7  0  22.7368  276.735  -41.0965  41.802  25
42.7  1  111.5  197.049  42.4264  21.582  20
42.7  2  570.096  258.952  64.9519  -21.582  12
42.8  0  18.6271  280.817  -41.0965  40.821  25
42.8  1  115.743  199.109  42.4264  20.601  20
42.8  2  576.591  256.696  64.9519  -22.563  12
42.9  0  14.5175  284.801  -41.0965  39.84  25
42.9  1  119.986  201.071  42.4264  19.62  20
42.9  2  583.087  254.342  64.9519  -23.544  12
43  0  10.4078  288.687  -41.0965  38.859  25
43  1  124.228  202.935  42.4264  18.639  20
43  2  589.582  251.889  64.9519  -24.525  12
43.1  0  6.29818  292.475  -41.0965  37.878  25
43.1  1  128.471  204.701  42.4264  17.658  20
43.1  2  596.077  249.339  64.9519  -25.506  12
43.2  0  2.18852  296.164  -41.0965  36.897  25
43.2  1  132.714  206.368  42.4264  16.677  20
43.2  2  602.572  246.69  64.9519  -26.487  12
43.3  0  -1.92113  299.756  41.0965  35.916  25
43.3  1  136.956  207.938  42.4264  15.696  20
43.3  2  609.067  243.943  64.9519  -27.468  12
43.4  0  2.18852  303.249  41.0965  34.935  25
43.4  1  141.199  209.41  42.4264  14.715  20
43.4  2  615.563  241.098  64.9519  -28.449  12
43.5  0  6.29818  306.645  41.0965  33.954  25
43.5  1  145.442  210.783  42.4264  13.734  20
43.5  2  622.058  238.155  64.9519  -29.43  12
43.6  0  10.4078  309.942  41.0965  32.973  25
43.6  1  149.684  212.058  42.4264  12.753  20
43.6  2  628.553  235.114  64.9519  -30.411  12
43.7  0  14.5175  313.141  41.0965  31.992  25
43.7  1  153.927  213.235  42.4264  11.772  20
43.7  2  635.048  231.975  64.9519  -31.392  12
43.8  0  18.6271  316.242  41.0965  31.011  25
43.8  1  158.169  214.315  42.4264  10.791  20
43.8  2  641.543  228.738  64.9519  -32.373  12
43.9  0  22.7368  319.245  41.0965  30.03  25
43.9  1  162.412  215.296  42.4264  9.81  20
43.9  2  648.038  225.402  64.9519  -33.354  12
44  0  26.8464  322.15  41.0965  29.049  25
44  1  166.655  216.178  42.4264  8.829  20
44  2  654.534  221.969  64.9519  -34.335  12
44.1  0  30.9561  324.957  41.0965  28.068  25
44.1  1  170.897  216.963  42.4264  7.848  20
44.1  2  661.029  218.437  64.9519  -35.316  12
44.2  0  35.0657  327.666  41.0965  27.087  25
44.2  1  175.14  217.65  42.4264  6.867  20
44.2  2  667.524  214.807  64.9519  -36.297  12
44.3  0  39.1754  330.276  41.0965  26.106  25
44.3  1  179.383  218.239  42.4264  5.886  20
44.3  2  674.019  211.08  64.9519  -37.278  12
44.4  0  43.285  332.789  41.0965  25.125  25
44.4  1  183.625  218.729  42.4264  4.905  20
44.4  2  680.514  207.254  64.9519  -38.259  12
44.5  0  47.3947  335.203  41.0965  24.144  25
44.5  1  187.868  219.121  42.4264  3.924  20
44.5  2  687.01  203.33  64.9519  -39.24  12
44.6  0  51.5043  337.52  41.0965  23.163  25
44.6  1  192.111  219.416  42.4264  2.943  20
44.6  2  693.505  199.308  64.9519  -40.221  12
44.7  0  55.614  339.738  41.0965  22.182  25
44.7  1  196.353  219.612  42.4264  1.962  20
44.7  2  700  195.187  64.9519  -41.202  12
44.8  0  59.7236  341.858  41.0965  21.201  25
44.8  1  200.596  219.71  42.4264  0.981  20
44.8  2  706.495  190.969  64.9519  -42.183  12
44.9  0  63.8333  343.88  41.0965  20.22  25
44.9  1  204.839  219.71  42.4264  1.11022e-15  20
44.9  2  712.99  186.653  64.9519  -43.164  12
45  0  67.9429  345.804  41.0965  19.239  25
45  1  209.081  219.612  42.4264  -0.981  20
45  2  719.486  182.238  64.9519  -44.145  12
45.1  0  72.0526  347.63  41.0965  18.258  25
45.1  1  213.324  219.416  42.4264  -1.962  20
45.1  2  725.981  177.726  64.9519  -45.126  12
45.2  0  76.1622  349.357  41.0965  17.277  25
45.2  1  217.566  219.121  42.4264  -2.943  20
45.2  2  732.476  173.115  64.9519  -46.107  12
45.3  0  80.2719  350.987  41.0965  16.296  25
45.3  1  221.809  218.729  42.4264  -3.924  20
45.3  2  738.971  168.406  64.9519  -47.088  12
45.4  0  84.3815  352.518  41.0965  15.315  25
45.4  1  226.052  218.239  42.4264  -4.905  20
45.4  2  745.466  163.599  64.9519  -48.069  12
45.5  0  88.4912  353.952  41.0965  14.334  25
45.5  1  230.294  217.65  42.4264  -5.886  20
45.5  2  751.962  158.694  64.9519  -49.05  12
45.6  0  92.6008  355.287  41.0965  13.353  25
45.6  1  234.537  216.963  42.4264  -6.867  20
45.6  2  758.457  153.691  64.9519  -50.031  12
45.7  0  96.7105  356.524  41.0965  12.372  25
45.7  1  238.78  216.178  42.4264  -7.848  20
45.7  2  764.952  148.59  64.9519  -51.012  12
45.8  0  100.82  357.663  41.0965  11.391  25
45.8  1  243.022  215.296  42.4264  -8.829  20
45.8  2  771.447  143.391  64.9519  -51.993  12
45.9  0  104.93  358.704  41.0965  10.41  25
45.9  1  247.265  214.315  42.4264  -9.81  20
45.9  2  777.942  138.093  64.9519  -52.974  12
46  0  109.039  359.647  41.0965  9.42904  25
46  1  251.508  213.235  42.4264  -10.791  20
46  2  784.437  132.698  64.9519  -53.955  12
46.1  0  113.149  360.492  41.0965  8.44804  25
46.1  1  255.75  212.058  42.4264  -11.772  20
46.1  2  790.933  127.204  64.9519  -54.936  12
46.2  0  117.259  361.239  41.0965  7.46704  25
46.2  1  259.993  210.783  42.4264  -12.753  20
46.2  2  797.428  121.612  64.9519  -55.917  12
46.3  0  121.368  361.888  41.0965  6.48604  25
46.3  1  264.235  209.41  42.4264  -13.734  20
46.3  2  803.923  115.923  64.9519  -56.898  12
46.4  0  125.478  362.438  41.0965  5.50504  25
46.4  1  268.478  207.938  42.4264  -14.715  20
46.4  2  810.418  110.135  64.9519  -57.879  12
46.5  0  129.588  362.89  41.0965  4.52404  25
46.5  1  272.721  206.368  42.4264  -15.696  20
46.5  2  816.913  104.249  64.9519  -58.86  12
46.6  0  133.697  363.245  41.0965  3.54304  25
46.6  1  276.963  204.701  42.4264  -16.677  20
46.6  2  823.409  98.2646  64.9519  -59.841  12
46.7  0  137.807  363.501  41.0965  2.56204  25
46.7  1  281.206  202.935  42.4264  -17.658  20
46.7  2  829.904  92.1824  64.9519  -60.822  12
46.8  0  141.917  363.659  41.0965  1.58104  25
46.8  1  285.449  201.071  42.4264  -18.639  20
46.8  2  836.399  86.0021  64.9519  -61.803  12
46.9  0  146.026  363.719  41.0965  0.600039  25
46.9  1  289.691  199.109  42.4264  -19.62  20
46.9  2  842.894  79.7237  64.9519  -62.784  12
47  0  150.136  363.681  41.0965  -0.380961  25
47  1  293.934  197.049  42.4264  -20.601  20
47  2  849.389  73.3472  64.9519  -63.765  12
47.1  0  154.246  363.545  41.0965  -1.36196  25
47.1  1  298.177  194.891  42.4264  -21.582  20
47.1  2  855.885  66.8726  64.9519  -64.746  12
47.2  0  158.355  363.31  41.0965  -2.34296  25
47.2  1  302.419  192.634  42.4264  -22.563  20
47.2  2  862.38  60.2999  64.9519  -65.727  12
47.3  0  162.465  362.978  41.0965  -3.32396  25
47.3  1  306.662  190.28  42.4264  -23.544  20
47.3  2  868.875  53.6291  64.9519  -66.708  12
47.4  0  166.575  362.548  41.0965  -4.30496  25
47.4  1  310.905  187.828  42.4264  -24.525  20
47.4  2  875.37  46.8602  64.9519  -67.689  12
47.5  0  170.684  362.019  41.0965  -5.28596  25
47.5  1  315.147  185.277  42.4264  -25.506  20
47.5  2  881.865  39.9932  64.9519  -68.67  12
47.6  0  174.794  361.392  41.0965  -6.26696  25
47.6  1  319.39  182.628  42.4264  -26.487  20
47.6  2  888.361  33.0281  64.9519  -69.651  12
47.7  0  178.903  360.667  41.0965  -7.24796  25
47.7  1  323.632  179.881  42.4264  -27.468  20
47.7  2  894.856  25.9649  64.9519  -70.632  12
47.8  0  183.013  359.845  41.0965  -8.22896  25
47.8  1  327.875  177.037  42.4264  -28.449  20
47.8  2  901.351  18.8036  64.9519  -71.613  12
47.9  0  187.123  358.924  41.0965  -9.20996  25
47.9  1  332.118  174.094  42.4264  -29.43  20
47.9  2  907.846  11.5442  64.9519  -72.594  12
48  0  191.232  357.904  41.0965  -10.191  25
48  1  336.36  171.052  42.4264  -30.411  20
48  2  914.341  4.18667  64.9519  -73.575  12
48.1  0  195.342  356.787  41.0965  -11.172  25
48.1  1  340.603  167.913  42.4264  -31.392  20
48.1  2  920.836  -3.26893  64.9519  74.556  12
48.2  0  199.452  355.572  41.0965  -12.153  25
48.2  1  344.846  164.676  42.4264  -32.373  20
48.2  2  927.332  4.08857  64.9519  73.575  12
48.3  0  203.561  354.259  41.0965  -13.134  25
48.3  1  349.088  161.341  42.4264  -33.354  20
48.3  2  933.827  11.348  64.9519  72.594  12
48.4  0  207.671  352.847  41.0965  -14.115  25
48.4  1  353.331  157.907  42.4264  -34.335  20
48.4  2  940.322  18.5093  64.9519  71.613  12
48.5  0  211.781  351.338  41.0965  -15.096  25
48.5  1  357.574  154.375  42.4264  -35.316  20
48.5  2  946.817  25.5725  64.9519  70.632  12
48.6  0  215.89  349.73  41.0965  -16.077  25
48.6  1  361.816  150.746  42.4264  -36.297  20
48.6  2  953.312  32.5376  64.9519  69.651  12
48.7  0  220  348.024  41.0965  -17.058  25
48.7  1  366.059  147.018  42.4264  -37.278  20
48.7  2  959.808  39.4046  64.9519  68.67  12
48.8  0  224.11  346.22  41.0965  -18.039  25
48.8  1  370.302  143.192  42.4264  -38.259  20
48.8  2  966.303  46.1735  64.9519  67.689  12
48.9  0  228.219  344.318  41.0965  -19.02  25
48.9  1  374.544  139.268  42.4264  -39.24  20
48.9  2  972.798  52.8443  64.9519  66.708  12
49  0  232.329  342.318  41.0965  -20.001  25
49  1  378.787  135.246  42.4264  -40.221  20
49  2  979.293  59.417  64.9519  65.727  12
49.1  0  236.439  340.22  41.0965  -20.982  25
49.1  1  383.029  131.126  42.4264  -41.202  20
49.1  2  985.788  65.8916  64.9519  64.746  12
49.2  0  240.548  338.024  41.0965  -21.963  25
49.2  1  387.272  126.907  42.4264  -42.183  20
49.2  2  992.284  72.2681  64.9519  63.765  12
49.3  0  244.658  335.729  41.0965  -22.944  25
49.3  1  391.515  122.591  42.4264  -43.164  20
49.3  2  998.779  78.5465  64.9519  62.784  12
49.4  0  248.768  333.337  41.0965  -23.925  25
49.4  1  395.757  118.177  42.4264  -44.145  20
49.4  2  1005.27  84.7268  -64.9519  61.803  12
49.5  0  252.877  330.846  41.0965  -24.906  25
49.5  1  400  113.664  42.4264  -45.126  20
49.5  2  998.779  90.809  -64.9519  60.822  12
49.6  0  256.987  328.257  41.0965  -25.887  25
49.6  1  404.243  109.053  42.4264  -46.107  20
49.6  2  992.284  96.7931  -64.9519  59.841  12
49.7  0  261.097  325.571  41.0965  -26.868  25
49.7  1  408.485  104.344  42.4264  -47.088  20
49.7  2  985.788  102.679  -64.9519  58.86  12
49.8  0  265.206  322.786  41.0965  -27.849  25
49.8  1  412.728  99.5376  42.4264  -48.069  20
49.8  2  979.293  108.467  -64.9519  57.879  12
49.9  0  269.316  319.903  41.0965  -28.83  25
49.9  1  416.971  94.6326  42.4264  -49.05  20
49.9  2  972.798  114.157  -64.9519  56.898  12
50  0  273.425  316.922  41.0965  -29.811  25
50  1  421.213  89.6295  42.4264  -50.031  20
50  2  966.303  119.748  -64.9519  55.917  12
50.1  0  277.535  313.842  41.0965  -30.792  25
50.1  1  425.456  84.5283  42.4264  -51.012  20
50.1  2  959.808  125.242  -64.9519  54.936  12
50.2  0  281.645  310.665  41.0965  -31.773  25
50.2  1  429.698  79.329  42.4264  -51.993  20
50.2  2  953.312  130.638  -64.9519  53.955  12
50.3  0  285.754  307.39  41.0965  -32.754  25
50.3  1  433.941  74.0316  42.4264  -52.974  20
50.3  2  946.817  135.935  -64.9519  52.974  12
50.4  0  289.864  304.016  41.0965  -33.735  25
50.4  1  438.184  68.6361  42.4264  -53.955  20
50.4  2  940.322  141.134  -64.9519  51.993  12
50.5  0  293.974  300.545  41.0965  -34.716  25
50.5  1  442.426  63.1425  42.4264  -54.936  20
50.5  2  933.827  146.235  -64.9519  51.012  12
50.6  0  298.083  296.975  41.0965  -35.697  25
50.6  1  446.669  57.5508  42.4264  -55.917  20
50.6  2  927.332  151.239  -64.9519  50.031  12
50.7  0  302.193  293.307  41.0965  -36.678  25
50.7  1  450.912  51.861  42.4264  -56.898  20
50.7  2  920.836  156.144  -64.9519  49.05  12
50.8  0  306.303  289.541  41.0965  -37.659  25
50.8  1  455.154  46.0731  42.4264  -57.879  20
50.8  2  914.341  160.95  -64.9519  48.069  12
50.9  0  310.412  285.677  41.0965  -38.64  25
50.9  1  459.397  40.1871  42.4264  -58.86  20
50.9  2  907.846  165.659  -64.9519  47.088  12
51  0  314.522  281.715  41.0965  -39.621  25
51  1  463.64  34.203  42.4264  -59.841  20
51  2  901.351  170.27  -64.9519  46.107  12
51.1  0  318.632  277.655  41.0965  -40.602  25
51.1  1  467.882  28.1208  42.4264  -60.822  20
51.1  2  894.856  174.783  -64.9519  45.126  12
51.2  0  322.741  273.497  41.0965  -41.583  25
51.2  1  472.125  21.9405  42.4264  -61.803  20
51.2  2  888.361  179.197  -64.9519  44.145  12
51.3  0  326.851  269.24  41.0965  -42.564  25
51.3  1  476.368  15.6621  42.4264  -62.784  20
51.3  2  881.865  183.513  -64.9519  43.164  12
51.4  0  330.961  264.886  41.0965  -43.545  25
51.4  1  480.61  9.28558  42.4264  -63.765  20
51.4  2  875.37  187.732  -64.9519  42.183  12
51.5  0  335.07  260.433  41.0965  -44.526  25
51.5  1  484.853  2.81098  42.4264  -64.746  20
51.5  2  868.875  191.852  -64.9519  41.202  12
51.6  0  339.18  255.882  41.0965  -45.507  25
51.6  1  489.095  -3.76172  42.4264  65.727  20
51.6  2  862.38  195.874  -64.9519  40.221  12
51.7  0  343.29  251.234  41.0965  -46.488  25
51.7  1  493.338  2.71288  42.4264  64.746  20
51.7  2  855.885  199.798  -64.9519  39.24  12
51.8  0  347.399  246.487  -41.0965  -47.469  25
51.8  1  497.581  9.08938  42.4264  63.765  20
51.8  2  849.389  203.624  -64.9519  38.259  12
51.9  0  343.29  241.642  -41.0965  -48.45  25
51.9  1  501.823  15.3678  42.4264  62.784  20
51.9  2  842.894  207.352  -64.9519  37.278  12
52  0  339.18  236.699  -41.0965  -49.431  25
52  1  506.066  21.5481  42.4264  61.803  20
52  2  836.399  210.981  -64.9519  36.297  12
52.1  0  335.07  231.657  -41.0965  -50.412  25
52.1  1  510.309  27.6303  42.4264  60.822  20
52.1  2  829.904  214.513  -64.9519  35.316  12
52.2  0  330.961  226.518  -41.0965  -51.393  25
52.2  1  514.551  33.6144  42.4264  59.841  20
52.2  2  823.409  217.947  -64.9519  34.335  12
52.3  0  326.851  221.281  -41.0965  -52.374  25
52.3  1  518.794  39.5004  42.4264  58.86  20
52.3  2  816.913  221.282  -64.9519  33.354  12
52.4  0  322.741  215.945  -41.0965  -53.355  25
52.4  1  523.037  45.2883  42.4264  57.879  20
52.4  2  810.418  224.519  -64.9519  32.373  12
52.5  0  318.632  210.512  -41.0965  -54.336  25
52.5  1  527.279  50.9781  42.4264  56.898  20
52.5  2  803.923  227.658  -64.9519  31.392  12
52.6  0  314.522  204.98  -41.0965  -55.317  25
52.6  1  531.522  56.5698  42.4264  55.917  20
52.6  2  797.428  230.7  -64.9519  30.411  12
52.7  0  310.412  199.35  -41.0965  -56.298  25
52.7  1  535.765  62.0634  42.4264  54.936  20
52.7  2  790.933  233.643  -64.9519  29.43  12
52.8  0  306.303  193.622  -41.0965  -57.279  25
52.8  1  540.007  67.4589  42.4264  53.955  20
52.8  2  784.437  236.487  -64.9519  28.449  12
52.9  0  302.193  187.796  -41.0965  -58.26  25
52.9  1  544.25  72.7563  42.4264  52.974  20
52.9  2  777.942  239.234  -64.9519  27.468  12
53  0  298.083  181.872  -41.0965  -59.241  25
53  1  548.492  77.9556  42.4264  51.993  20
53  2  771.447  241.883  -64.9519  26.487  12
53.1  0  293.974  175.85  -41.0965  -60.222  25
53.1  1  552.735  83.0568  42.4264  51.012  20
53.1  2  764.952  244.434  -64.9519  25.506  12
53.2  0  289.864  169.73  -41.0965  -61.203  25
53.2  1  556.978  88.0599  42.4264  50.031  20
53.2  2  758.457  246.886  -64.9519  24.525  12
53.3  0  285.754  163.511  -41.0965  -62.184  25
53.3  1  561.22  92.9649  42.4264  49.05  20
53.3  2  751.962  249.24  -64.9519  23.544  12
53.4  0  281.645  157.195  -41.0965  -63.165  25
53.4  1  565.463  97.7718  42.4264  48.069  20
53.4  2  745.466  251.497  -64.9519  22.563  12
53.5  0  277.535  150.78  -41.0965  -64.146  25
53.5  1  569.706  102.481  42.4264  47.088  20
53.5  2  738.971  253.655  -64.9519  21.582  12
53.6  0  273.425  144.267  -41.0965  -65.127  25
53.6  1  573.948  107.091  42.4264  46.107  20
53.6  2  732.476  255.715  -64.9519  20.601  12
53.7  0  269.316  137.657  -41.0965  -66.108  25
53.7  1  578.191  111.604  42.4264  45.126  20
53.7  2  725.981  257.677  -64.9519  19.62  12
53.8  0  265.206  130.948  -41.0965  -67.089  25
53.8  1  582.434  116.018  42.4264  44.145  20
53.8  2  719.486  259.541  -64.9519  18.639  12
53.9  0  261.097  124.141  -41.0965  -68.07  25
53.9  1  586.676  120.335  42.4264  43.164  20
53.9  2  712.99  261.307  -64.9519  17.658  12
54  0  256.987  117.236  -41.0965  -69.051  25
54  1  590.919  124.553  42.4264  42.183  20
54  2  706.495  262.974  -64.9519  16.677  12
54.1  0  252.877  110.233  -41.0965  -70.032  25
54.1  1  595.161  128.673  42.4264  41.202  20
54.1  2  700  264.544  -64.9519  15.696  12
54.2  0  248.768  103.131  -41.0965  -71.013  25
54.2  1  599.404  132.695  42.4264  40.221  20
54.2  2  693.505  266.016  -64.9519  14.715  12
54.3  0  244.658  95.9318  -41.0965  -71.994  25
54.3  1  603.647  136.619  42.4264  39.24  20
54.3  2  687.01  267.389  -64.9519  13.734  12
54.4  0  240.548  88.6343  -41.0965  -72.975  25
54.4  1  607.889  140.445  42.4264  38.259  20
54.4  2  680.514  268.664  -64.9519  12.753  12
54.5  0  236.439  81.2387  -41.0965  -73.956  25
54.5  1  612.132  144.173  42.4264  37.278  20
54.5  2  674.019  269.841  -64.9519  11.772  12
54.6  0  232.329  73.745  -41.0965  -74.937  25
54.6  1  616.375  147.803  42.4264  36.297  20
54.6  2  667.524  270.921  -64.9519  10.791  12
54.7  0  228.219  66.1532  -41.0965  -75.918  25
54.7  1  620.617  151.334  42.4264  35.316  20
54.7  2  661.029  271.902  -64.9519  9.81  12
54.8  0  224.11  58.4633  -41.0965  -76.899  25
54.8  1  624.86  154.768  42.4264  34.335  20
54.8  2  654.534  272.784  -64.9519  8.829  12
54.9  0  220  50.6754  -41.0965  -77.88  25
54.9  1  629.103  158.103  42.4264  33.354  20
54.9  2  648.038  273.569  -64.9519  7.848  12
55  0  215.89  42.7893  -41.0965  -78.861  25
55  1  633.345  161.341  42.4264  32.373  20
55  2  641.543  274.256  -64.9519  6.867  12
55.1  0  211.781  34.8051  -41.0965  -79.842  25
55.1  1  637.588  164.48  42.4264  31.392  20
55.1  2  635.048  274.845  -64.9519  5.886  12
55.2  0  207.671  26.7228  -41.0965  -80.823  25
55.2  1  641.831  167.521  42.4264  30.411  20
55.2  2  628.553  275.335  -64.9519  4.905  12
55.3  0  203.561  18.5424  -41.0965  -81.804  25
55.3  1  646.073  170.464  42.4264  29.43  20
55.3  2  622.058  275.727  -64.9519  3.924  12
55.4  0  199.452  10.2639  -41.0965  -82.785  25
55.4  1  650.316  173.309  42.4264  28.449  20
55.4  2  615.563  276.022  -64.9519  2.943  12
55.5  0  195.342  1.88727  -41.0965  -83.766  25
55.5  1  654.558  176.056  42.4264  27.468  20
55.5  2  609.067  276.218  -64.9519  1.962  12
55.6  0  191.232  -6.58742  -41.0965  84.747  25
55.6  1  658.801  178.704  42.4264  26.487  20
55.6  2  602.572  276.316  -64.9519  0.981  12
55.7  0  187.123  1.78917  -41.0965  83.766  25
55.7  1  663.044  181.255  42.4264  25.506  20
55.7  2  596.077  276.316  -64.9519  1.11022e-15  12
55.8  0  183.013  10.0677  -41.0965  82.785  25
55.8  1  667.286  183.707  42.4264  24.525  20
55.8  2  589.582  276.218  -64.9519  -0.981  12
55.9  0  178.903  18.2481  -41.0965  81.804  25
55.9  1  671.529  186.062  42.4264  23.544  20
55.9  2  583.087  276.022  -64.9519  -1.962  12
56  0  174.794  26.3304  -41.0965  80.823  25
56  1  675.772  188.318  42.4264  22.563  20
56  2  576.591  275.727  -64.9519  -2.943  12
56.1  0  170.684  34.3146  -41.0965  79.842  25
56.1  1  680.014  190.476  42.4264  21.582  20
56.1  2  570.096  275.335  -64.9519  -3.924  12
56.2  0  166.575  42.2007  -41.0965  78.861  25
56.2  1  684.257  192.536  42.4264  20.601  20
56.2  2  563.601  274.845  -64.9519  -4.905  12
56.3  0  162.465  49.9887  -41.0965  77.88  25
56.3  1  688.5  194.498  42.4264  19.62  20
56.3  2  557.106  274.256  -64.9519  -5.886  12
56.4  0  158.355  57.6785  -41.0965  76.899  25
56.4  1  692.742  196.362  42.4264  18.639  20
56.4  2  550.611  273.569  -64.9519  -6.867  12
56.5  0  154.246  65.2703  -41.0965  75.918  25
56.5  1  696.985  198.128  42.4264  17.658  20
56.5  2  544.115  272.784  -64.9519  -7.848  12
56.6  0  150.136  72.764  -41.0965  74.937  25
56.6  1  701.227  199.796  42.4264  16.677  20
56.6  2  537.62  271.902  -64.9519  -8.829  12
56.7  0  146.026  80.1596  -41.0965  73.956  25
56.7  1  705.47  201.365  42.4264  15.696  20
56.7  2  531.125  270.921  -64.9519  -9.81  12
56.8  0  141.917  87.4571  -41.0965  72.975  25
56.8  1  709.713  202.837  42.4264  14.715  20
56.8  2  524.63  269.841  -64.9519  -10.791  12
56.9  0  137.807  94.6565  -41.0965  71.994  25
56.9  1  713.955  204.21  42.4264  13.734  20
56.9  2  518.135  268.664  -64.9519  -11.772  12
57  0  133.697  101.758  -41.0965  71.013  25
57  1  718.198  205.486  42.4264  12.753  20
57  2  511.639  267.389  -64.9519  -12.753  12
57.1  0  129.588  108.761  -41.0965  70.032  25
57.1  1  722.441  206.663  42.4264  11.772  20
57.1  2  505.144  266.016  -64.9519  -13.734  12
57.2  0  125.478  115.666  -41.0965  69.051  25
57.2  1  726.683  207.742  42.4264  10.791  20
57.2  2  498.649  264.544  -64.9519  -14.715  12
57.3  0  121.368  122.473  -41.0965  68.07  25
57.3  1  730.926  208.723  42.4264  9.81  20
57.3  2  492.154  262.974  -64.9519  -15.696  12
57.4  0  117.259  129.182  -41.0965  67.089  25
57.4  1  735.169  209.606  42.4264  8.829  20
57.4  2  485.659  261.307  -64.9519  -16.677  12
57.5  0  113.149  135.793  -41.0965  66.108  25
57.5  1  739.411  210.391  42.4264  7.848  20
57.5  2  479.164  259.541  64.9519  -17.658  12
57.6  0  109.039  142.305  -41.0965  65.127  25
57.6  1  743.654  211.077  42.4264  6.867  20
57.6  2  485.659  257.677  64.9519  -18.639  12
57.7  0  104.93  148.72  -41.0965  64.146  25
57.7  1  747.897  211.666  42.4264  5.886  20
57.7  2  492.154  255.715  64.9519  -19.62  12
57.8  0  100.82  155.037  -41.0965  63.165  25
57.8  1  752.139  212.156  42.4264  4.905  20
57.8  2  498.649  253.655  64.9519  -20.601  12
57.9  0  96.7105  161.255  -41.0965  62.184  25
57.9  1  756.382  212.549  42.4264  3.924  20
57.9  2  505.144  251.497  64.9519  -21.582  12
58  0  92.6008  167.375  -41.0965  61.203  25
58  1  760.624  212.843  42.4264  2.943  20
58  2  511.639  249.24  64.9519  -22.563  12
58.1  0  88.4912  173.397  -41.0965  60.222  25
58.1  1  764.867  213.039  42.4264  1.962  20
58.1  2  518.135  246.886  64.9519  -23.544  12
58.2  0  84.3815  179.322  -41.0965  59.241  25
58.2  1  769.11  213.137  42.4264  0.981  20
58.2  2  524.63  244.434  64.9519  -24.525  12
58.3  0  80.2719  185.148  -41.0965  58.26  25
58.3  1  773.352  213.137  42.4264  1.11022e-15  20
58.3  2  531.125  241.883  64.9519  -25.506  12
58.4  0  76.1622  190.875  -41.0965  57.279  25
58.4  1  777.595  213.039  42.4264  -0.981  20
58.4  2  537.62  239.234  64.9519  -26.487  12
58.5  0  72.0526  196.505  -41.0965  56.298  25
58.5  1  781.838  212.843  42.4264  -1.962  20
58.5  2  544.115  236.487  64.9519  -27.468  12
58.6  0  67.9429  202.037  -41.0965  55.317  25
58.6  1  786.08  212.549  42.4264  -2.943  20
58.6  2  550.611  233.643  64.9519  -28.449  12
58.7  0  63.8333  207.471  -41.0965  54.336  25
58.7  1  790.323  212.156  42.4264  -3.924  20
58.7  2  557.106  230.7  64.9519  -29.43  12
58.8  0  59.7236  212.806  -41.0965  53.355  25
58.8  1  794.566  211.666  42.4264  -4.905  20
58.8  2  563.601  227.658  64.9519  -30.411  12
58.9  0  55.614  218.043  -41.0965  52.374  25
58.9  1  798.808  211.077  42.4264  -5.886  20
58.9  2  570.096  224.519  64.9519  -31.392  12
59  0  51.5043  223.183  -41.0965  51.393  25
59  1  803.051  210.391  42.4264  -6.867  20
59  2  576.591  221.282  64.9519  -32.373  12
59.1  0  47.3947  228.224  -41.0965  50.412  25
59.1  1  807.294  209.606  42.4264  -7.848  20
59.1  2  583.087  217.947  64.9519  -33.354  12
59.2  0  43.285  233.167  -41.0965  49.431  25
59.2  1  811.536  208.723  42.4264  -8.829  20
59.2  2  589.582  214.513  64.9519  -34.335  12
59.3  0  39.1754  238.012  -41.0965  48.45  25
59.3  1  815.779  207.742  42.4264  -9.81  20
59.3  2  596.077  210.981  64.9519  -35.316  12
59.4  0  35.0657  242.759  -41.0965  47.469  25
59.4  1  820.021  206.663  42.4264  -10.791  20
59.4  2  602.572  207.352  64.9519  -36.297  12
59.5  0  30.9561  247.408  -41.0965  46.488  25
59.5  1  824.264  205.486  42.4264  -11.772  20
59.5  2  609.067  203.624  64.9519  -37.278  12
59.6  0  26.8464  251.958  -41.0965  45.507  25
59.6  1  828.507  204.21  42.4264  -12.753  20
59.6  2  615.563  199.798  64.9519  -38.259  12
59.7  0  22.7368  256.411  -41.0965  44.526  25
59.7  1  832.749  202.837  42.4264  -13.734  20
59.7  2  622.058  195.874  64.9519  -39.24  12
59.8  0  18.6271  260.766  -41.0965  43.545  25
59.8  1  836.992  201.365  42.4264  -14.715  20
59.8  2  628.553  191.852  64.9519  -40.221  12
59.9  0  14.5175  265.022  -41.0965  42.564  25
59.9  1  841.235  199.796  42.4264  -15.696  20
59.9  2  635.048  187.732  64.9519  -41.202  12
60  0  10.4078  269.18  -41.0965  41.583  25
60  1  845.477  198.128  42.4264  -16.677  20
60  2  641.543  183.513  64.9519  -42.183  12
60.1  0  6.29818  273.24  -41.0965  40.602  25
60.1  1  849.72  196.362  42.4264  -17.658  20
60.1  2  648.038  179.197  64.9519  -43.164  12
60.2  0  2.18852  277.202  -41.0965  39.621  25
60.2  1  853.963  194.498  42.4264  -18.639  20
60.2  2  654.534  174.783  64.9519  -44.145  12
60.3  0  -1.92113  281.066  41.0965  38.64  25
60.3  1  858.205  192.536  42.4264  -19.62  20
60.3  2  661.029  170.27  64.9519  -45.126  12
60.4  0  2.18852  284.832  41.0965  37.659  25
60.4  1  862.448  190.476  42.4264  -20.601  20
60.4  2  667.524  165.659  64.9519  -46.107  12
60.5  0  6.29818  288.5  41.0965  36.678  25
60.5  1  866.69  188.318  42.4264  -21.582  20
60.5  2  674.019  160.95  64.9519  -47.088  12
60.6  0  10.4078  292.07  41.0965  35.697  25
60.6  1  870.933  186.062  42.4264  -22.563  20
60.6  2  680.514  156.144  64.9519  -48.069  12
60.7  0  14.5175  295.541  41.0965  34.716  25
60.7  1  875.176  183.707  42.4264  -23.544  20
60.7  2  687.01  151.239  64.9519  -49.05  12
60.8  0  18.6271  298.915  41.0965  33.735  25
60.8  1  879.418  181.255  42.4264  -24.525  20
60.8  2  693.505  146.235  64.9519  -50.031  12
60.9  0  22.7368  302.19  41.0965  32.754  25
60.9  1  883.661  178.704  42.4264  -25.506  20
60.9  2  700  141.134  64.9519  -51.012  12
61  0  26.8464  305.368  41.0965  31.773  25
61  1  887.904  176.056  42.4264  -26.487  20
61  2  706.495  135.935  64.9519  -51.993  12
61.1  0  30.9561  308.447  41.0965  30.792  25
61.1  1  892.146  173.309  42.4264  -27.468  20
61.1  2  712.99  130.638  64.9519  -52.974  12
61.2  0  35.0657  311.428  41.0965  29.811  25
61.2  1  896.389  170.464  42.4264  -28.449  20
61.2  2  719.486  125.242  64.9519  -53.955  12
61.3  0  39.1754  314.311  41.0965  28.83  25
61.3  1  900.632  167.521  42.4264  -29.43  20
61.3  2  725.981  119.748  64.9519  -54.936  12
61.4  0  43.285  317.096  41.0965  27.849  25
61.4  1  904.874  164.48  42.4264  -30.411  20
61.4  2  732.476  114.157  64.9519  -55.917  12
61.5  0  47.3947  319.783  41.0965  26.868  25
61.5  1  909.117  161.341  42.4264  -31.392  20
61.5  2  738.971  108.467  64.9519  -56.898  12
61.6  0  51.5043  322.371  41.0965  25.887  25
61.6  1  913.36  158.103  42.4264  -32.373  20
61.6  2  745.466  102.679  64.9519  -57.879  12
61.7  0  55.614  324.862  41.0965  24.906  25
61.7  1  917.602  154.768  42.4264  -33.354  20
61.7  2  751.962  96.7931  64.9519  -58.86  12
61.8  0  59.7236  327.254  41.0965  23.925  25
61.8  1  921.845  151.334  42.4264  -34.335  20
61.8  2  758.457  90.809  64.9519  -59.841  12
61.9  0  63.8333  329.549  41.0965  22.944  25
61.9  1  926.087  147.803  42.4264  -35.316  20
61.9  2  764.952  84.7268  64.9519  -60.822  12
62  0  67.9429  331.745  41.0965  21.963  25
62  1  930.33  144.173  42.4264  -36.297  20
62  2  771.447  78.5465  64.9519  -61.803  12
62.1  0  72.0526  333.843  41.0965  20.982  25
62.1  1  934.573  140.445  42.4264  -37.278  20
62.1  2  777.942  72.2681  64.9519  -62.784  12
62.2  0  76.1622  335.843  41.0965  20.001  25
62.2  1  938.815  136.619  42.4264  -38.259  20
62.2  2  784.437  65.8916  64.9519  -63.765  12
62.3  0  80.2719  337.745  41.0965  19.02  25
62.3  1  943.058  132.695  42.4264  -39.24  20
62.3  2  790.933  59.417  64.9519  -64.746  12
62.4  0  84.3815  339.549  41.0965  18.039  25
62.4  1  947.301  128.673  42.4264  -40.221  20
62.4  2  797.428  52.8443  64.9519  -65.727  12
62.5  0  88.4912  341.255  41.0965  17.058  25
62.5  1  951.543  124.553  42.4264  -41.202  20
62.5  2  803.923  46.1735  64.9519  -66.708  12
62.6  0  92.6008  342.863  41.0965  16.077  25
62.6  1  955.786  120.335  42.4264  -42.183  20
62.6  2  810.418  39.4046  64.9519  -67.689  12
62.7  0  96.7105  344.372  41.0965  15.096  25
62.7  1  960.029  116.018  42.4264  -43.164  20
62.7  2  816.913  32.5376  64.9519  -68.67  12
62.8  0  100.82  345.784  41.0965  14.115  25
62.8  1  964.271  111.604  42.4264  -44.145  20
62.8  2  823.409  25.5725  64.9519  -69.651  12
62.9  0  104.93  347.097  41.0965  13.134  25
62.9  1  968.514  107.091  42.4264  -45.126  20
62.9  2  829.904  18.5093  64.9519  -70.632  12
63  0  109.039  348.313  41.0965  12.153  25
63  1  972.756  102.481  42.4264  -46.107  20
63  2  836.399  11.348  64.9519  -71.613  12
63.1  0  113.149  349.43  41.0965  11.172  25
63.1  1  976.999  97.7718  42.4264  -47.088  20
63.1  2  842.894  4.08857  64.9519  -72.594  12
63.2  0  117.259  350.449  41.0965  10.191  25
63.2  1  981.242  92.9649  42.4264  -48.069  20
63.2  2  849.389  -3.26893  64.9519  73.575  12
63.3  0  121.368  351.37  41.0965  9.20996  25
63.3  1  985.484  88.0599  42.4264  -49.05  20
63.3  2  855.885  3.99047  64.9519  72.594  12
63.4  0  125.478  352.193  41.0965  8.22896  25
63.4  1  989.727  83.0568  42.4264  -50.031  20
63.4  2  862.38  11.1518  64.9519  71.613  12
63.5  0  129.588  352.918  41.0965  7.24796  25
63.5  1  993.97  77.9556  42.4264  -51.012  20
63.5  2  868.875  18.215  64.9519  70.632  12
63.6  0  133.697  353.544  41.0965  6.26696  25
63.6  1  998.212  72.7563  42.4264  -51.993  20
63.6  2  875.37  25.1801  64.9519  69.651  12
63.7  0  137.807  354.073  41.0965  5.28596  25
63.7  1  1002.45  67.4589  -42.4264  -52.974  20
63.7  2  881.865  32.0471  64.9519  68.67  12
63.8  0  141.917  354.503  41.0965  4.30496  25
63.8  1  998.212  62.0634  -42.4264  -53.955  20
63.8  2  888.361  38.816  64.9519  67.689  12
63.9  0  146.026  354.836  41.0965  3.32396  25
63.9  1  993.97  56.5698  -42.4264  -54.936  20
63.9  2  894.856  45.4868  64.9519  66.708  12
64  0  150.136  355.07  41.0965  2.34296  25
64  1  989.727  50.9781  -42.4264  -55.917  20
64  2  901.351  52.0595  64.9519  65.727  12
64.1  0  154.246  355.206  41.0965  1.36196  25
64.1  1  985.484  45.2883  -42.4264  -56.898  20
64.1  2  907.846  58.5341  64.9519  64.746  12
64.2  0  158.355  355.244  41.0965  0.380961  25
64.2  1  981.242  39.5004  -42.4264  -57.879  20
64.2  2  914.341  64.9106  64.9519  63.765  12
64.3  0  162.465  355.184  41.0965  -0.600039  25
64.3  1  976.999  33.6144  -42.4264  -58.86  20
64.3  2  920.836  71.189  64.9519  62.784  12
64.4  0  166.575  355.026  41.0965  -1.58104  25
64.4  1  972.756  27.6303  -42.4264  -59.841  20
64.4  2  927.332  77.3693  64.9519  61.803  12
64.5  0  170.684  354.77  41.0965  -2.56204  25
64.5  1  968.514  21.5481  -42.4264  -60.822  20
64.5  2  933.827  83.4515  64.9519  60.822  12
64.6  0  174.794  354.416  41.0965  -3.54304  25
64.6  1  964.271  15.3678  -42.4264  -61.803  20
64.6  2  940.322  89.4356  64.9519  59.841  12
64.7  0  178.903  353.963  41.0965  -4.52404  25
64.7  1  960.029  9.08938  -42.4264  -62.784  20
64.7  2  946.817  95.3216  64.9519  58.86  12
64.8  0  183.013  353.413  41.0965  -5.50504  25
64.8  1  955.786  2.71288  -42.4264  -63.765  20
64.8  2  953.312  101.109  64.9519  57.879  12
64.9  0  187.123  352.764  41.0965  -6.48604  25
64.9  1  951.543  -3.76172  -42.4264  64.746  20
64.9  2  959.808  106.799  64.9519  56.898  12
65  0  191.232  352.018  41.0965  -7.46704  25
65  1  947.301  2.61478  -42.4264  63.765  20
65  2  966.303  112.391  64.9519  55.917  12
65.1  0  195.342  351.173  41.0965  -8.44804  25
65.1  1  943.058  8.89318  -42.4264  62.784  20
65.1  2  972.798  117.885  64.9519  54.936  12
65.2  0  199.452  350.23  41.0965  -9.42904  25
65.2  1  938.815  15.0735  -42.4264  61.803  20
65.2  2  979.293  123.28  64.9519  53.955  12
65.3  0  203.561  349.189  41.0965  -10.41  25
65.3  1  934.573  21.1557  -42.4264  60.822  20
65.3  2  985.788  128.577  64.9519  52.974  12
65.4  0  207.671  348.05  41.0965  -11.391  25
65.4  1  930.33  27.1398  -42.4264  59.841  20
65.4  2  992.284  133.777  64.9519  51.993  12
65.5  0  211.781  346.812  41.0965  -12.372  25
65.5  1  926.087  33.0258  -42.4264  58.86  20
65.5  2  998.779  138.878  64.9519  51.012  12
65.6  0  215.89  345.477  41.0965  -13.353  25
65.6  1  921.845  38.8137  -42.4264  57.879  20
65.6  2  1005.27  143.881  -64.9519  50.031  12
65.7  0  220  344.044  41.0965  -14.334  25
65.7  1  917.602  44.5035  -42.4264  56.898  20
65.7  2  998.779  148.786  -64.9519  49.05  12
65.8  0  224.11  342.512  41.0965  -15.315  25
65.8  1  913.36  50.0952  -42.4264  55.917  20
65.8  2  992.284  153.593  -64.9519  48.069  12
65.9  0  228.219  340.883  41.0965  -16.296  25
65.9  1  909.117  55.5888  -42.4264  54.936  20
65.9  2  985.788  158.302  -64.9519  47.088  12
66  0  232.329  339.155  41.0965  -17.277  25
66  1  904.874  60.9843  -42.4264  53.955  20
66  2  979.293  162.912  -64.9519  46.107  12
66.1  0  236.439  337.329  41.0965  -18.258  25
66.1  1  900.632  66.2817  -42.4264  52.974  20
66.1  2  972.798  167.425  -64.9519  45.126  12
66.2  0  240.548  335.405  41.0965  -19.239  25
66.2  1  896.389  71.481  -42.4264  51.993  20
66.2  2  966.303  171.84  -64.9519  44.145  12
66.3  0  244.658  333.383  41.0965  -20.22  25
66.3  1  892.146  76.5822  -42.4264  51.012  20
66.3  2  959.808  176.156  -64.9519  43.164  12
66.4  0  248.768  331.263  41.0965  -21.201  25
66.4  1  887.904  81.5853  -42.4264  50.031  20
66.4  2  953.312  180.374  -64.9519  42.183  12
66.5  0  252.877  329.045  41.0965  -22.182  25
66.5  1  883.661  86.4903  -42.4264  49.05  20
66.5  2  946.817  184.494  -64.9519  41.202  12
66.6  0  256.987  326.729  41.0965  -23.163  25
66.6  1  879.418  91.2972  -42.4264  48.069  20
66.6  2  940.322  188.517  -64.9519  40.221  12
66.7  0  261.097  324.314  41.0965  -24.144  25
66.7  1  875.176  96.006  -42.4264  47.088  20
66.7  2  933.827  192.441  -64.9519  39.24  12
66.8  0  265.206  321.802  41.0965  -25.125  25
66.8  1  870.933  100.617  -42.4264  46.107  20
66.8  2  927.332  196.266  -64.9519  38.259  12
66.9  0  269.316  319.191  41.0965  -26.106  25
66.9  1  866.69  105.129  -42.4264  45.126  20
66.9  2  920.836  199.994  -64.9519  37.278  12
67  0  273.425  316.482  41.0965  -27.087  25
67  1  862.448  109.544  -42.4264  44.145  20
67  2  914.341  203.624  -64.9519  36.297  12
67.1  0  277.535  313.676  41.0965  -28.068  25
67.1  1  858.205  113.86  -42.4264  43.164  20
67.1  2  907.846  207.156  -64.9519  35.316  12
67.2  0  281.645  310.771  41.0965  -29.049  25
67.2  1  853.963  118.078  -42.4264  42.183  20
67.2  2  901.351  210.589  -64.9519  34.335  12
67.3  0  285.754  307.768  41.0965  -30.03  25
67.3  1  849.72  122.199  -42.4264  41.202  20
67.3  2  894.856  213.924  -64.9519  33.354  12
67.4  0  289.864  304.667  41.0965  -31.011  25
67.4  1  845.477  126.221  -42.4264  40.221  20
67.4  2  888.361  217.162  -64.9519  32.373  12
67.5  0  293.974  301.467  41.0965  -31.992  25
67.5  1  841.235  130.145  -42.4264  39.24  20
67.5  2  881.865  220.301  -64.9519  31.392  12
67.6  0  298.083  298.17  41.0965  -32.973  25
67.6  1  836.992  133.971  -42.4264  38.259  20
67.6  2  875.37  223.342  -64.9519  30.411  12
67.7  0  302.193  294.775  41.0965  -33.954  25
67.7  1  832.749  137.698  -42.4264  37.278  20
67.7  2  868.875  226.285  -64.9519  29.43  12
67.8  0  306.303  291.281  41.0965  -34.935  25
67.8  1  828.507  141.328  -42.4264  36.297  20
67.8  2  862.38  229.13  -64.9519  28.449  12
67.9  0  310.412  287.69  41.0965  -35.916  25
67.9  1  824.264  144.86  -42.4264  35.316  20
67.9  2  855.885  231.877  -64.9519  27.468  12
68  0  314.522  284  41.0965  -36.897  25
68  1  820.021  148.293  -42.4264  34.335  20
68  2  849.389  234.525  -64.9519  26.487  12
68.1  0  318.632  280.212  41.0965  -37.878  25
68.1  1  815.779  151.629  -42.4264  33.354  20
68.1  2  842.894  237.076  -64.9519  25.506  12
68.2  0  322.741  276.326  41.0965  -38.859  25
68.2  1  811.536  154.866  -42.4264  32.373  20
68.2  2  836.399  239.529  -64.9519  24.525  12
68.3  0  326.851  272.342  41.0965  -39.84  25
68.3  1  807.294  158.005  -42.4264  31.392  20
68.3  2  829.904  241.883  -64.9519  23.544  12
68.4  0  330.961  268.26  41.0965  -40.821  25
68.4  1  803.051  161.046  -42.4264  30.411  20
68.4  2  823.409  244.139  -64.9519  22.563  12
68.5  0  335.07  264.08  41.0965  -41.802  25
68.5  1  798.808  163.989  -42.4264  29.43  20
68.5  2  816.913  246.297  -64.9519  21.582  12
68.6  0  339.18  259.802  41.0965  -42.783  25
68.6  1  794.566  166.834  -42.4264  28.449  20
68.6  2  810.418  248.358  -64.9519  20.601  12
68.7  0  343.29  255.425  41.0965  -43.764  25
68.7  1  790.323  169.581  -42.4264  27.468  20
68.7  2  803.923  250.32  -64.9519  19.62  12
68.8  0  347.399  250.951  41.0965  31.3215  25
68.8  1  786.08  172.23  -42.4264  26.487  20
68.8  2  797.428  252.183  -64.9519  18.639  12
68.9  0  351.509  253.985  -41.0965  30.3405  25
68.9  1  781.838  174.78  -42.4264  25.506  20
68.9  2  790.933  253.949  -64.9519  17.658  12
69  0  347.399  256.921  41.0965  29.3595  25
69  1  777.595  177.233  -42.4264  24.525  20
69  2  784.437  255.617  -64.9519  16.677  12
69.1  0  351.509  259.759  -41.0965  28.3785  25
69.1  1  773.352  179.587  -42.4264  23.544  20
69.1  2  777.942  257.187  -64.9519  15.696  12
69.2  0  347.399  262.498  41.0965  27.3975  25
69.2  1  769.11  181.843  -42.4264  22.563  20
69.2  2  771.447  258.658  -64.9519  14.715  12
69.3  0  351.509  265.14  -41.0965  26.4165  25
69.3  1  764.867  184.002  -42.4264  21.582  20
69.3  2  764.952  260.031  -64.9519  13.734  12
69.4  0  347.399  267.683  41.0965  25.4355  25
69.4  1  760.624  186.062  -42.4264  20.601  20
69.4  2  758.457  261.307  -64.9519  12.753  12
69.5  0  351.509  270.129  -41.0965  24.4545  25
69.5  1  756.382  188.024  -42.4264  19.62  20
69.5  2  751.962  262.484  -64.9519  11.772  12
69.6  0  347.399  272.476  41.0965  23.4735  25
69.6  1  752.139  189.888  -42.4264  18.639  20
69.6  2  745.466  263.563  -64.9519  10.791  12
69.7  0  351.509  274.726  -41.0965  22.4925  25
69.7  1  747.897  191.653  -42.4264  17.658  20
69.7  2  738.971  264.544  -64.9519  9.81  12
69.8  0  347.399  276.877  41.0965  21.5115  25
69.8  1  743.654  193.321  -42.4264  16.677  20
69.8  2  732.476  265.427  -64.9519  8.829  12
69.9  0  351.509  278.93  -41.0965  20.5305  25
69.9  1  739.411  194.891  -42.4264  15.696  20
69.9  2  725.981  266.212  -64.9519  7.848  12
70  0  347.399  280.885  41.0965  19.5495  25
70  1  735.169  196.362  -42.4264  14.715  20
70  2  719.486  266.898  -64.9519  6.867  12
70.1  0  351.509  282.742  -41.0965  18.5685  25
70.1  1  730.926  197.736  -42.4264  13.734  20
70.1  2  712.99  267.487  -64.9519  5.886  12
70.2  0  347.399  284.5  41.0965  17.5875  25
70.2  1  726.683  199.011  -42.4264  12.753  20
70.2  2  706.495  267.978  -64.9519  4.905  12
70.3  0  351.509  286.161  -41.0965  16.6065  25
70.3  1  722.441  200.188  -42.4264  11.772  20
70.3  2  700  268.37  -64.9519  3.924  12
70.4  0  347.399  287.724  -41.0965  -10.9379  25
70.4  1  718.198  201.267  -42.4264  10.791  20
70.4  2  693.505  268.664  -64.9519  2.943  12
70.5  0  343.29  286.532  -41.0965  -11.9189  25
70.5  1  713.955  202.248  -42.4264  9.81  20
70.5  2  687.01  268.86  -64.9519  1.962  12
70.6  0  339.18  285.242  -41.0965  -12.8999  25
70.6  1  709.713  203.131  -42.4264  8.829  20
70.6  2  680.514  268.959  -64.9519  0.981  12
70.7  0  335.07  283.854  -41.0965  -13.8809  25
70.7  1  705.47  203.916  -42.4264  7.848  20
70.7  2  674.019  268.959  -64.9519  1.11022e-15  12
70.8  0  330.961  282.367  -41.0965  -14.8619  25
70.8  1  701.227  204.603  -42.4264  6.867  20
70.8  2  667.524  268.86  -64.9519  -0.981  12
70.9  0  326.851  280.783  -41.0965  -15.8429  25
70.9  1  696.985  205.191  -42.4264  5.886  20
70.9  2  661.029  268.664  -64.9519  -1.962  12
71  0  322.741  279.101  -41.0965  -16.8239  25
71  1  692.742  205.682  -42.4264  4.905  20
71  2  654.534  268.37  -64.9519  -2.943  12
71.1  0  318.632  277.32  -41.0965  -17.8049  25
71.1  1  688.5  206.074  -42.4264  3.924  20
71.1  2  648.038  267.978  -64.9519  -3.924  12
71.2  0  314.522  275.442  -41.0965  -18.7859  25
71.2  1  684.257  206.368  -42.4264  2.943  20
71.2  2  641.543  267.487  -64.9519  -4.905  12
71.3  0  310.412  273.465  -41.0965  -19.7669  25
71.3  1  680.014  206.565  -42.4264  1.962  20
71.3  2  635.048  266.898  -64.9519  -5.886  12
71.4  0  306.303  271.39  -41.0965  -20.7479  25
71.4  1  675.772  206.663  -42.4264  0.981  20
71.4  2  628.553  266.212  -64.9519  -6.867  12
71.5  0  302.193  269.217  -41.0965  -21.7289  25
71.5  1  671.529  206.663  -42.4264  1.11022e-15  20
71.5  2  622.058  265.427  -64.9519  -7.848  12
71.6  0  298.083  266.946  -41.0965  -22.7099  25
71.6  1  667.286  206.565  -42.4264  -0.981  20
71.6  2  615.563  264.544  -64.9519  -8.829  12
71.7  0  293.974  264.577  -41.0965  -23.6909  25
71.7  1  663.044  206.368  -42.4264  -1.962  20
71.7  2  609.067  263.563  -64.9519  -9.81  12
71.8  0  289.864  262.11  -41.0965  -24.6719  25
71.8  1  658.801  206.074  -42.4264  -2.943  20
71.8  2  602.572  262.484  -64.9519  -10.791  12
71.9  0  285.754  259.545  -41.0965  -25.6529  25
71.9  1  654.558  205.682  -42.4264  -3.924  20
71.9  2  596.077  261.307  -64.9519  -11.772  12
72  0  281.645  256.881  -41.0965  -26.6339  25
72  1  650.316  205.191  -42.4264  -4.905  20
72  2  589.582  260.031  -64.9519  -12.753  12
72.1  0  277.535  254.12  -41.0965  -27.6149  25
72.1  1  646.073  204.603  -42.4264  -5.886  20
72.1  2  583.087  258.658  -64.9519  -13.734  12
72.2  0  273.425  251.26  -41.0965  -28.5959  25
72.2  1  641.831  203.916  -42.4264  -6.867  20
72.2  2  576.591  257.187  -64.9519  -14.715  12
72.3  0  269.316  248.303  -41.0965  -29.5769  25
72.3  1  637.588  203.131  -42.4264  -7.848  20
72.3  2  570.096  255.617  -64.9519  -15.696  12
72.4  0  265.206  245.247  -41.0965  -30.5579  25
72.4  1  633.345  202.248  -42.4264  -8.829  20
72.4  2  563.601  253.949  -64.9519  -16.677  12
72.5  0  261.097  242.093  -41.0965  -31.5389  25
72.5  1  629.103  201.267  -42.4264  -9.81  20
72.5  2  557.106  252.183  -64.9519  -17.658  12
72.6  0  256.987  238.841  -41.0965  -32.5199  25
72.6  1  624.86  200.188  -42.4264  -10.791  20
72.6  2  550.611  250.32  -64.9519  -18.639  12
72.7  0  252.877  235.491  -41.0965  -33.5009  25
72.7  1  620.617  199.011  -42.4264  -11.772  20
72.7  2  544.115  248.358  -64.9519  -19.62  12
72.8  0  248.768  232.043  -41.0965  -34.4819  25
72.8  1  616.375  197.736  -42.4264  -12.753  20
72.8  2  537.62  246.297  -64.9519  -20.601  12
72.9  0  244.658  228.496  -41.0965  -35.4629  25
72.9  1  612.132  196.362  -42.4264  -13.734  20
72.9  2  531.125  244.139  -64.9519  -21.582  12
73  0  240.548  224.852  -41.0965  -36.4439  25
73  1  607.889  194.891  -42.4264  -14.715  20
73  2  524.63  241.883  -64.9519  -22.563  12
73.1  0  236.439  221.109  -41.0965  -37.4249  25
73.1  1  603.647  193.321  -42.4264  -15.696  20
73.1  2  518.135  239.529  -64.9519  -23.544  12
73.2  0  232.329  217.269  -41.0965  -38.4059  25
73.2  1  599.404  191.653  -42.4264  -16.677  20
73.2  2  511.639  237.076  -64.9519  -24.525  12
73.3  0  228.219  213.33  -41.0965  -39.3869  25
73.3  1  595.161  189.888  -42.4264  -17.658  20
73.3  2  505.144  234.525  -64.9519  -25.506  12
73.4  0  224.11  209.293  -41.0965  -40.3679  25
73.4  1  590.919  188.024  -42.4264  -18.639  20
73.4  2  498.649  231.877  -64.9519  -26.487  12
73.5  0  220  205.159  -41.0965  -41.3489  25
73.5  1  586.676  186.062  -42.4264  -19.62  20
73.5  2  492.154  229.13  -64.9519  -27.468  12
73.6  0  215.89  200.926  -41.0965  -42.3299  25
73.6  1  582.434  184.002  -42.4264  -20.601  20
73.6  2  485.659  226.285  -64.9519  -28.449  12
73.7  0  211.781  196.594  -41.0965  -43.3109  25
73.7  1  578.191  181.843  -42.4264  -21.582  20
73.7  2  479.164  223.342  -64.9519  -29.43  12
73.8  0  207.671  192.165  -41.0965  -44.2919  25
73.8  1  573.948  179.587  -42.4264  -22.563  20
73.8  2  472.668  220.301  -64.9519  -30.411  12
73.9  0  203.561  187.638  -41.0965  -45.2729  25
73.9  1  569.706  177.233  -42.4264  -23.544  20
73.9  2  466.173  217.162  -64.9519  -31.392  12
74  0  199.452  183.013  -41.0965  -46.2539  25
74  1  565.463  174.78  -42.4264  -24.525  20
74  2  459.678  213.924  -64.9519  -32.373  12
74.1  0  195.342  178.289  -41.0965  -47.2349  25
74.1  1  561.22  172.23  -42.4264  -25.506  20
74.1  2  453.183  210.589  -64.9519  -33.354  12
74.2  0  191.232  173.468  -41.0965  -48.2159  25
74.2  1  556.978  169.581  -42.4264  -26.487  20
74.2  2  446.688  207.156  -64.9519  -34.335  12
74.3  0  187.123  168.548  -41.0965  -49.1969  25
74.3  1  552.735  166.834  -42.4264  -27.468  20
74.3  2  440.192  203.624  -64.9519  -35.316  12
74.4  0  183.013  163.53  -41.0965  -50.1779  25
74.4  1  548.492  163.989  -42.4264  -28.449  20
74.4  2  433.697  199.994  -64.9519  -36.297  12
74.5  0  178.903  158.414  -41.0965  -51.1589  25
74.5  1  544.25  161.046  -42.4264  -29.43  20
74.5  2  427.202  196.266  -64.9519  -37.278  12
74.6  0  174.794  153.2  -41.0965  -52.1399  25
74.6  1  540.007  158.005  -42.4264  -30.411  20
74.6  2  420.707  192.441  -64.9519  -38.259  12
74.7  0  170.684  147.888  -41.0965  -53.1209  25
74.7  1  535.765  154.866  -42.4264  -31.392  20
74.7  2  414.212  188.517  -64.9519  -39.24  12
74.8  0  166.575  142.478  -41.0965  -54.1019  25
74.8  1  531.522  151.629  -42.4264  -32.373  20
74.8  2  407.716  184.494  -64.9519  -40.221  12
74.9  0  162.465  136.97  -41.0965  -55.0829  25
74.9  1  527.279  148.293  -42.4264  -33.354  20
74.9  2  401.221  180.374  -64.9519  -41.202  12
75  0  158.355  131.363  -41.0965  -56.0639  25
75  1  523.037  144.86  -42.4264  -34.335  20
75  2  394.726  176.156  -64.9519  -42.183  12
75.1  0  154.246  125.659  -41.0965  -57.0449  25
75.1  1  518.794  141.328  -42.4264  -35.316  20
75.1  2  388.231  171.84  -64.9519  -43.164  12
75.2  0  150.136  119.856  -41.0965  -58.0259  25
75.2  1  514.551  137.698  -42.4264  -36.297  20
75.2  2  381.736  167.425  -64.9519  -44.145  12
75.3  0  146.026  113.955  -41.0965  -59.0069  25
75.3  1  510.309  133.971  -42.4264  -37.278  20
75.3  2  375.24  162.912  -64.9519  -45.126  12
75.4  0  141.917  107.957  -41.0965  -59.9879  25
75.4  1  506.066  130.145  -42.4264  -38.259  20
75.4  2  368.745  158.302  -64.9519  -46.107  12
75.5  0  137.807  101.86  -41.0965  -60.9689  25
75.5  1  501.823  126.221  -42.4264  -39.24  20
75.5  2  362.25  153.593  -64.9519  -47.088  12
75.6  0  133.697  95.6648  -41.0965  -61.9499  25
75.6  1  497.581  122.199  -42.4264  -40.221  20
75.6  2  355.755  148.786  -64.9519  -48.069  12
75.7  0  129.588  89.3717  -41.0965  -62.9309  25
75.7  1  493.338  118.078  -42.4264  -41.202  20
75.7  2  349.26  143.881  -64.9519  -49.05  12
75.8  0  125.478  82.9805  -41.0965  -63.9119  25
75.8  1  489.095  113.86  -42.4264  -42.183  20
75.8  2  342.765  138.878  -64.9519  -50.031  12
75.9  0  121.368  76.4912  -41.0965  -64.8929  25
75.9  1  484.853  109.544  -42.4264  -43.164  20
75.9  2  336.269  133.777  -64.9519  -51.012  12
76  0  117.259  69.9038  -41.0965  -65.8739  25
76  1  480.61  105.129  -42.4264  -44.145  20
76  2  329.774  128.577  -64.9519  -51.993  12
76.1  0  113.149  63.2184  -41.0965  -66.8549  25
76.1  1  476.368  100.617  -42.4264  -45.126  20
76.1  2  323.279  123.28  -64.9519  -52.974  12
76.2  0  109.039  56.4348  -41.0965  -67.8359  25
76.2  1  472.125  96.006  -42.4264  -46.107  20
76.2  2  316.784  117.885  -64.9519  -53.955  12
76.3  0  104.93  49.5531  -41.0965  -68.8169  25
76.3  1  467.882  91.2972  -42.4264  -47.088  20
76.3  2  310.289  112.391  -64.9519  -54.936  12
76.4  0  100.82  42.5733  -41.0965  -69.7979  25
76.4  1  463.64  86.4903  -42.4264  -48.069  20
76.4  2  303.793  106.799  -64.9519  -55.917  12
76.5  0  96.7105  35.4954  -41.0965  -70.7789  25
76.5  1  459.397  81.5853  -42.4264  -49.05  20
76.5  2  297.298  101.109  -64.9519  -56.898  12
76.6  0  92.6008  28.3194  -41.0965  -71.7599  25
76.6  1  455.154  76.5822  -42.4264  -50.031  20
76.6  2  290.803  95.3216  -64.9519  -57.879  12
76.7  0  88.4912  21.0453  -41.0965  -72.7409  25
76.7  1  450.912  71.481  -42.4264  -51.012  20
76.7  2  284.308  89.4356  -64.9519  -58.86  12
76.8  0  84.3815  13.6731  -41.0965  -73.7219  25
76.8  1  446.669  66.2817  -42.4264  -51.993  20
76.8  2  277.813  83.4515  -64.9519  -59.841  12
76.9  0  80.2719  6.20286  -41.0965  -74.7029  25
76.9  1  442.426  60.9843  -42.4264  -52.974  20
76.9  2  271.317  77.3693  -64.9519  -60.822  12
77  0  76.1622  -1.36553  -41.0965  75.6839  25
77  1  438.184  55.5888  -42.4264  -53.955  20
77  2  264.822  71.189  -64.9519  -61.803  12
77.1  0  72.0526  6.10476  -41.0965  74.7029  25
77.1  1  433.941  50.0952  -42.4264  -54.936  20
77.1  2  258.327  64.9106  -64.9519  -62.784  12
77.2  0  67.9429  13.4769  -41.0965  73.7219  25
77.2  1  429.698  44.5035  -42.4264  -55.917  20
77.2  2  251.832  58.5341  -64.9519  -63.765  12
77.3  0  63.8333  20.751  -41.0965  72.7409  25
77.3  1  425.456  38.8137  -42.4264  -56.898  20
77.3  2  245.337  52.0595  -64.9519  -64.746  12
77.4  0  59.7236  27.927  -41.0965  71.7599  25
77.4  1  421.213  33.0258  -42.4264  -57.879  20
77.4  2  238.841  45.4868  -64.9519  -65.727  12
77.5  0  55.614  35.0049  -41.0965  70.7789  25
77.5  1  416.971  27.1398  -42.4264  -58.86  20
77.5  2  232.346  38.816  -64.9519  -66.708  12
77.6  0  51.5043  41.9847  -41.0965  69.7979  25
77.6  1  412.728  21.1557  -42.4264  -59.841  20
77.6  2  225.851  32.0471  -64.9519  -67.689  12
77.7  0  47.3947  48.8664  -41.0965  68.8169  25
77.7  1  408.485  15.0735  -42.4264  -60.822  20
77.7  2  219.356  25.1801  -64.9519  -68.67  12
77.8  0  43.285  55.65  -41.0965  67.8359  25
77.8  1  404.243  8.89318  -42.4264  -61.803  20
77.8  2  212.861  18.215  -64.9519  -69.651  12
77.9  0  39.1754  62.3355  -41.0965  66.8549  25
77.9  1  400  2.61478  -42.4264  -62.784  20
77.9  2  206.366  11.1518  -64.9519  -70.632  12
78  0  35.0657  68.9228  -41.0965  65.8739  25
78  1  395.757  -3.76172  -42.4264  63.765  20
78  2  199.87  3.99047  -64.9519  -71.613  12
78.1  0  30.9561  75.4121  -41.0965  64.8929  25
78.1  1  391.515  2.51668  -42.4264  62.784  20
78.1  2  193.375  -3.26893  -64.9519  72.594  12
78.2  0  26.8464  81.8033  -41.0965  63.9119  25
78.2  1  387.272  8.69698  -42.4264  61.803  20
78.2  2  186.88  3.89237  -64.9519  71.613  12
78.3  0  22.7368  88.0964  -41.0965  62.9309  25
78.3  1  383.029  14.7792  -42.4264  60.822  20
78.3  2  180.385  10.9556  -64.9519  70.632  12
78.4  0  18.6271  94.2914  -41.0965  61.9499  25
78.4  1  378.787  20.7633  -42.4264  59.841  20
78.4  2  173.89  17.9207  -64.9519  69.651  12
78.5  0  14.5175  100.388  -41.0965  60.9689  25
78.5  1  374.544  26.6493  -42.4264  58.86  20
78.5  2  167.394  24.7877  -64.9519  68.67  12
78.6  0  10.4078  106.387  -41.0965  59.9879  25
78.6  1  370.302  32.4372  -42.4264  57.879  20
78.6  2  160.899  31.5566  -64.9519  67.689  12
78.7  0  6.29818  112.288  -41.0965  59.0069  25
78.7  1  366.059  38.127  -42.4264  56.898  20
78.7  2  154.404  38.2274  -64.9519  66.708  12
78.8  0  2.18852  118.09  -41.0965  58.0259  25
78.8  1  361.816  43.7187  -42.4264  55.917  20
78.8  2  147.909  44.8001  -64.9519  65.727  12
78.9  0  -1.92113  123.795  41.0965  57.0449  25
78.9  1  357.574  49.2123  -42.4264  54.936  20
78.9  2  141.414  51.2747  -64.9519  64.746  12
79  0  2.18852  129.401  41.0965  56.0639  25
79  1  353.331  54.6078  -42.4264  53.955  20
79  2  134.918  57.6512  -64.9519  63.765  12
79.1  0  6.29818  134.909  41.0965  55.0829  25
79.1  1  349.088  59.9052  -42.4264  52.974  20
79.1  2  128.423  63.9296  -64.9519  62.784  12
79.2  0  10.4078  140.32  41.0965  54.1019  25
79.2  1  344.846  65.1045  -42.4264  51.993  20
79.2  2  121.928  70.1099  -64.9519  61.803  12
79.3  0  14.5175  145.632  41.0965  53.1209  25
79.3  1  340.603  70.2057  -42.4264  51.012  20
79.3  2  115.433  76.1921  -64.9519  60.822  12
79.4  0  18.6271  150.846  41.0965  52.1399  25
79.4  1  336.36  75.2088  -42.4264  50.031  20
79.4  2  108.938  82.1762  -64.9519  59.841  12
79.5  0  22.7368  155.962  41.0965  51.1589  25
79.5  1  332.118  80.1138  -42.4264  49.05  20
79.5  2  102.442  88.0622  -64.9519  58.86  12
79.6  0  26.8464  160.979  41.0965  50.1779  25
79.6  1  327.875  84.9207  -42.4264  48.069  20
79.6  2  95.9473  93.8501  -64.9519  57.879  12
79.7  0  30.9561  165.899  41.0965  49.1969  25
79.7  1  323.632  89.6295  -42.4264  47.088  20
79.7  2  89.4521  99.5399  -64.9519  56.898  12
79.8  0  35.0657  170.721  41.0965  48.2159  25
79.8  1  319.39  94.2402  -42.4264  46.107  20
79.8  2  82.9569  105.132  -64.9519  55.917  12
79.9  0  39.1754  175.444  41.0965  47.2349  25
79.9  1  315.147  98.7528  -42.4264  45.126  20
79.9  2  76.4617  110.625  -64.9519  54.936  12
80  0  43.285  180.07  41.0965  46.2539  25
80  1  310.905  103.167  -42.4264  44.145  20
80  2  69.9665  116.021  -64.9519  53.955  12
80.1  0  47.3947  184.597  41.0965  45.2729  25
80.1  1  306.662  107.484  -42.4264  43.164  20
80.1  2  63.4713  121.318  -64.9519  52.974  12
80.2  0  51.5043  189.026  41.0965  44.2919  25
80.2  1  302.419  111.702  -42.4264  42.183  20
80.2  2  56.9761  126.517  -64.9519  51.993  12
80.3  0  55.614  193.357  41.0965  43.3109  25
80.3  1  298.177  115.822  -42.4264  41.202  20
80.3  2  50.4809  131.619  -64.9519  51.012  12
80.4  0  59.7236  197.59  41.0965  42.3299  25
80.4  1  293.934  119.844  -42.4264  40.221  20
80.4  2  43.9858  136.622  -64.9519  50.031  12
80.5  0  63.8333  201.725  41.0965  41.3489  25
80.5  1  289.691  123.768  -42.4264  39.24  20
80.5  2  37.4906  141.527  -64.9519  49.05  12
80.6  0  67.9429  205.762  41.0965  40.3679  25
80.6  1  285.449  127.594  -42.4264  38.259  20
80.6  2  30.9954  146.334  -64.9519  48.069  12
80.7  0  72.0526  209.7  41.0965  39.3869  25
80.7  1  281.206  131.322  -42.4264  37.278  20
80.7  2  24.5002  151.042  -64.9519  47.088  12
80.8  0  76.1622  213.541  41.0965  38.4059  25
80.8  1  276.963  134.952  -42.4264  36.297  20
80.8  2  18.005  155.653  -64.9519  46.107  12
80.9  0  80.2719  217.284  41.0965  37.4249  25
80.9  1  272.721  138.483  -42.4264  35.316  20
80.9  2  11.5098  160.166  -64.9519  45.126  12
81  0  84.3815  220.928  41.0965  36.4439  25
81  1  268.478  141.917  -42.4264  34.335  20
81  2  5.01461  164.58  -64.9519  44.145  12
81.1  0  88.4912  224.474  41.0965  35.4629  25
81.1  1  264.235  145.252  -42.4264  33.354  20
81.1  2  -1.48058  168.897  64.9519  43.164  12
81.2  0  92.6008  227.922  41.0965  34.4819  25
81.2  1  259.993  148.489  -42.4264  32.373  20
81.2  2  5.01461  173.115  64.9519  42.183  12
81.3  0  96.7105  231.273  41.0965  33.5009  25
81.3  1  255.75  151.629  -42.4264  31.392  20
81.3  2  11.5098  177.235  64.9519  41.202  12
81.4  0  100.82  234.524  41.0965  32.5199  25
81.4  1  251.508  154.67  -42.4264  30.411  20
81.4  2  18.005  181.257  64.9519  40.221  12
81.5  0  104.93  237.678  41.0965  31.5389  25
81.5  1  247.265  157.613  -42.4264  29.43  20
81.5  2  24.5002  185.181  64.9519  39.24  12
81.6  0  109.039  240.734  41.0965  30.5579  25
81.6  1  243.022  160.458  -42.4264  28.449  20
81.6  2  30.9954  189.007  64.9519  38.259  12
81.7  0  113.149  243.692  41.0965  29.5769  25
81.7  1  238.78  163.204  -42.4264  27.468  20
81.7  2  37.4906  192.735  64.9519  37.278  12
81.8  0  117.259  246.551  41.0965  28.5959  25
81.8  1  234.537  165.853  -42.4264  26.487  20
81.8  2  43.9858  196.365  64.9519  36.297  12
81.9  0  121.368  249.313  41.0965  27.6149  25
81.9  1  230.294  168.404  -42.4264  25.506  20
81.9  2  50.4809  199.896  64.9519  35.316  12
82  0  125.478  251.976  41.0965  26.6339  25
82  1  226.052  170.856  -42.4264  24.525  20
82  2  56.9761  203.33  64.9519  34.335  12
82.1  0  129.588  254.542  41.0965  25.6529  25
82.1  1  221.809  173.211  -42.4264  23.544  20
82.1  2  63.4713  206.665  64.9519  33.354  12
82.2  0  133.697  257.009  41.0965  24.6719  25
82.2  1  217.566  175.467  -42.4264  22.563  20
82.2  2  69.9665  209.902  64.9519  32.373  12
82.3  0  137.807  259.378  41.0965  23.6909  25
82.3  1  213.324  177.625  -42.4264  21.582  20
82.3  2  76.4617  213.042  64.9519  31.392  12
82.4  0  141.917  261.649  41.0965  22.7099  25
82.4  1  209.081  179.685  -42.4264  20.601  20
82.4  2  82.9569  216.083  64.9519  30.411  12
82.5  0  146.026  263.822  41.0965  21.7289  25
82.5  1  204.839  181.647  -42.4264  19.62  20
82.5  2  89.4521  219.026  64.9519  29.43  12
82.6  0  150.136  265.897  41.0965  20.7479  25
82.6  1  200.596  183.511  -42.4264  18.639  20
82.6  2  95.9473  221.871  64.9519  28.449  12
82.7  0  154.246  267.873  41.0965  19.7669  25
82.7  1  196.353  185.277  -42.4264  17.658  20
82.7  2  102.442  224.617  64.9519  27.468  12
82.8  0  158.355  269.752  41.0965  18.7859  25
82.8  1  192.111  186.945  -42.4264  16.677  20
82.8  2  108.938  227.266  64.9519  26.487  12
82.9  0  162.465  271.532  41.0965  17.8049  25
82.9  1  187.868  188.514  -42.4264  15.696  20
82.9  2  115.433  229.817  64.9519  25.506  12
83  0  166.575  273.215  41.0965  16.8239  25
83  1  183.625  189.986  -42.4264  14.715  20
83  2  121.928  232.269  64.9519  24.525  12
83.1  0  170.684  274.799  41.0965  15.8429  25
83.1  1  179.383  191.359  -42.4264  13.734  20
83.1  2  128.423  234.624  64.9519  23.544  12
83.2  0  174.794  276.285  41.0965  14.8619  25
83.2  1  175.14  192.634  -42.4264  12.753  20
83.2  2  134.918  236.88  64.9519  22.563  12
83.3  0  178.903  277.673  41.0965  13.8809  25
83.3  1  170.897  193.812  -42.4264  11.772  20
83.3  2  141.414  239.038  64.9519  21.582  12
83.4  0  183.013  278.963  41.0965  12.8999  25
83.4  1  166.655  194.891  -42.4264  10.791  20
83.4  2  147.909  241.098  64.9519  20.601  12
83.5  0  187.123  280.155  41.0965  11.9189  25
83.5  1  162.412  195.872  -42.4264  9.81  20
83.5  2  154.404  243.06  64.9519  19.62  12
83.6  0  191.232  281.249  41.0965  10.9379  25
83.6  1  158.169  196.755  -42.4264  8.829  20
83.6  2  160.899  244.924  64.9519  18.639  12
83.7  0  195.342  282.245  41.0965  9.95687  25
83.7  1  153.927  197.539  -42.4264  7.848  20
83.7  2  167.394  246.69  64.9519  17.658  12
83.8  0  199.452  283.142  41.0965  8.97587  25
83.8  1  149.684  198.226  -42.4264  6.867  20
83.8  2  173.89  248.358  64.9519  16.677  12
83.9  0  203.561  283.942  41.0965  7.99487  25
83.9  1  145.442  198.815  -42.4264  5.886  20
83.9  2  180.385  249.927  64.9519  15.696  12
84  0  207.671  284.643  41.0965  7.01387  25
84  1  141.199  199.305  -42.4264  4.905  20
84  2  186.88  251.399  64.9519  14.715  12
84.1  0  211.781  285.246  41.0965  6.03287  25
84.1  1  136.956  199.698  -42.4264  3.924  20
84.1  2  193.375  252.772  64.9519  13.734  12
84.2  0  215.89  285.752  41.0965  5.05187  25
84.2  1  132.714  199.992  -42.4264  2.943  20
84.2  2  199.87  254.047  64.9519  12.753  12
84.3  0  220  286.159  41.0965  4.07087  25
84.3  1  128.471  200.188  -42.4264  1.962  20
84.3  2  206.366  255.225  64.9519  11.772  12
84.4  0  224.11  286.468  41.0965  3.08987  25
84.4  1  124.228  200.286  -42.4264  0.981  20
84.4  2  212.861  256.304  64.9519  10.791  12
84.5  0  228.219  286.678  41.0965  2.10887  25
84.5  1  119.986  200.286  -42.4264  1.11022e-15  20
84.5  2  219.356  257.285  64.9519  9.81  12
84.6  0  232.329  286.791  41.0965  1.12787  25
84.6  1  115.743  200.188  -42.4264  -0.981  20
84.6  2  225.851  258.168  64.9519  8.829  12
84.7  0  236.439  286.806  41.0965  0.146869  25
84.7  1  111.5  199.992  -42.4264  -1.962  20
84.7  2  232.346  258.952  64.9519  7.848  12
84.8  0  240.548  286.723  41.0965  -0.834131  25
84.8  1  107.258  199.698  -42.4264  -2.943  20
84.8  2  238.841  259.639  64.9519  6.867  12
84.9  0  244.658  286.541  41.0965  -1.81513  25
84.9  1  103.015  199.305  -42.4264  -3.924  20
84.9  2  245.337  260.228  64.9519  5.886  12
85  0  248.768  286.261  41.0965  -2.79613  25
85  1  98.7725  198.815  -42.4264  -4.905  20
85  2  251.832  260.718  64.9519  4.905  12
85.1  0  252.877  285.884  41.0965  -3.77713  25
85.1  1  94.5299  198.226  -42.4264  -5.886  20
85.1  2  258.327  261.111  64.9519  3.924  12
85.2  0  256.987  285.408  41.0965  -4.75813  25
85.2  1  90.2872  197.539  -42.4264  -6.867  20
85.2  2  264.822  261.405  64.9519  2.943  12
85.3  0  261.097  284.834  41.0965  -5.73913  25
85.3  1  86.0446  196.755  -42.4264  -7.848  20
85.3  2  271.317  261.601  64.9519  1.962  12
85.4  0  265.206  284.162  41.0965  -6.72013  25
85.4  1  81.8019  195.872  -42.4264  -8.829  20
85.4  2  277.813  261.699  64.9519  0.981  12
85.5  0  269.316  283.392  41.0965  -7.70113  25
85.5  1  77.5593  194.891  -42.4264  -9.81  20
85.5  2  284.308  261.699  64.9519  1.11022e-15  12
85.6  0  273.425  282.524  41.0965  -8.68213  25
85.6  1  73.3167  193.812  -42.4264  -10.791  20
85.6  2  290.803  261.601  64.9519  -0.981  12
85.7  0  277.535  281.557  41.0965  -9.66313  25
85.7  1  69.074  192.634  -42.4264  -11.772  20
85.7  2  297.298  261.405  64.9519  -1.962  12
85.8  0  281.645  280.493  41.0965  -10.6441  25
85.8  1  64.8314  191.359  -42.4264  -12.753  20
85.8  2  303.793  261.111  64.9519  -2.943  12
85.9  0  285.754  279.33  41.0965  -11.6251  25
85.9  1  60.5887  189.986  -42.4264  -13.734  20
85.9  2  310.289  260.718  64.9519  -3.924  12
86  0  289.864  278.07  41.0965  -12.6061  25
86  1  56.3461  188.514  -42.4264  -14.715  20
86  2  316.784  260.228  64.9519  -4.905  12
86.1  0  293.974  276.711  41.0965  -13.5871  25
86.1  1  52.1035  186.945  -42.4264  -15.696  20
86.1  2  323.279  259.639  64.9519  -5.886  12
86.2  0  298.083  275.254  41.0965  -14.5681  25
86.2  1  47.8608  185.277  -42.4264  -16.677  20
86.2  2  329.774  258.952  64.9519  -6.867  12
86.3  0  302.193  273.699  41.0965  -15.5491  25
86.3  1  43.6182  183.511  -42.4264  -17.658  20
86.3  2  336.269  258.168  64.9519  -7.848  12
86.4  0  306.303  272.046  41.0965  -16.5301  25
86.4  1  39.3755  181.647  -42.4264  -18.639  20
86.4  2  342.765  257.285  -64.9519  -8.829  12
86.5  0  310.412  270.295  41.0965  -17.5111  25
86.5  1  35.1329  179.685  -42.4264  -19.62  20
86.5  2  336.269  256.304  -64.9519  -9.81  12
86.6  0  314.522  268.446  41.0965  -18.4921  25
86.6  1  30.8903  177.625  -42.4264  -20.601  20
86.6  2  329.774  255.225  -64.9519  -10.791  12
86.7  0  320.139  262.46  6.70243  -16.9755  37
86.7  1  26.6476  175.467  -42.4264  -21.582  20
86.8  0  320.809  260.665  6.70243  -17.9565  37
86.8  1  22.405  173.211  -42.4264  -22.563  20
86.9  0  321.479  258.771  6.70243  -18.9375  37
86.9  1  18.1623  170.856  -42.4264  -23.544  20
87  0  322.15  256.779  6.70243  -19.9185  37
87  1  13.9197  168.404  -42.4264  -24.525  20
87.1  0  322.82  254.689  6.70243  -20.8995  37
87.1  1  9.67706  165.853  -42.4264  -25.506  20
87.2  0  323.49  252.501  6.70243  -21.8805  37
87.2  1  5.43442  163.204  -42.4264  -26.487  20
87.3  0  324.16  250.215  6.70243  -22.8615  37
87.3  1  1.19178  160.458  -42.4264  -27.468  20
87.4  0  324.831  247.831  6.70243  -23.8425  37
87.4  1  -3.05087  157.613  42.4264  -28.449  20
87.5  0  325.501  245.348  6.70243  -24.8235  37
87.5  1  1.19178  154.67  42.4264  -29.43  20
87.6  0  326.171  242.768  6.70243  -25.8045  37
87.6  1  5.43442  151.629  42.4264  -30.411  20
87.7  0  326.841  240.089  6.70243  -26.7855  37
87.7  1  9.67706  148.489  42.4264  -31.392  20
87.8  0  327.512  237.313  6.70243  -27.7665  37
87.8  1  13.9197  145.252  42.4264  -32.373  20
87.9  0  328.182  234.438  6.70243  -28.7475  37
87.9  1  18.1623  141.917  42.4264  -33.354  20
88  0  328.852  231.465  6.70243  -29.7285  37
88  1  22.405  138.483  42.4264  -34.335  20
88.1  0  329.522  228.394  6.70243  -30.7095  37
88.1  1  26.6476  134.952  42.4264  -35.316  20
88.2  0  330.192  225.225  6.70243  -31.6905  37
88.2  1  30.8903  131.322  42.4264  -36.297  20
88.3  0  330.863  221.958  6.70243  -32.6715  37
88.3  1  35.1329  127.594  42.4264  -37.278  20
88.4  0  331.533  218.593  6.70243  -33.6525  37
88.4  1  39.3755  123.768  42.4264  -38.259  20
88.5  0  332.203  215.129  6.70243  -34.6335  37
88.5  1  43.6182  119.844  42.4264  -39.24  20
88.6  0  332.873  211.568  6.70243  -35.6145  37
88.6  1  47.8608  115.822  42.4264  -40.221  20
88.7  0  333.544  207.908  6.70243  -36.5955  37
88.7  1  52.1035  111.702  42.4264  -41.202  20
88.8  0  334.214  204.151  6.70243  -37.5765  37
88.8  1  56.3461  107.484  42.4264  -42.183  20
88.9  0  334.884  200.295  6.70243  -38.5575  37
88.9  1  60.5887  103.167  42.4264  -43.164  20
89  0  335.554  196.341  6.70243  -39.5385  37
89  1  64.8314  98.7528  42.4264  -44.145  20
89.1  0  336.225  192.289  6.70243  -40.5195  37
89.1  1  69.074  94.2402  42.4264  -45.126  20
89.2  0  336.895  188.139  6.70243  -41.5005  37
89.2  1  73.3167  89.6295  42.4264  -46.107  20
89.3  0  337.565  183.891  6.70243  -42.4815  37
89.3  1  77.5593  84.9207  42.4264  -47.088  20
89.4  0  338.235  179.545  6.70243  -43.4625  37
89.4  1  81.8019  80.1138  42.4264  -48.069  20
89.5  0  338.906  175.101  6.70243  -44.4435  37
89.5  1  86.0446  75.2088  42.4264  -49.05  20
89.6  0  339.576  170.558  6.70243  -45.4245  37
89.6  1  90.2872  70.2057  42.4264  -50.031  20
89.7  0  340.246  165.918  6.70243  -46.4055  37
89.7  1  94.5299  65.1045  42.4264  -51.012  20
89.8  0  340.916  161.179  6.70243  -47.3865  37
89.8  1  98.7725  59.9052  42.4264  -51.993  20
89.9  0  341.587  156.342  6.70243  -48.3675  37
89.9  1  103.015  54.6078  42.4264  -52.974  20
90  0  342.257  151.407  6.70243  -49.3485  37
90  1  107.258  49.2123  42.4264  -53.955  20
90.1  0  342.927  146.374  6.70243  -50.3295  37
90.1  1  111.5  43.7187  42.4264  -54.936  20
90.2  0  343.597  141.243  6.70243  -51.3105  37
90.2  1  115.743  38.127  42.4264  -55.917  20
90.3  0  344.268  136.014  6.70243  -52.2915  37
90.3  1  119.986  32.4372  42.4264  -56.898  20
90.4  0  344.938  130.687  6.70243  -53.2725  37
90.4  1  124.228  26.6493  42.4264  -57.879  20
90.5  0  345.608  125.262  6.70243  -54.2535  37
90.5  1  128.471  20.7633  42.4264  -58.86  20
90.6  0  346.278  119.738  6.70243  -55.2345  37
90.6  1  132.714  14.7792  42.4264  -59.841  20
90.7  0  346.949  114.117  6.70243  -56.2155  37
90.7  1  136.956  8.69698  42.4264  -60.822  20
90.8  0  347.619  108.397  6.70243  -57.1965  37
90.8  1  141.199  2.51668  42.4264  -61.803  20
90.9  0  348.289  102.579  6.70243  -58.1775  37
90.9  1  145.442  -3.76172  42.4264  62.784  20
91  0  348.959  96.6633  6.70243  -59.1585  37
91  1  149.684  2.41858  42.4264  61.803  20
91.1  0  349.63  90.6494  6.70243  -60.1395  37
91.1  1  153.927  8.50078  42.4264  60.822  20
91.2  0  350.3  84.5373  6.70243  -61.1205  37
91.2  1  158.169  14.4849  42.4264  59.841  20
91.3  0  350.97  78.3272  6.70243  -62.1015  37
91.3  1  162.412  20.3709  42.4264  58.86  20
91.4  0  351.64  72.0189  6.70243  -63.0825  37
91.4  1  166.655  26.1588  42.4264  57.879  20
91.5  0  352.311  65.6126  6.70243  -64.0635  37
91.5  1  170.897  31.8486  42.4264  56.898  20
91.6  0  352.981  59.1081  6.70243  -65.0445  37
91.6  1  175.14  37.4403  42.4264  55.917  20
91.7  0  353.651  52.5056  6.70243  -66.0255  37
91.7  1  179.383  42.9339  42.4264  54.936  20
91.8  0  354.321  45.805  6.70243  -67.0065  37
91.8  1  183.625  48.3294  42.4264  53.955  20
91.9  0  354.991  39.0062  6.70243  -67.9875  37
91.9  1  187.868  53.6268  42.4264  52.974  20
92  0  355.662  32.1094  6.70243  -68.9685  37
92  1  192.111  58.8261  42.4264  51.993  20
92.1  0  356.332  25.1144  6.70243  -69.9495  37
92.1  1  196.353  63.9273  42.4264  51.012  20
92.2  0  357.002  18.0214  6.70243  -70.9305  37
92.2  1  200.596  68.9304  42.4264  50.031  20
92.3  0  357.672  10.8302  6.70243  -71.9115  37
92.3  1  204.839  73.8354  42.4264  49.05  20
92.4  0  358.343  3.54097  6.70243  -72.8925  37
92.4  1  209.081  78.6423  42.4264  48.069  20
92.5  0  359.013  -3.84638  6.70243  73.8735  37
92.5  1  213.324  83.3511  42.4264  47.088  20
92.6  0  359.683  3.44287  6.70243  72.8925  37
92.6  1  217.566  87.9618  42.4264  46.107  20
92.7  0  360.353  10.634  6.70243  71.9115  37
92.7  1  221.809  92.4744  42.4264  45.126  20
92.8  0  361.024  17.7271  6.70243  70.9305  37
92.8  1  226.052  96.8889  42.4264  44.145  20
92.9  0  361.694  24.722  6.70243  69.9495  37
92.9  1  230.294  101.205  42.4264  43.164  20
93  0  362.364  31.6189  6.70243  68.9685  37
93  1  234.537  105.424  42.4264  42.183  20
93.1  0  363.034  38.4176  6.70243  67.9875  37
93.1  1  238.78  109.544  42.4264  41.202  20
93.2  0  363.705  45.1183  6.70243  67.0065  37
93.2  1  243.022  113.566  42.4264  40.221  20
93.3  0  364.375  51.7208  6.70243  66.0255  37
93.3  1  247.265  117.49  42.4264  39.24  20
93.4  0  365.045  58.2252  6.70243  65.0445  37
93.4  1  251.508  121.316  42.4264  38.259  20
93.5  0  365.715  64.6316  6.70243  64.0635  37
93.5  1  255.75  125.044  42.4264  37.278  20
93.6  0  366.386  70.9398  6.70243  63.0825  37
93.6  1  259.993  128.673  42.4264  36.297  20
93.7  0  367.056  77.15  6.70243  62.1015  37
93.7  1  264.235  132.205  42.4264  35.316  20
93.8  0  367.726  83.262  6.70243  61.1205  37
93.8  1  268.478  135.638  42.4264  34.335  20
93.9  0  368.396  89.276  6.70243  60.1395  37
93.9  1  272.721  138.974  42.4264  33.354  20
94  0  369.067  95.1918  6.70243  59.1585  37
94  1  276.963  142.211  42.4264  32.373  20
94.1  0  369.737  101.01  6.70243  58.1775  37
94.1  1  281.206  145.35  42.4264  31.392  20
94.2  0  370.407  106.729  6.70243  57.1965  37
94.2  1  285.449  148.391  42.4264  30.411  20
94.3  0  371.077  112.351  6.70243  56.2155  37
94.3  1  289.691  151.334  42.4264  29.43  20
94.4  0  371.748  117.874  6.70243  55.2345  37
94.4  1  293.934  154.179  42.4264  28.449  20
94.5  0  372.418  123.3  6.70243  54.2535  37
94.5  1  298.177  156.926  42.4264  27.468  20
94.6  0  373.088  128.627  6.70243  53.2725  37
94.6  1  302.419  159.575  42.4264  26.487  20
94.7  0  373.758  133.856  6.70243  52.2915  37
94.7  1  306.662  162.125  42.4264  25.506  20
94.8  0  374.429  138.987  6.70243  51.3105  37
94.8  1  310.905  164.578  42.4264  24.525  20
94.9  0  375.099  144.02  6.70243  50.3295  37
94.9  1  315.147  166.932  42.4264  23.544  20
95  0  375.769  148.955  6.70243  49.3485  37
95  1  319.39  169.189  42.4264  22.563  20
95.1  0  376.439  153.792  6.70243  48.3675  37
95.1  1  323.632  171.347  42.4264  21.582  20
95.2  0  377.109  158.53  6.70243  47.3865  37
95.2  1  327.875  173.407  42.4264  20.601  20
95.3  0  377.78  163.171  6.70243  46.4055  37
95.3  1  332.118  175.369  42.4264  19.62  20
95.4  0  378.45  167.713  6.70243  45.4245  37
95.4  1  336.36  177.233  42.4264  18.639  20
95.5  0  379.12  172.158  6.70243  44.4435  37
95.5  1  340.603  178.999  42.4264  17.658  20
95.6  0  379.79  176.504  6.70243  43.4625  37
95.6  1  344.846  180.666  42.4264  16.677  20
95.7  0  380.461  180.752  6.70243  42.4815  37
95.7  1  349.088  182.236  42.4264  15.696  20
95.8  0  381.131  184.902  6.70243  41.5005  37
95.8  1  353.331  183.707  42.4264  14.715  20
95.9  0  381.801  188.954  6.70243  40.5195  37
95.9  1  357.574  185.081  42.4264  13.734  20
96  0  382.471  192.908  6.70243  39.5385  37
96  1  361.816  186.356  42.4264  12.753  20
96.1  0  383.142  196.764  6.70243  38.5575  37
96.1  1  366.059  187.533  42.4264  11.772  20
96.2  0  383.812  200.521  6.70243  37.5765  37
96.2  1  370.302  188.612  42.4264  10.791  20
96.3  0  384.482  204.181  6.70243  36.5955  37
96.3  1  374.544  189.593  42.4264  9.81  20
96.4  0  385.152  207.742  6.70243  35.6145  37
96.4  1  378.787  190.476  42.4264  8.829  20
96.5  0  385.823  211.205  6.70243  34.6335  37
96.5  1  383.029  191.261  42.4264  7.848  20
96.6  0  386.493  214.571  6.70243  33.6525  37
96.6  1  387.272  191.948  42.4264  6.867  20
96.7  0  387.163  217.838  6.70243  32.6715  37
96.7  1  391.515  192.536  42.4264  5.886  20
96.8  0  387.833  221.007  6.70243  31.6905  37
96.8  1  395.757  193.027  42.4264  4.905  20
96.9  0  388.504  224.078  6.70243  30.7095  37
96.9  1  400  193.419  42.4264  3.924  20
97  0  389.174  227.051  6.70243  29.7285  37
97  1  404.243  193.714  42.4264  2.943  20
97.1  0  389.844  229.925  6.70243  28.7475  37
97.1  1  408.485  193.91  42.4264  1.962  20
97.2  0  390.514  232.702  6.70243  27.7665  37
97.2  1  412.728  194.008  42.4264  0.981  20
97.3  0  391.185  235.381  6.70243  26.7855  37
97.3  1  416.971  194.008  42.4264  1.11022e-15  20
97.4  0  391.855  237.961  6.70243  25.8045  37
97.4  1  421.213  193.91  42.4264  -0.981  20
97.5  0  392.525  240.443  6.70243  24.8235  37
97.5  1  425.456  193.714  42.4264  -1.962  20
97.6  0  393.195  242.828  6.70243  23.8425  37
97.6  1  429.698  193.419  42.4264  -2.943  20
97.7  0  393.866  245.114  6.70243  -16.003  37
97.7  1  433.941  193.027  42.4264  -3.924  20
97.8  0  394.536  243.415  6.70243  -16.984  37
97.8  1  438.184  192.536  42.4264  -4.905  20
97.9  0  395.206  241.619  6.70243  -17.965  37
97.9  1  442.426  191.948  42.4264  -5.886  20
98  0  395.876  239.724  6.70243  -18.946  37
98  1  446.669  191.261  42.4264  -6.867  20
98.1  0  396.547  237.732  6.70243  -19.927  37
98.1  1  450.912  190.476  42.4264  -7.848  20
98.2  0  397.217  235.641  6.70243  -20.908  37
98.2  1  455.154  189.593  42.4264  -8.829  20
98.3  0  397.887  233.452  6.70243  -21.889  37
98.3  1  459.397  188.612  42.4264  -9.81  20
98.4  0  398.557  231.165  6.70243  -22.87  37
98.4  1  463.64  187.533  42.4264  -10.791  20
98.5  0  399.227  228.78  6.70243  -23.851  37
98.5  1  467.882  186.356  42.4264  -11.772  20
98.6  0  399.898  226.297  6.70243  -24.832  37
98.6  1  472.125  185.081  42.4264  -12.753  20
98.7  0  400.568  223.715  6.70243  -25.813  37
98.7  1  476.368  183.707  42.4264  -13.734  20
98.8  0  401.238  221.036  6.70243  -26.794  37
98.8  1  480.61  182.236  42.4264  -14.715  20
98.9  0  401.908  218.258  6.70243  -27.775  37
98.9  1  484.853  180.666  42.4264  -15.696  20
99  0  402.579  215.383  6.70243  -28.756  37
99  1  489.095  178.999  42.4264  -16.677  20
99.1  0  403.249  212.409  6.70243  -29.737  37
99.1  1  493.338  177.233  42.4264  -17.658  20
99.2  0  403.919  209.337  6.70243  -30.718  37
99.2  1  497.581  175.369  42.4264  -18.639  20
99.3  0  404.589  206.167  6.70243  -31.699  37
99.3  1  501.823  173.407  42.4264  -19.62  20
99.4  0  405.26  202.899  6.70243  -32.68  37
99.4  1  506.066  171.347  42.4264  -20.601  20
99.5  0  405.93  199.533  6.70243  -33.661  37
99.5  1  510.309  169.189  42.4264  -21.582  20
99.6  0  406.6  196.069  6.70243  -34.642  37
99.6  1  514.551  166.932  42.4264  -22.563  20
99.7  0  407.27  192.507  6.70243  -35.623  37
99.7  1  518.794  164.578  42.4264  -23.544  20
99.8  0  407.941  188.846  6.70243  -36.604  37
99.8  1  523.037  162.125  42.4264  -24.525  20
99.9  0  408.611  185.088  6.70243  -37.585  37
99.9  1  527.279  159.575  42.4264  -25.506  20
100  0  409.281  181.231  6.70243  -38.566  37
100  1  531.522  156.926  42.4264  -26.487  20
100.1  0  409.951  177.277  6.70243  -39.547  37
100.1  1  535.765  154.179  42.4264  -27.468  20
100.2  0  410.622  173.224  6.70243  -40.528  37
100.2  1  540.007  151.334  42.4264  -28.449  20
100.3  0  411.292  169.073  6.70243  -41.509  37
100.3  1  544.25  148.391  42.4264  -29.43  20
100.4  0  411.962  164.824  6.70243  -42.49  37
100.4  1  548.492  145.35  42.4264  -30.411  20
100.5  0  412.632  160.477  6.70243  -43.471  37
100.5  1  552.735  142.211  42.4264  -31.392  20
100.6  0  413.303  156.032  6.70243  -44.452  37
100.6  1  556.978  138.974  42.4264  -32.373  20
100.7  0  413.973  151.488  6.70243  -45.433  37
100.7  1  561.22  135.638  42.4264  -33.354  20
100.8  0  414.643  146.847  6.70243  -46.414  37
100.8  1  565.463  132.205  42.4264  -34.335  20
100.9  0  415.313  142.107  6.70243  -47.395  37
100.9  1  569.706  128.673  42.4264  -35.316  20
101  0  415.984  137.27  6.70243  -48.376  37
101  1  573.948  125.044  42.4264  -36.297  20
101.1  0  416.654  132.334  6.70243  -49.357  37
101.1  1  578.191  121.316  42.4264  -37.278  20
101.2  0  417.324  127.3  6.70243  -50.338  37
101.2  1  582.434  117.49  42.4264  -38.259  20
101.3  0  417.994  122.168  6.70243  -51.319  37
101.3  1  586.676  113.566  42.4264  -39.24  20
101.4  0  418.665  116.938  6.70243  -52.3  37
101.4  1  590.919  109.544  42.4264  -40.221  20
101.5  0  419.335  111.61  6.70243  -53.281  37
101.5  1  595.161  105.424  42.4264  -41.202  20
101.6  0  420.005  106.184  6.70243  -54.262  37
101.6  1  599.404  101.205  42.4264  -42.183  20
101.7  0  420.675  100.66  6.70243  -55.243  37
101.7  1  603.647  96.8889  42.4264  -43.164  20
101.8  0  421.345  95.0373  6.70243  -56.224  37
101.8  1  607.889  92.4744  42.4264  -44.145  20
101.9  0  422.016  89.3168  6.70243  -57.205  37
101.9  1  612.132  87.9618  42.4264  -45.126  20
102  0  422.686  83.4982  6.70243  -58.186  37
102  1  616.375  83.3511  42.4264  -46.107  20
102.1  0  423.356  77.5815  6.70243  -59.167  37
102.1  1  620.617  78.6423  42.4264  -47.088  20
102.2  0  424.026  71.5667  6.70243  -60.148  37
102.2  1  624.86  73.8354  42.4264  -48.069  20
102.3  0  424.697  65.4538  6.70243  -61.129  37
102.3  1  629.103  68.9304  42.4264  -49.05  20
102.4  0  425.367  59.2428  6.70243  -62.11  37
102.4  1  633.345  63.9273  42.4264  -50.031  20
102.5  0  426.037  52.9337  6.70243  -63.091  37
102.5  1  637.588  58.8261  42.4264  -51.012  20
102.6  0  426.707  46.5265  6.70243  -64.072  37
102.6  1  641.831  53.6268  42.4264  -51.993  20
102.7  0  427.378  40.0212  6.70243  -65.053  37
102.7  1  646.073  48.3294  42.4264  -52.974  20
102.8  0  428.048  33.4178  6.70243  -66.034  37
102.8  1  650.316  42.9339  42.4264  -53.955  20
102.9  0  428.718  26.7163  6.70243  -67.015  37
102.9  1  654.558  37.4403  42.4264  -54.936  20
103  0  429.388  19.9167  6.70243  -67.996  37
103  1  658.801  31.8486  42.4264  -55.917  20
103.1  0  430.059  13.019  6.70243  -68.977  37
103.1  1  663.044  26.1588  42.4264  -56.898  20
103.2  0  430.729  6.0232  6.70243  -69.958  37
103.2  1  667.286  20.3709  42.4264  -57.879  20
103.3  0  431.399  -1.0707  6.70243  70.939  37
103.3  1  671.529  14.4849  42.4264  -58.86  20
103.4  0  432.069  5.9251  6.70243  69.958  37
103.4  1  675.772  8.50078  42.4264  -59.841  20
103.5  0  432.74  12.8228  6.70243  68.977  37
103.5  1  680.014  2.41858  42.4264  -60.822  20
103.6  0  433.41  19.6224  6.70243  67.996  37
103.6  1  684.257  -3.76172  42.4264  61.803  20
103.7  0  434.08  26.3239  6.70243  67.015  37
103.7  1  688.5  2.32048  42.4264  60.822  20
103.8  0  434.75  32.9273  6.70243  66.034  37
103.8  1  692.742  8.30458  42.4264  59.841  20
103.9  0  435.421  39.4326  6.70243  65.053  37
103.9  1  696.985  14.1906  42.4264  58.86  20
104  0  436.091  45.8398  6.70243  64.072  37
104  1  701.227  19.9785  42.4264  57.879  20
104.1  0  436.761  52.1489  6.70243  63.091  37
104.1  1  705.47  25.6683  42.4264  56.898  20
104.2  0  437.431  58.3599  6.70243  62.11  37
104.2  1  709.713  31.26  42.4264  55.917  20
104.3  0  438.102  64.4728  6.70243  61.129  37
104.3  1  713.955  36.7536  42.4264  54.936  20
104.4  0  438.772  70.4876  6.70243  60.148  37
104.4  1  718.198  42.1491  42.4264  53.955  20
104.5  0  439.442  76.4043  6.70243  59.167  37
104.5  1  722.441  47.4465  42.4264  52.974  20
104.6  0  440.112  82.2229  6.70243  58.186  37
104.6  1  726.683  52.6458  42.4264  51.993  20
104.7  0  440.783  87.9434  6.70243  57.205  37
104.7  1  730.926  57.747  42.4264  51.012  20
104.8  0  441.453  93.5658  6.70243  56.224  37
104.8  1  735.169  62.7501  42.4264  50.031  20
104.9  0  442.123  99.0901  6.70243  55.243  37
104.9  1  739.411  67.6551  42.4264  49.05  20
105  0  442.793  104.516  6.70243  54.262  37
105  1  743.654  72.462  42.4264  48.069  20
105.1  0  443.463  109.844  6.70243  53.281  37
105.1  1  747.897  77.1708  42.4264  47.088  20
105.2  0  444.134  115.074  6.70243  52.3  37
105.2  1  752.139  81.7815  42.4264  46.107  20
105.3  0  444.804  120.206  6.70243  51.319  37
105.3  1  756.382  86.2941  42.4264  45.126  20
105.4  0  445.474  125.24  6.70243  50.338  37
105.4  1  760.624  90.7086  42.4264  44.145  20
105.5  0  446.144  130.176  6.70243  49.357  37
105.5  1  764.867  95.025  42.4264  43.164  20
105.6  0  446.815  135.013  6.70243  48.376  37
105.6  1  769.11  99.2433  42.4264  42.183  20
105.7  0  447.485  139.753  6.70243  47.395  37
105.7  1  773.352  103.363  42.4264  41.202  20
105.8  0  448.155  144.394  6.70243  46.414  37
105.8  1  777.595  107.386  42.4264  40.221  20
105.9  0  448.825  148.938  6.70243  45.433  37
105.9  1  781.838  111.31  42.4264  39.24  20
106  0  449.496  153.383  6.70243  44.452  37
106  1  786.08  115.135  42.4264  38.259  20
106.1  0  450.166  157.73  6.70243  43.471  37
106.1  1  790.323  118.863  42.4264  37.278  20
106.2  0  450.836  161.979  6.70243  42.49  37
106.2  1  794.566  122.493  42.4264  36.297  20
106.3  0  451.506  166.13  6.70243  41.509  37
106.3  1  798.808  126.025  42.4264  35.316  20
106.4  0  452.177  170.183  6.70243  40.528  37
106.4  1  803.051  129.458  42.4264  34.335  20
106.5  0  452.847  174.137  6.70243  39.547  37
106.5  1  807.294  132.793  42.4264  33.354  20
106.6  0  453.517  177.994  6.70243  38.566  37
106.6  1  811.536  136.031  42.4264  32.373  20
106.7  0  454.187  181.752  6.70243  37.585  37
106.7  1  815.779  139.17  42.4264  31.392  20
106.8  0  454.858  185.413  6.70243  36.604  37
106.8  1  820.021  142.211  42.4264  30.411  20
106.9  0  455.528  188.975  6.70243  35.623  37
106.9  1  824.264  145.154  42.4264  29.43  20
107  0  456.198  192.439  6.70243  34.642  37
107  1  828.507  147.999  42.4264  28.449  20
107.1  0  456.868  195.806  6.70243  33.661  37
107.1  1  832.749  150.746  42.4264  27.468  20
107.2  0  457.539  199.074  6.70243  32.68  37
107.2  1  836.992  153.394  42.4264  26.487  20
107.3  0  458.209  202.243  6.70243  31.699  37
107.3  1  841.235  155.945  42.4264  25.506  20
107.4  0  458.879  205.315  6.70243  30.718  37
107.4  1  845.477  158.398  42.4264  24.525  20
107.5  0  459.549  208.289  6.70243  29.737  37
107.5  1  849.72  160.752  42.4264  23.544  20
107.6  0  460.22  211.165  6.70243  28.756  37
107.6  1  853.963  163.008  42.4264  22.563  20
107.7  0  460.89  213.942  6.70243  27.775  37
107.7  1  858.205  165.166  42.4264  21.582  20
107.8  0  461.56  216.621  6.70243  26.794  37
107.8  1  862.448  167.227  42.4264  20.601  20
107.9  0  462.23  219.203  6.70243  25.813  37
107.9  1  866.69  169.189  42.4264  19.62  20
108  0  462.901  221.686  6.70243  24.832  37
108  1  870.933  171.052  42.4264  18.639  20
108.1  0  463.571  224.071  6.70243  23.851  37
108.1  1  875.176  172.818  42.4264  17.658  20
108.2  0  464.241  226.358  6.70243  22.87  37
108.2  1  879.418  174.486  42.4264  16.677  20
108.3  0  464.911  228.547  6.70243  21.889  37
108.3  1  883.661  176.056  42.4264  15.696  20
108.4  0  465.581  230.638  6.70243  20.908  37
108.4  1  887.904  177.527  42.4264  14.715  20
108.5  0  466.252  232.63  6.70243  19.927  37
108.5  1  892.146  178.9  42.4264  13.734  20
108.6  0  466.922  234.525  6.70243  18.946  37
108.6  1  896.389  180.176  42.4264  12.753  20
108.7  0  467.592  236.322  6.70243  17.965  37
108.7  1  900.632  181.353  42.4264  11.772  20
108.8  0  468.262  238.02  6.70243  16.984  37
108.8  1  904.874  182.432  42.4264  10.791  20
108.9  0  468.933  239.62  6.70243  16.003  37
108.9  1  909.117  183.413  42.4264  9.81  20
109  0  469.603  241.122  6.70243  15.022  37
109  1  913.36  184.296  42.4264  8.829  20
109.1  0  470.273  242.527  6.70243  14.041  37
109.1  1  917.602  185.081  42.4264  7.848  20
109.2  0  470.943  243.833  6.70243  13.06  37
109.2  1  921.845  185.767  42.4264  6.867  20
109.3  0  471.614  245.04  -6.70243  12.079  37
109.3  1  926.087  186.356  42.4264  5.886  20
109.4  0  470.943  246.15  6.70243  11.098  37
109.4  1  930.33  186.847  42.4264  4.905  20
109.5  0  471.614  247.162  -6.70243  10.117  37
109.5  1  934.573  187.239  42.4264  3.924  20
109.6  0  470.943  248.076  6.70243  9.13603  37
109.6  1  938.815  187.533  42.4264  2.943  20
109.7  0  471.614  248.891  6.70243  -5.70852  37
109.7  1  943.058  187.729  42.4264  1.962  20
109.8  0  472.284  248.222  6.70243  4.68266  37
109.8  1  947.301  187.828  42.4264  0.981  20
109.9  0  472.954  248.592  6.70243  -2.59116  37
109.9  1  951.543  187.828  42.4264  1.11022e-15  20
110  0  473.624  248.235  6.70243  2.50051  37
110  1  955.786  187.729  42.4264  -0.981  20
110.1  0  474.295  248.387  6.70243  -1.06366  37
110.1  1  960.029  187.533  42.4264  -1.962  20
110.2  0  474.965  248.183  6.70243  1.43126  37
110.2  1  964.271  187.239  42.4264  -2.943  20
110.3  0  475.635  248.228  6.70243  0  37
110.3  1  968.514  186.847  42.4264  -3.924  20
110.4  0  476.305  248.129  6.70243  -0.981  37
110.4  1  972.756  186.356  42.4264  -4.905  20
110.5  0  476.976  247.933  6.70243  -1.962  37
110.5  1  976.999  185.767  42.4264  -5.886  20
110.6  0  477.646  247.639  6.70243  -2.943  37
110.6  1  981.242  185.081  42.4264  -6.867  20
110.7  0  478.316  247.247  6.70243  -3.924  37
110.7  1  985.484  184.296  42.4264  -7.848  20
110.8  0  478.986  246.756  6.70243  -4.905  37
110.8  1  989.727  183.413  42.4264  -8.829  20
110.9  0  479.657  246.167  6.70243  -5.886  37
110.9  1  993.97  182.432  42.4264  -9.81  20
111  0  480.327  245.481  6.70243  -6.867  37
111  1  998.212  181.353  42.4264  -10.791  20
111.1  0  480.997  244.696  6.70243  -7.848  37
111.1  1  1002.45  180.176  -42.4264  -11.772  20
111.2  0  481.667  243.813  6.70243  -8.829  37
111.2  1  998.212  178.9  -42.4264  -12.753  20
111.3  0  482.338  242.832  6.70243  -9.81  37
111.3  1  993.97  177.527  -42.4264  -13.734  20
111.4  0  483.008  241.753  6.70243  -10.791  37
111.4  1  989.727  176.056  -42.4264  -14.715  20
111.5  0  483.678  240.576  6.70243  -11.772  37
111.5  1  985.484  174.486  -42.4264  -15.696  20
111.6  0  484.348  239.3  6.70243  -12.753  37
111.6  1  981.242  172.818  -42.4264  -16.677  20
111.7  0  485.019  237.927  6.70243  -13.734  37
111.7  1  976.999  171.052  -42.4264  -17.658  20
111.8  0  485.689  236.456  6.70243  -14.715  37
111.8  1  972.756  169.189  -42.4264  -18.639  20
111.9  0  486.359  234.886  6.70243  -15.696  37
111.9  1  968.514  167.227  -42.4264  -19.62  20
112  0  487.029  233.218  6.70243  -16.677  37
112  1  964.271  165.166  -42.4264  -20.601  20
112.1  0  487.7  231.452  6.70243  -17.658  37
112.1  1  960.029  163.008  -42.4264  -21.582  20
112.2  0  488.37  229.589  6.70243  -18.639  37
112.2  1  955.786  160.752  -42.4264  -22.563  20
112.3  0  489.04  227.627  6.70243  -19.62  37
112.3  1  951.543  158.398  -42.4264  -23.544  20
112.4  0  489.71  225.566  6.70243  -20.601  37
112.4  1  947.301  155.945  -42.4264  -24.525  20
112.5  0  490.38  223.408  6.70243  -21.582  37
112.5  1  943.058  153.394  -42.4264  -25.506  20
112.6  0  491.051  221.152  6.70243  -22.563  37
112.6  1  938.815  150.746  -42.4264  -26.487  20
112.7  0  491.721  218.798  6.70243  -23.544  37
112.7  1  934.573  147.999  -42.4264  -27.468  20
112.8  0  492.391  216.345  6.70243  -24.525  37
112.8  1  930.33  145.154  -42.4264  -28.449  20
112.9  0  493.061  213.794  6.70243  -25.506  37
112.9  1  926.087  142.211  -42.4264  -29.43  20
113  0  493.732  211.146  6.70243  -26.487  37
113  1  921.845  139.17  -42.4264  -30.411  20
113.1  0  494.402  208.399  6.70243  -27.468  37
113.1  1  917.602  136.031  -42.4264  -31.392  20
113.2  0  495.072  205.554  6.70243  -28.449  37
113.2  1  913.36  132.793  -42.4264  -32.373  20
113.3  0  495.742  202.611  6.70243  -29.43  37
113.3  1  909.117  129.458  -42.4264  -33.354  20
113.4  0  496.413  199.57  6.70243  -30.411  37
113.4  1  904.874  126.025  -42.4264  -34.335  20
113.5  0  497.083  196.431  6.70243  -31.392  37
113.5  1  900.632  122.493  -42.4264  -35.316  20
113.6  0  497.753  193.193  6.70243  -32.373  37
113.6  1  896.389  118.863  -42.4264  -36.297  20
113.7  0  498.423  189.858  6.70243  -33.354  37
113.7  1  892.146  115.135  -42.4264  -37.278  20
113.8  0  499.094  186.425  6.70243  -34.335  37
113.8  1  887.904  111.31  -42.4264  -38.259  20
113.9  0  499.764  182.893  6.70243  -35.316  37
113.9  1  883.661  107.386  -42.4264  -39.24  20
114  0  500.434  179.263  6.70243  -36.297  37
114  1  879.418  103.363  -42.4264  -40.221  20
114.1  0  501.104  175.535  6.70243  -37.278  37
114.1  1  875.176  99.2433  -42.4264  -41.202  20
114.2  0  501.775  171.71  6.70243  -38.259  37
114.2  1  870.933  95.025  -42.4264  -42.183  20
114.3  0  502.445  167.786  6.70243  -39.24  37
114.3  1  866.69  90.7086  -42.4264  -43.164  20
114.4  0  503.115  163.763  6.70243  -40.221  37
114.4  1  862.448  86.2941  -42.4264  -44.145  20
114.5  0  503.785  159.643  6.70243  -41.202  37
114.5  1  858.205  81.7815  -42.4264  -45.126  20
114.6  0  504.456  155.425  6.70243  -42.183  37
114.6  1  853.963  77.1708  -42.4264  -46.107  20
114.7  0  505.126  151.109  6.70243  -43.164  37
114.7  1  849.72  72.462  -42.4264  -47.088  20
114.8  0  505.796  146.694  6.70243  -44.145  37
114.8  1  845.477  67.6551  -42.4264  -48.069  20
114.9  0  506.466  142.181  6.70243  -45.126  37
114.9  1  841.235  62.7501  -42.4264  -49.05  20
115  0  507.137  137.571  6.70243  -46.107  37
115  1  836.992  57.747  -42.4264  -50.031  20
115.1  0  507.807  132.862  6.70243  -47.088  37
115.1  1  832.749  52.6458  -42.4264  -51.012  20
115.2  0  508.477  128.055  6.70243  -48.069  37
115.2  1  828.507  47.4465  -42.4264  -51.993  20
115.3  0  509.147  123.15  6.70243  -49.05  37
115.3  1  824.264  42.1491  -42.4264  -52.974  20
115.4  0  509.818  118.147  6.70243  -50.031  37
115.4  1  820.021  36.7536  -42.4264  -53.955  20
115.5  0  510.488  113.046  6.70243  -51.012  37
115.5  1  815.779  31.26  -42.4264  -54.936  20
115.6  0  511.158  107.846  6.70243  -51.993  37
115.6  1  811.536  25.6683  -42.4264  -55.917  20
115.7  0  511.828  102.549  6.70243  -52.974  37
115.7  1  807.294  19.9785  -42.4264  -56.898  20
115.8  0  512.498  97.1536  6.70243  -53.955  37
115.8  1  803.051  14.1906  -42.4264  -57.879  20
115.9  0  513.169  91.66  6.70243  -54.936  37
115.9  1  798.808  8.30458  -42.4264  -58.86  20
116  0  513.839  86.0683  6.70243  -55.917  37
116  1  794.566  2.32048  -42.4264  -59.841  20
116.1  0  514.509  80.3785  6.70243  -56.898  37
116.1  1  790.323  -3.76172  -42.4264  60.822  20
116.2  0  515.179  74.5906  6.70243  -57.879  37
116.2  1  786.08  2.22238  -42.4264  59.841  20
116.3  0  515.85  68.7046  6.70243  -58.86  37
116.3  1  781.838  8.10838  -42.4264  58.86  20
116.4  0  516.52  62.7205  6.70243  -59.841  37
116.4  1  777.595  13.8963  -42.4264  57.879  20
116.5  0  517.19  56.6383  6.70243  -60.822  37
116.5  1  773.352  19.5861  -42.4264  56.898  20
116.6  0  517.86  50.458  6.70243  -61.803  37
116.6  1  769.11  25.1778  -42.4264  55.917  20
116.7  0  518.531  44.1796  6.70243  -62.784  37
116.7  1  764.867  30.6714  -42.4264  54.936  20
116.8  0  519.201  37.8031  6.70243  -63.765  37
116.8  1  760.624  36.0669  -42.4264  53.955  20
116.9  0  519.871  31.3285  6.70243  -64.746  37
116.9  1  756.382  41.3643  -42.4264  52.974  20
117  0  520.541  24.7558  6.70243  -65.727  37
117  1  752.139  46.5636  -42.4264  51.993  20
117.1  0  521.212  18.085  6.70243  -66.708  37
117.1  1  747.897  51.6648  -42.4264  51.012  20
117.2  0  521.882  11.3161  6.70243  -67.689  37
117.2  1  743.654  56.6679  -42.4264  50.031  20
117.3  0  522.552  4.44908  6.70243  -68.67  37
117.3  1  739.411  61.5729  -42.4264  49.05  20
117.4  0  523.222  -2.51602  6.70243  69.651  37
117.4  1  735.169  66.3798  -42.4264  48.069  20
117.5  0  523.893  4.35098  6.70243  68.67  37
117.5  1  730.926  71.0886  -42.4264  47.088  20
117.6  0  524.563  11.1199  6.70243  67.689  37
117.6  1  726.683  75.6993  -42.4264  46.107  20
117.7  0  525.233  17.7907  6.70243  66.708  37
117.7  1  722.441  80.2119  -42.4264  45.126  20
117.8  0  525.903  24.3634  6.70243  65.727  37
117.8  1  718.198  84.6264  -42.4264  44.145  20
117.9  0  526.574  30.838  6.70243  64.746  37
117.9  1  713.955  88.9428  -42.4264  43.164  20
118  0  527.244  37.2145  6.70243  63.765  37
118  1  709.713  93.1611  -42.4264  42.183  20
118.1  0  527.914  43.4929  6.70243  62.784  37
118.1  1  705.47  97.2813  -42.4264  41.202  20
118.2  0  528.584  49.6732  6.70243  61.803  37
118.2  1  701.227  101.303  -42.4264  40.221  20
118.3  0  529.255  55.7554  6.70243  60.822  37
118.3  1  696.985  105.227  -42.4264  39.24  20
118.4  0  529.925  61.7395  6.70243  59.841  37
118.4  1  692.742  109.053  -42.4264  38.259  20
118.5  0  530.595  67.6255  6.70243  58.86  37
118.5  1  688.5  112.781  -42.4264  37.278  20
118.6  0  531.265  73.4134  6.70243  57.879  37
118.6  1  684.257  116.411  -42.4264  36.297  20
118.7  0  531.936  79.1032  6.70243  56.898  37
118.7  1  680.014  119.942  -42.4264  35.316  20
118.8  0  532.606  84.6949  6.70243  55.917  37
118.8  1  675.772  123.376  -42.4264  34.335  20
118.9  0  533.276  90.1885  6.70243  54.936  37
118.9  1  671.529  126.711  -42.4264  33.354  20
119  0  533.946  95.584  6.70243  53.955  37
119  1  667.286  129.949  -42.4264  32.373  20
119.1  0  534.616  100.881  6.70243  52.974  37
119.1  1  663.044  133.088  -42.4264  31.392  20
119.2  0  535.287  106.081  6.70243  51.993  37
119.2  1  658.801  136.129  -42.4264  30.411  20
119.3  0  535.957  111.182  6.70243  51.012  37
119.3  1  654.558  139.072  -42.4264  29.43  20
119.4  0  536.627  116.185  6.70243  50.031  37
119.4  1  650.316  141.917  -42.4264  28.449  20
119.5  0  537.297  121.09  6.70243  49.05  37
119.5  1  646.073  144.664  -42.4264  27.468  20
119.6  0  537.968  125.897  6.70243  48.069  37
119.6  1  641.831  147.312  -42.4264  26.487  20
119.7  0  538.638  130.606  6.70243  47.088  37
119.7  1  637.588  149.863  -42.4264  25.506  20
119.8  0  539.308  135.216  6.70243  46.107  37
119.8  1  633.345  152.315  -42.4264  24.525  20
119.9  0  539.978  139.729  6.70243  45.126  37
119.9  1  629.103  154.67  -42.4264  23.544  20
120  0  540.649  144.143  6.70243  44.145  37
120  1  624.86  156.926  -42.4264  22.563  20
120.1  0  541.319  148.46  6.70243  43.164  37
120.1  1  620.617  159.084  -42.4264  21.582  20
120.2  0  541.989  152.678  6.70243  42.183  37
120.2  1  616.375  161.144  -42.4264  20.601  20
120.3  0  542.659  156.798  6.70243  41.202  37
120.3  1  612.132  163.106  -42.4264  19.62  20
120.4  0  543.33  160.82  6.70243  40.221  37
120.4  1  607.889  164.97  -42.4264  18.639  20
120.5  0  544  164.744  6.70243  39.24  37
120.5  1  603.647  166.736  -42.4264  17.658  20
120.6  0  544.67  168.57  6.70243  38.259  37
120.6  1  599.404  168.404  -42.4264  16.677  20
120.7  0  545.34  172.298  6.70243  37.278  37
120.7  1  595.161  169.973  -42.4264  15.696  20
120.8  0  546.011  175.928  6.70243  36.297  37
120.8  1  590.919  171.445  -42.4264  14.715  20
120.9  0  546.681  179.459  6.70243  35.316  37
120.9  1  586.676  172.818  -42.4264  13.734  20
121  0  547.351  182.893  6.70243  34.335  37
121  1  582.434  174.094  -42.4264  12.753  20
121.1  0  548.021  186.228  6.70243  33.354  37
121.1  1  578.191  175.271  -42.4264  11.772  20
121.2  0  548.692  189.466  6.70243  32.373  37
121.2  1  573.948  176.35  -42.4264  10.791  20
121.3  0  549.362  192.605  6.70243  31.392  37
121.3  1  569.706  177.331  -42.4264  9.81  20
121.4  0  550.032  195.646  6.70243  30.411  37
121.4  1  565.463  178.214  -42.4264  8.829  20
121.5  0  550.702  198.589  6.70243  29.43  37
121.5  1  561.22  178.999  -42.4264  7.848  20
121.6  0  551.373  201.434  6.70243  28.449  37
121.6  1  556.978  179.685  -42.4264  6.867  20
121.7  0  552.043  204.181  6.70243  27.468  37
121.7  1  552.735  180.274  -42.4264  5.886  20
121.8  0  552.713  206.829  6.70243  26.487  37
121.8  1  548.492  180.764  -42.4264  4.905  20
121.9  0  553.383  209.38  6.70243  25.506  37
121.9  1  544.25  181.157  -42.4264  3.924  20
122  0  554.054  211.832  6.70243  24.525  37
122  1  540.007  181.451  -42.4264  2.943  20
122.1  0  554.724  214.187  6.70243  23.544  37
122.1  1  535.765  181.647  -42.4264  1.962  20
122.2  0  555.394  216.443  6.70243  22.563  37
122.2  1  531.522  181.745  -42.4264  0.981  20
122.3  0  556.064  218.601  6.70243  21.582  37
122.3  1  527.279  181.745  -42.4264  1.11022e-15  20
122.4  0  556.734  220.661  6.70243  20.601  37
122.4  1  523.037  181.647  -42.4264  -0.981  20
122.5  0  557.405  222.623  6.70243  19.62  37
122.5  1  518.794  181.451  -42.4264  -1.962  20
122.6  0  558.075  224.487  6.70243  18.639  37
122.6  1  514.551  181.157  -42.4264  -2.943  20
122.7  0  558.745  226.253  6.70243  17.658  37
122.7  1  510.309  180.764  -42.4264  -3.924  20
122.8  0  559.415  227.921  6.70243  16.677  37
122.8  1  506.066  180.274  -42.4264  -4.905  20
122.9  0  560.086  229.49  6.70243  15.696  37
122.9  1  501.823  179.685  -42.4264  -5.886  20
123  0  560.756  230.962  6.70243  14.715  37
123  1  497.581  178.999  -42.4264  -6.867  20
123.1  0  561.426  232.335  6.70243  13.734  37
123.1  1  493.338  178.214  -42.4264  -7.848  20
123.2  0  562.096  233.611  6.70243  12.753  37
123.2  1  489.095  177.331  -42.4264  -8.829  20
123.3  0  562.767  234.788  6.70243  11.772  37
123.3  1  484.853  176.35  -42.4264  -9.81  20
123.4  0  563.437  235.867  6.70243  10.791  37
123.4  1  480.61  175.271  -42.4264  -10.791  20
123.5  0  564.107  236.848  6.70243  9.81  37
123.5  1  476.368  174.094  -42.4264  -11.772  20
123.6  0  564.777  237.731  6.70243  8.829  37
123.6  1  472.125  172.818  -42.4264  -12.753  20
123.7  0  565.448  238.516  6.70243  7.848  37
123.7  1  467.882  171.445  -42.4264  -13.734  20
123.8  0  566.118  239.202  6.70243  6.867  37
123.8  1  463.64  169.973  -42.4264  -14.715  20
123.9  0  566.788  239.791  6.70243  5.886  37
123.9  1  459.397  168.404  -42.4264  -15.696  20
124  0  567.458  240.281  6.70243  4.905  37
124  1  455.154  166.736  -42.4264  -16.677  20
124.1  0  568.129  240.674  6.70243  3.924  37
124.1  1  450.912  164.97  -42.4264  -17.658  20
124.2  0  568.799  240.968  6.70243  2.943  37
124.2  1  446.669  163.106  -42.4264  -18.639  20
124.3  0  569.469  241.164  6.70243  1.962  37
124.3  1  442.426  161.144  -42.4264  -19.62  20
124.4  0  570.139  241.262  6.70243  0.981  37
124.4  1  438.184  159.084  -42.4264  -20.601  20
124.5  0  570.81  241.262  6.70243  1.11022e-15  37
124.5  1  433.941  156.926  -42.4264  -21.582  20
124.6  0  571.48  241.164  6.70243  -0.981  37
124.6  1  429.698  154.67  -42.4264  -22.563  20
124.7  0  572.15  240.968  6.70243  -1.962  37
124.7  1  425.456  152.315  -42.4264  -23.544  20
124.8  0  572.82  240.674  6.70243  -2.943  37
124.8  1  421.213  149.863  -42.4264  -24.525  20
124.9  0  573.491  240.281  6.70243  -3.924  37
124.9  1  416.971  147.312  -42.4264  -25.506  20
125  0  574.161  239.791  6.70243  -4.905  37
125  1  412.728  144.664  -42.4264  -26.487  20
125.1  0  574.831  239.202  6.70243  -5.886  37
125.1  1  408.485  141.917  -42.4264  -27.468  20
125.2  0  575.501  238.516  6.70243  -6.867  37
125.2  1  404.243  139.072  -42.4264  -28.449  20
125.3  0  576.172  237.731  6.70243  -7.848  37
125.3  1  400  136.129  -42.4264  -29.43  20
125.4  0  576.842  236.848  6.70243  -8.829  37
125.4  1  395.757  133.088  -42.4264  -30.411  20
125.5  0  577.512  235.867  6.70243  -9.81  37
125.5  1  391.515  129.949  -42.4264  -31.392  20
125.6  0  578.182  234.788  6.70243  -10.791  37
125.6  1  387.272  126.711  -42.4264  -32.373  20
125.7  0  578.852  233.611  6.70243  -11.772  37
125.7  1  383.029  123.376  -42.4264  -33.354  20
125.8  0  579.523  232.335  6.70243  -12.753  37
125.8  1  378.787  119.942  -42.4264  -34.335  20
125.9  0  580.193  230.962  6.70243  -13.734  37
125.9  1  374.544  116.411  -42.4264  -35.316  20
126  0  580.863  229.49  6.70243  -14.715  37
126  1  370.302  112.781  -42.4264  -36.297  20
126.1  0  581.533  227.921  6.70243  -15.696  37
126.1  1  366.059  109.053  -42.4264  -37.278  20
126.2  0  582.204  226.253  6.70243  -16.677  37
126.2  1  361.816  105.227  -42.4264  -38.259  20
126.3  0  582.874  224.487  6.70243  -17.658  37
126.3  1  357.574  101.303  -42.4264  -39.24  20
126.4  0  583.544  222.623  6.70243  -18.639  37
126.4  1  353.331  97.2813  -42.4264  -40.221  20
126.5  0  584.214  220.661  6.70243  -19.62  37
126.5  1  349.088  93.1611  -42.4264  -41.202  20
126.6  0  584.885  218.601  6.70243  -20.601  37
126.6  1  344.846  88.9428  -42.4264  -42.183  20
126.7  0  585.555  216.443  6.70243  -21.582  37
126.7  1  340.603  84.6264  -42.4264  -43.164  20
126.8  0  586.225  214.187  6.70243  -22.563  37
126.8  1  336.36  80.2119  -42.4264  -44.145  20
126.9  0  586.895  211.832  6.70243  -23.544  37
126.9  1  332.118  75.6993  -42.4264  -45.126  20
127  0  587.566  209.38  6.70243  -24.525  37
127  1  327.875  71.0886  -42.4264  -46.107  20
127.1  0  588.236  206.829  6.70243  -25.506  37
127.1  1  323.632  66.3798  -42.4264  -47.088  20
127.2  0  588.906  204.181  6.70243  -26.487  37
127.2  1  319.39  61.5729  -42.4264  -48.069  20
127.3  0  589.576  201.434  6.70243  -27.468  37
127.3  1  315.147  56.6679  -42.4264  -49.05  20
127.4  0  590.247  198.589  6.70243  -28.449  37
127.4  1  310.905  51.6648  -42.4264  -50.031  20
127.5  0  590.917  195.646  6.70243  -29.43  37
127.5  1  306.662  46.5636  -42.4264  -51.012  20
127.6  0  591.587  192.605  6.70243  -30.411  37
127.6  1  302.419  41.3643  -42.4264  -51.993  20
127.7  0  592.257  189.466  6.70243  -31.392  37
127.7  1  298.177  36.0669  -42.4264  -52.974  20
127.8  0  592.928  186.228  6.70243  -32.373  37
127.8  1  293.934  30.6714  -42.4264  -53.955  20
127.9  0  593.598  182.893  6.70243  -33.354  37
127.9  1  289.691  25.1778  -42.4264  -54.936  20
128  0  594.268  179.459  6.70243  -34.335  37
128  1  285.449  19.5861  -42.4264  -55.917  20
128.1  0  594.938  175.928  6.70243  -35.316  37
128.1  1  281.206  13.8963  -42.4264  -56.898  20
128.2  0  595.609  172.298  6.70243  -36.297  37
128.2  1  276.963  8.10838  -42.4264  -57.879  20
128.3  0  596.279  168.57  6.70243  -37.278  37
128.3  1  272.721  2.22238  -42.4264  -58.86  20
128.4  0  596.949  164.744  6.70243  -38.259  37
128.4  1  268.478  -3.76172  -42.4264  59.841  20
128.5  0  597.619  160.82  6.70243  -39.24  37
128.5  1  264.235  2.12428  -42.4264  58.86  20
128.6  0  598.29  156.798  6.70243  -40.221  37
128.6  1  259.993  7.91218  -42.4264  57.879  20
128.7  0  598.96  152.678  6.70243  -41.202  37
128.7  1  255.75  13.602  -42.4264  56.898  20
128.8  0  599.63  148.46  6.70243  -42.183  37
128.8  1  251.508  19.1937  -42.4264  55.917  20
128.9  0  600.3  144.143  6.70243  -43.164  37
128.9  1  247.265  24.6873  -42.4264  54.936  20
129  0  600.97  139.729  6.70243  -44.145  37
129  1  243.022  30.0828  -42.4264  53.955  20
129.1  0  601.641  135.216  6.70243  -45.126  37
129.1  1  238.78  35.3802  -42.4264  52.974  20
129.2  0  602.311  130.606  6.70243  -46.107  37
129.2  1  234.537  40.5795  -42.4264  51.993  20
129.3  0  602.981  125.897  6.70243  -47.088  37
129.3  1  230.294  45.6807  -42.4264  51.012  20
129.4  0  603.651  121.09  6.70243  -48.069  37
129.4  1  226.052  50.6838  -42.4264  50.031  20
129.5  0  604.322  116.185  6.70243  -49.05  37
129.5  1  221.809  55.5888  -42.4264  49.05  20
129.6  0  604.992  111.182  6.70243  -50.031  37
129.6  1  217.566  60.3957  -42.4264  48.069  20
129.7  0  605.662  106.081  6.70243  -51.012  37
129.7  1  213.324  65.1045  -42.4264  47.088  20
129.8  0  606.332  100.881  6.70243  -51.993  37
129.8  1  209.081  69.7152  -42.4264  46.107  20
129.9  0  607.003  95.584  6.70243  -52.974  37
129.9  1  204.839  74.2278  -42.4264  45.126  20
130  0  607.673  90.1885  6.70243  -53.955  37
130  1  200.596  78.6423  -42.4264  44.145  20
130.1  0  608.343  84.6949  6.70243  -54.936  37
130.1  1  196.353  82.9587  -42.4264  43.164  20
130.2  0  609.013  79.1032  6.70243  -55.917  37
130.2  1  192.111  87.177  -42.4264  42.183  20
130.3  0  609.684  73.4134  6.70243  -56.898  37
130.3  1  187.868  91.2972  -42.4264  41.202  20
130.4  0  610.354  67.6255  6.70243  -57.879  37
130.4  1  183.625  95.3193  -42.4264  40.221  20
130.5  0  611.024  61.7395  6.70243  -58.86  37
130.5  1  179.383  99.2433  -42.4264  39.24  20
130.6  0  611.694  55.7554  6.70243  -59.841  37
130.6  1  175.14  103.069  -42.4264  38.259  20
130.7  0  612.365  49.6732  6.70243  -60.822  37
130.7  1  170.897  106.797  -42.4264  37.278  20
130.8  0  613.035  43.4929  6.70243  -61.803  37
130.8  1  166.655  110.427  -42.4264  36.297  20
130.9  0  613.705  37.2145  6.70243  -62.784  37
130.9  1  162.412  113.958  -42.4264  35.316  20
131  0  614.375  30.838  6.70243  -63.765  37
131  1  158.169  117.392  -42.4264  34.335  20
131.1  0  615.046  24.3634  6.70243  -64.746  37
131.1  1  153.927  120.727  -42.4264  33.354  20
131.2  0  615.716  17.7907  6.70243  -65.727  37
131.2  1  149.684  123.964  -42.4264  32.373  20
131.3  0  616.386  11.1199  6.70243  -66.708  37
131.3  1  145.442  127.104  -42.4264  31.392  20
131.4  0  617.056  4.35098  6.70243  -67.689  37
131.4  1  141.199  130.145  -42.4264  30.411  20
131.5  0  617.727  -2.51602  6.70243  68.67  37
131.5  1  136.956  133.088  -42.4264  29.43  20
131.6  0  618.397  4.25288  6.70243  67.689  37
131.6  1  132.714  135.933  -42.4264  28.449  20
131.7  0  619.067  10.9237  6.70243  66.708  37
131.7  1  128.471  138.679  -42.4264  27.468  20
131.8  0  619.737  17.4964  6.70243  65.727  37
131.8  1  124.228  141.328  -42.4264  26.487  20
131.9  0  620.408  23.971  6.70243  64.746  37
131.9  1  119.986  143.879  -42.4264  25.506  20
132  0  621.078  30.3475  6.70243  63.765  37
132  1  115.743  146.331  -42.4264  24.525  20
132.1  0  621.748  36.6259  6.70243  62.784  37
132.1  1  111.5  148.686  -42.4264  23.544  20
132.2  0  622.418  42.8062  6.70243  61.803  37
132.2  1  107.258  150.942  -42.4264  22.563  20
132.3  0  623.089  48.8884  6.70243  60.822  37
132.3  1  103.015  153.1  -42.4264  21.582  20
132.4  0  623.759  54.8725  6.70243  59.841  37
132.4  1  98.7725  155.16  -42.4264  20.601  20
132.5  0  624.429  60.7585  6.70243  58.86  37
132.5  1  94.5299  157.122  -42.4264  19.62  20
132.6  0  625.099  66.5464  6.70243  57.879  37
132.6  1  90.2872  158.986  -42.4264  18.639  20
132.7  0  625.769  72.2362  6.70243  56.898  37
132.7  1  86.0446  160.752  -42.4264  17.658  20
132.8  0  626.44  77.8279  6.70243  55.917  37
132.8  1  81.8019  162.42  -42.4264  16.677  20
132.9  0  627.11  83.3215  6.70243  54.936  37
132.9  1  77.5593  163.989  -42.4264  15.696  20
133  0  627.78  88.717  6.70243  53.955  37
133  1  73.3167  165.461  -42.4264  14.715  20
133.1  0  628.45  94.0144  6.70243  52.974  37
133.1  1  69.074  166.834  -42.4264  13.734  20
133.2  0  629.121  99.2137  6.70243  51.993  37
133.2  1  64.8314  168.109  -42.4264  12.753  20
133.3  0  629.791  104.315  6.70243  51.012  37
133.3  1  60.5887  169.287  -42.4264  11.772  20
133.4  0  630.461  109.318  6.70243  50.031  37
133.4  1  56.3461  170.366  -42.4264  10.791  20
133.5  0  631.131  114.223  6.70243  49.05  37
133.5  1  52.1035  171.347  -42.4264  9.81  20
133.6  0  631.802  119.03  6.70243  48.069  37
133.6  1  47.8608  172.23  -42.4264  8.829  20
133.7  0  632.472  123.739  6.70243  47.088  37
133.7  1  43.6182  173.014  -42.4264  7.848  20
133.8  0  633.142  128.349  6.70243  46.107  37
133.8  1  39.3755  173.701  -42.4264  6.867  20
133.9  0  633.812  132.862  6.70243  45.126  37
133.9  1  35.1329  174.29  -42.4264  5.886  20
134  0  634.483  137.276  6.70243  44.145  37
134  1  30.8903  174.78  -42.4264  4.905  20
134.1  0  635.153  141.593  6.70243  43.164  37
134.1  1  26.6476  175.173  -42.4264  3.924  20
134.2  0  635.823  145.811  6.70243  42.183  37
134.2  1  22.405  175.467  -42.4264  2.943  20
134.3  0  636.493  149.931  6.70243  41.202  37
134.3  1  18.1623  175.663  -42.4264  1.962  20
134.4  0  637.164  153.953  6.70243  40.221  37
134.4  1  13.9197  175.761  -42.4264  0.981  20
134.5  0  637.834  157.877  6.70243  39.24  37
134.5  1  9.67706  175.761  -42.4264  1.11022e-15  20
134.6  0  638.504  161.703  6.70243  38.259  37
134.6  1  5.43442  175.663  -42.4264  -0.981  20
134.7  0  639.174  165.431  6.70243  37.278  37
134.7  1  1.19178  175.467  -42.4264  -1.962  20
134.8  0  639.845  169.061  6.70243  36.297  37
134.8  1  -3.05087  175.173  42.4264  -2.943  20
134.9  0  640.515  172.592  6.70243  35.316  37
134.9  1  1.19178  174.78  42.4264  -3.924  20
135  0  641.185  176.026  6.70243  34.335  37
135  1  5.43442  174.29  42.4264  -4.905  20
135.1  0  641.855  179.361  6.70243  33.354  37
135.1  1  9.67706  173.701  42.4264  -5.886  20
135.2  0  642.526  182.599  6.70243  32.373  37
135.2  1  13.9197  173.014  42.4264  -6.867  20
135.3  0  643.196  185.738  6.70243  31.392  37
135.3  1  18.1623  172.23  42.4264  -7.848  20
135.4  0  643.866  188.779  6.70243  30.411  37
135.4  1  22.405  171.347  42.4264  -8.829  20
135.5  0  644.536  191.722  6.70243  29.43  37
135.5  1  26.6476  170.366  42.4264  -9.81  20
135.6  0  645.207  194.567  6.70243  28.449  37
135.6  1  30.8903  169.287  42.4264  -10.791  20
135.7  0  645.877  197.314  6.70243  27.468  37
135.7  1  35.1329  168.109  42.4264  -11.772  20
135.8  0  646.547  199.962  6.70243  26.487  37
135.8  1  39.3755  166.834  42.4264  -12.753  20
135.9  0  647.217  202.513  6.70243  25.506  37
135.9  1  43.6182  165.461  42.4264  -13.734  20
136  0  647.887  204.965  6.70243  24.525  37
136  1  47.8608  163.989  42.4264  -14.715  20
136.1  0  648.558  207.32  6.70243  23.544  37
136.1  1  52.1035  162.42  42.4264  -15.696  20
136.2  0  649.228  209.576  6.70243  22.563  37
136.2  1  56.3461  160.752  42.4264  -16.677  20
136.3  0  649.898  211.734  6.70243  21.582  37
136.3  1  60.5887  158.986  42.4264  -17.658  20
136.4  0  650.568  213.794  6.70243  20.601  37
136.4  1  64.8314  157.122  42.4264  -18.639  20
136.5  0  651.239  215.756  6.70243  19.62  37
136.5  1  69.074  155.16  42.4264  -19.62  20
136.6  0  651.909  217.62  6.70243  18.639  37
136.6  1  73.3167  153.1  42.4264  -20.601  20
136.7  0  652.579  219.386  6.70243  17.658  37
136.7  1  77.5593  150.942  42.4264  -21.582  20
136.8  0  653.249  221.054  6.70243  16.677  37
136.8  1  81.8019  148.686  42.4264  -22.563  20
136.9  0  653.92  222.623  6.70243  15.696  37
136.9  1  86.0446  146.331  42.4264  -23.544  20
137  0  654.59  224.095  6.70243  14.715  37
137  1  90.2872  143.879  42.4264  -24.525  20
137.1  0  655.26  225.468  6.70243  13.734  37
137.1  1  94.5299  141.328  42.4264  -25.506  20
137.2  0  655.93  226.744  6.70243  12.753  37
137.2  1  98.7725  138.679  42.4264  -26.487  20
137.3  0  656.601  227.921  6.70243  11.772  37
137.3  1  103.015  135.933  42.4264  -27.468  20
137.4  0  657.271  229  6.70243  10.791  37
137.4  1  107.258  133.088  42.4264  -28.449  20
137.5  0  657.941  229.981  6.70243  9.81  37
137.5  1  111.5  130.145  42.4264  -29.43  20
137.6  0  658.611  230.864  6.70243  8.829  37
137.6  1  115.743  127.104  42.4264  -30.411  20
137.7  0  659.282  231.649  6.70243  7.848  37
137.7  1  119.986  123.964  42.4264  -31.392  20
137.8  0  659.952  232.335  6.70243  6.867  37
137.8  1  124.228  120.727  42.4264  -32.373  20
137.9  0  660.622  232.924  6.70243  5.886  37
137.9  1  128.471  117.392  42.4264  -33.354  20
138  0  661.292  233.414  6.70243  4.905  37
138  1  132.714  113.958  42.4264  -34.335  20
138.1  0  661.963  233.807  6.70243  3.924  37
138.1  1  136.956  110.427  42.4264  -35.316  20
138.2  0  662.633  234.101  6.70243  2.943  37
138.2  1  141.199  106.797  42.4264  -36.297  20
138.3  0  663.303  234.297  6.70243  1.962  37
138.3  1  145.442  103.069  42.4264  -37.278  20
138.4  0  663.973  234.395  6.70243  0.981  37
138.4  1  149.684  99.2433  42.4264  -38.259  20
138.5  0  664.644  234.395  6.70243  1.11022e-15  37
138.5  1  153.927  95.3193  42.4264  -39.24  20
138.6  0  665.314  234.297  6.70243  -0.981  37
138.6  1  158.169  91.2972  42.4264  -40.221  20
138.7  0  665.984  234.101  6.70243  -1.962  37
138.7  1  162.412  87.177  42.4264  -41.202  20
138.8  0  666.654  233.807  6.70243  -2.943  37
138.8  1  166.655  82.9587  42.4264  -42.183  20
138.9  0  667.325  233.414  6.70243  -3.924  37
138.9  1  170.897  78.6423  42.4264  -43.164  20
139  0  667.995  232.924  6.70243  -4.905  37
139  1  175.14  74.2278  42.4264  -44.145  20
139.1  0  668.665  232.335  6.70243  -5.886  37
139.1  1  179.383  69.7152  42.4264  -45.126  20
139.2  0  669.335  231.649  6.70243  -6.867  37
139.2  1  183.625  65.1045  42.4264  -46.107  20
139.3  0  670.005  230.864  6.70243  -7.848  37
139.3  1  187.868  60.3957  42.4264  -47.088  20
139.4  0  670.676  229.981  6.70243  -8.829  37
139.4  1  192.111  55.5888  42.4264  -48.069  20
139.5  0  671.346  229  6.70243  -9.81  37
139.5  1  196.353  50.6838  42.4264  -49.05  20
139.6  0  672.016  227.921  6.70243  -10.791  37
139.6  1  200.596  45.6807  42.4264  -50.031  20
139.7  0  672.686  226.744  6.70243  -11.772  37
139.7  1  204.839  40.5795  42.4264  -51.012  20
139.8  0  673.357  225.468  6.70243  -12.753  37
139.8  1  209.081  35.3802  42.4264  -51.993  20
139.9  0  674.027  224.095  6.70243  -13.734  37
139.9  1  213.324  30.0828  42.4264  -52.974  20
140  0  674.697  222.623  6.70243  -14.715  37
140  1  217.566  24.6873  42.4264  -53.955  20
140.1  0  675.367  221.054  6.70243  -15.696  37
140.1  1  221.809  19.1937  42.4264  -54.936  20
140.2  0  676.038  219.386  6.70243  -16.677  37
140.2  1  226.052  13.602  42.4264  -55.917  20
140.3  0  676.708  217.62  6.70243  -17.658  37
140.3  1  230.294  7.91218  42.4264  -56.898  20
140.4  0  677.378  215.756  6.70243  -18.639  37
140.4  1  234.537  2.12428  42.4264  -57.879  20
140.5  0  678.048  213.794  6.70243  -19.62  37
140.5  1  238.78  -3.76172  42.4264  58.86  20
140.6  0  678.719  211.734  6.70243  -20.601  37
140.6  1  243.022  2.02618  42.4264  57.879  20
140.7  0  679.389  209.576  6.70243  -21.582  37
140.7  1  247.265  7.71598  42.4264  56.898  20
140.8  0  680.059  207.32  6.70243  -22.563  37
140.8  1  251.508  13.3077  42.4264  55.917  20
140.9  0  680.729  204.965  6.70243  -23.544  37
140.9  1  255.75  18.8013  42.4264  54.936  20
141  0  681.4  202.513  6.70243  -24.525  37
141  1  259.993  24.1968  42.4264  53.955  20
141.1  0  682.07  199.962  6.70243  -25.506  37
141.1  1  264.235  29.4942  42.4264  52.974  20
141.2  0  682.74  197.314  6.70243  -26.487  37
141.2  1  268.478  34.6935  42.4264  51.993  20
141.3  0  683.41  194.567  6.70243  -27.468  37
141.3  1  272.721  39.7947  42.4264  51.012  20
141.4  0  684.081  191.722  6.70243  -28.449  37
141.4  1  276.963  44.7978  42.4264  50.031  20
141.5  0  684.751  188.779  6.70243  -29.43  37
141.5  1  281.206  49.7028  42.4264  49.05  20
141.6  0  685.421  185.738  6.70243  -30.411  37
141.6  1  285.449  54.5097  42.4264  48.069  20
141.7  0  686.091  182.599  6.70243  -31.392  37
141.7  1  289.691  59.2185  42.4264  47.088  20
141.8  0  686.762  179.361  6.70243  -32.373  37
141.8  1  293.934  63.8292  42.4264  46.107  20
141.9  0  687.432  176.026  6.70243  -33.354  37
141.9  1  298.177  68.3418  42.4264  45.126  20
142  0  688.102  172.592  6.70243  -34.335  37
142  1  302.419  72.7563  42.4264  44.145  20
142.1  0  688.772  169.061  6.70243  -35.316  37
142.1  1  306.662  77.0727  42.4264  43.164  20
142.2  0  689.443  165.431  6.70243  -36.297  37
142.2  1  310.905  81.291  42.4264  42.183  20
142.3  0  690.113  161.703  6.70243  -37.278  37
142.3  1  315.147  85.4112  42.4264  41.202  20
142.4  0  690.783  157.877  6.70243  -38.259  37
142.4  1  319.39  89.4333  42.4264  40.221  20
142.5  0  691.453  153.953  6.70243  -39.24  37
142.5  1  323.632  93.3573  42.4264  39.24  20
142.6  0  692.123  149.931  6.70243  -40.221  37
142.6  1  327.875  97.1832  42.4264  38.259  20
142.7  0  692.794  145.811  6.70243  -41.202  37
142.7  1  332.118  100.911  42.4264  37.278  20
142.8  0  693.464  141.593  6.70243  -42.183  37
142.8  1  336.36  104.541  42.4264  36.297  20
142.9  0  694.134  137.276  6.70243  -43.164  37
142.9  1  340.603  108.072  42.4264  35.316  20
143  0  694.804  132.862  6.70243  -44.145  37
143  1  344.846  111.506  42.4264  34.335  20
143.1  0  695.475  128.349  6.70243  -45.126  37
143.1  1  349.088  114.841  42.4264  33.354  20
143.2  0  696.145  123.739  6.70243  -46.107  37
143.2  1  353.331  118.078  42.4264  32.373  20
143.3  0  696.815  119.03  6.70243  -47.088  37
143.3  1  357.574  121.218  42.4264  31.392  20
143.4  0  697.485  114.223  6.70243  -48.069  37
143.4  1  361.816  124.259  42.4264  30.411  20
143.5  0  698.156  109.318  6.70243  -49.05  37
143.5  1  366.059  127.202  42.4264  29.43  20
143.6  0  698.826  104.315  6.70243  -50.031  37
143.6  1  370.302  130.047  42.4264  28.449  20
143.7  0  699.496  99.2137  6.70243  -51.012  37
143.7  1  374.544  132.793  42.4264  27.468  20
143.8  0  700.166  94.0144  6.70243  -51.993  37
143.8  1  378.787  135.442  42.4264  26.487  20
143.9  0  700.837  88.717  6.70243  -52.974  37
143.9  1  383.029  137.993  42.4264  25.506  20
144  0  701.507  83.3215  6.70243  -53.955  37
144  1  387.272  140.445  42.4264  24.525  20
144.1  0  702.177  77.8279  6.70243  -54.936  37
144.1  1  391.515  142.8  42.4264  23.544  20
144.2  0  702.847  72.2362  6.70243  -55.917  37
144.2  1  395.757  145.056  42.4264  22.563  20
144.3  0  703.518  66.5464  6.70243  -56.898  37
144.3  1  400  147.214  42.4264  21.582  20
144.4  0  704.188  60.7585  6.70243  -57.879  37
144.4  1  404.243  149.274  42.4264  20.601  20
144.5  0  704.858  54.8725  6.70243  -58.86  37
144.5  1  408.485  151.236  42.4264  19.62  20
144.6  0  705.528  48.8884  6.70243  -59.841  37
144.6  1  412.728  153.1  42.4264  18.639  20
144.7  0  706.199  42.8062  6.70243  -60.822  37
144.7  1  416.971  154.866  42.4264  17.658  20
144.8  0  706.869  36.6259  6.70243  -61.803  37
144.8  1  421.213  156.534  42.4264  16.677  20
144.9  0  707.539  30.3475  6.70243  -62.784  37
144.9  1  425.456  158.103  42.4264  15.696  20
145  0  708.209  23.971  6.70243  -63.765  37
145  1  429.698  159.575  42.4264  14.715  20
145.1  0  708.88  17.4964  6.70243  -64.746  37
145.1  1  433.941  160.948  42.4264  13.734  20
145.2  0  709.55  10.9237  6.70243  -65.727  37
145.2  1  438.184  162.223  42.4264  12.753  20
145.3  0  710.22  4.25288  6.70243  -66.708  37
145.3  1  442.426  163.401  42.4264  11.772  20
145.4  0  710.89  -2.51602  6.70243  67.689  37
145.4  1  446.669  164.48  42.4264  10.791  20
145.5  0  711.561  4.15478  6.70243  66.708  37
145.5  1  450.912  165.461  42.4264  9.81  20
145.6  0  712.231  10.7275  6.70243  65.727  37
145.6  1  455.154  166.344  42.4264  8.829  20
145.7  0  712.901  17.2021  6.70243  64.746  37
145.7  1  459.397  167.128  42.4264  7.848  20
145.8  0  713.571  23.5786  6.70243  63.765  37
145.8  1  463.64  167.815  42.4264  6.867  20
145.9  0  714.241  29.857  6.70243  62.784  37
145.9  1  467.882  168.404  42.4264  5.886  20
146  0  714.912  36.0373  6.70243  61.803  37
146  1  472.125  168.894  42.4264  4.905  20
146.1  0  715.582  42.1195  6.70243  60.822  37
146.1  1  476.368  169.287  42.4264  3.924  20
146.2  0  716.252  48.1036  6.70243  59.841  37
146.2  1  480.61  169.581  42.4264  2.943  20
146.3  0  716.922  53.9896  6.70243  58.86  37
146.3  1  484.853  169.777  42.4264  1.962  20
146.4  0  717.593  59.7775  6.70243  57.879  37
146.4  1  489.095  169.875  42.4264  0.981  20
146.5  0  718.263  65.4673  6.70243  56.898  37
146.5  1  493.338  169.875  42.4264  1.11022e-15  20
146.6  0  718.933  71.059  6.70243  55.917  37
146.6  1  497.581  169.777  42.4264  -0.981  20
146.7  0  719.603  76.5526  6.70243  54.936  37
146.7  1  501.823  169.581  42.4264  -1.962  20
146.8  0  720.274  81.9481  6.70243  53.955  37
146.8  1  506.066  169.287  42.4264  -2.943  20
146.9  0  720.944  87.2455  6.70243  52.974  37
146.9  1  510.309  168.894  42.4264  -3.924  20
147  0  721.614  92.4448  6.70243  51.993  37
147  1  514.551  168.404  42.4264  -4.905  20
147.1  0  722.284  97.546  6.70243  51.012  37
147.1  1  518.794  167.815  42.4264  -5.886  20
147.2  0  722.955  102.549  6.70243  50.031  37
147.2  1  523.037  167.128  42.4264  -6.867  20
147.3  0  723.625  107.454  6.70243  49.05  37
147.3  1  527.279  166.344  42.4264  -7.848  20
147.4  0  724.295  112.261  6.70243  48.069  37
147.4  1  531.522  165.461  42.4264  -8.829  20
147.5  0  724.965  116.97  6.70243  47.088  37
147.5  1  535.765  164.48  42.4264  -9.81  20
147.6  0  725.636  121.58  6.70243  46.107  37
147.6  1  540.007  163.401  42.4264  -10.791  20
147.7  0  726.306  126.093  6.70243  45.126  37
147.7  1  544.25  162.223  42.4264  -11.772  20
147.8  0  726.976  130.508  6.70243  44.145  37
147.8  1  548.492  160.948  42.4264  -12.753  20
147.9  0  727.646  134.824  6.70243  43.164  37
147.9  1  552.735  159.575  42.4264  -13.734  20
148  0  728.317  139.042  6.70243  42.183  37
148  1  556.978  158.103  42.4264  -14.715  20
148.1  0  728.987  143.162  6.70243  41.202  37
148.1  1  561.22  156.534  42.4264  -15.696  20
148.2  0  729.657  147.185  6.70243  40.221  37
148.2  1  565.463  154.866  42.4264  -16.677  20
148.3  0  730.327  151.109  6.70243  39.24  37
148.3  1  569.706  153.1  42.4264  -17.658  20
148.4  0  730.998  154.934  6.70243  38.259  37
148.4  1  573.948  151.236  42.4264  -18.639  20
148.5  0  731.668  158.662  6.70243  37.278  37
148.5  1  578.191  149.274  42.4264  -19.62  20
148.6  0  732.338  162.292  6.70243  36.297  37
148.6  1  582.434  147.214  42.4264  -20.601  20
148.7  0  733.008  165.824  6.70243  35.316  37
148.7  1  586.676  145.056  42.4264  -21.582  20
148.8  0  733.679  169.257  6.70243  34.335  37
148.8  1  590.919  142.8  42.4264  -22.563  20
148.9  0  734.349  172.592  6.70243  33.354  37
148.9  1  595.161  140.445  42.4264  -23.544  20
149  0  735.019  175.83  6.70243  32.373  37
149  1  599.404  137.993  42.4264  -24.525  20
149.1  0  735.689  178.969  6.70243  31.392  37
149.1  1  603.647  135.442  42.4264  -25.506  20
149.2  0  736.359  182.01  6.70243  30.411  37
149.2  1  607.889  132.793  42.4264  -26.487  20
149.3  0  737.03  184.953  6.70243  29.43  37
149.3  1  612.132  130.047  42.4264  -27.468  20
149.4  0  737.7  187.798  6.70243  28.449  37
149.4  1  616.375  127.202  42.4264  -28.449  20
149.5  0  738.37  190.545  6.70243  27.468  37
149.5  1  620.617  124.259  42.4264  -29.43  20
149.6  0  739.04  193.193  6.70243  26.487  37
149.6  1  624.86  121.218  42.4264  -30.411  20
149.7  0  739.711  195.744  6.70243  25.506  37
149.7  1  629.103  118.078  42.4264  -31.392  20
149.8  0  740.381  198.197  6.70243  24.525  37
149.8  1  633.345  114.841  42.4264  -32.373  20
149.9  0  741.051  200.551  6.70243  23.544  37
149.9  1  637.588  111.506  42.4264  -33.354  20
150  0  741.721  202.807  6.70243  22.563  37
150  1  641.831  108.072  42.4264  -34.335  20
150.1  0  742.392  204.965  6.70243  21.582  37
150.1  1  646.073  104.541  42.4264  -35.316  20
150.2  0  743.062  207.026  6.70243  20.601  37
150.2  1  650.316  100.911  42.4264  -36.297  20
150.3  0  743.732  208.988  6.70243  19.62  37
150.3  1  654.558  97.1832  42.4264  -37.278  20
150.4  0  744.402  210.851  6.70243  18.639  37
150.4  1  658.801  93.3573  42.4264  -38.259  20
150.5  0  745.073  212.617  6.70243  17.658  37
150.5  1  663.044  89.4333  42.4264  -39.24  20
150.6  0  745.743  214.285  6.70243  16.677  37
150.6  1  667.286  85.4112  42.4264  -40.221  20
150.7  0  746.413  215.855  6.70243  15.696  37
150.7  1  671.529  81.291  42.4264  -41.202  20
150.8  0  747.083  217.326  6.70243  14.715  37
150.8  1  675.772  77.0727  42.4264  -42.183  20
150.9  0  747.754  218.699  6.70243  13.734  37
150.9  1  680.014  72.7563  42.4264  -43.164  20
151  0  748.424  219.975  6.70243  12.753  37
151  1  684.257  68.3418  42.4264  -44.145  20
151.1  0  749.094  221.152  6.70243  11.772  37
151.1  1  688.5  63.8292  42.4264  -45.126  20
151.2  0  749.764  222.231  6.70243  10.791  37
151.2  1  692.742  59.2185  42.4264  -46.107  20
151.3  0  750.435  223.212  6.70243  9.81  37
151.3  1  696.985  54.5097  42.4264  -47.088  20
151.4  0  751.105  224.095  6.70243  8.829  37
151.4  1  701.227  49.7028  42.4264  -48.069  20
151.5  0  751.775  224.88  6.70243  7.848  37
151.5  1  705.47  44.7978  42.4264  -49.05  20
151.6  0  752.445  225.566  6.70243  6.867  37
151.6  1  709.713  39.7947  42.4264  -50.031  20
151.7  0  753.116  226.155  6.70243  5.886  37
151.7  1  713.955  34.6935  42.4264  -51.012  20
151.8  0  753.786  226.646  6.70243  4.905  37
151.8  1  718.198  29.4942  42.4264  -51.993  20
151.9  0  754.456  227.038  6.70243  3.924  37
151.9  1  722.441  24.1968  42.4264  -52.974  20
152  0  755.126  227.332  6.70243  2.943  37
152  1  726.683  18.8013  42.4264  -53.955  20
152.1  0  755.797  227.528  6.70243  1.962  37
152.1  1  730.926  13.3077  42.4264  -54.936  20
152.2  0  756.467  227.627  6.70243  0.981  37
152.2  1  735.169  7.71598  42.4264  -55.917  20
152.3  0  757.137  227.627  6.70243  1.11022e-15  37
152.3  1  739.411  2.02618  42.4264  -56.898  20
152.4  0  757.807  227.528  6.70243  -0.981  37
152.4  1  743.654  -3.76172  42.4264  57.879  20
152.5  0  758.478  227.332  6.70243  -1.962  37
152.5  1  747.897  1.92808  42.4264  56.898  20
152.6  0  759.148  227.038  6.70243  -2.943  37
152.6  1  752.139  7.51978  42.4264  55.917  20
152.7  0  759.818  226.646  6.70243  -3.924  37
152.7  1  756.382  13.0134  42.4264  54.936  20
152.8  0  760.488  226.155  6.70243  -4.905  37
152.8  1  760.624  18.4089  42.4264  53.955  20
152.9  0  761.158  225.566  6.70243  -5.886  37
152.9  1  764.867  23.7063  42.4264  52.974  20
153  0  761.829  224.88  6.70243  -6.867  37
153  1  769.11  28.9056  42.4264  51.993  20
153.1  0  762.499  224.095  6.70243  -7.848  37
153.1  1  773.352  34.0068  42.4264  51.012  20
153.2  0  763.169  223.212  6.70243  -8.829  37
153.2  1  777.595  39.0099  42.4264  50.031  20
153.3  0  763.839  222.231  6.70243  -9.81  37
153.3  1  781.838  43.9149  42.4264  49.05  20
153.4  0  764.51  221.152  6.70243  -10.791  37
153.4  1  786.08  48.7218  42.4264  48.069  20
153.5  0  765.18  219.975  6.70243  -11.772  37
153.5  1  790.323  53.4306  42.4264  47.088  20
153.6  0  765.85  218.699  6.70243  -12.753  37
153.6  1  794.566  58.0413  42.4264  46.107  20
153.7  0  766.52  217.326  6.70243  -13.734  37
153.7  1  798.808  62.5539  42.4264  45.126  20
153.8  0  767.191  215.855  6.70243  -14.715  37
153.8  1  803.051  66.9684  42.4264  44.145  20
153.9  0  767.861  214.285  6.70243  -15.696  37
153.9  1  807.294  71.2848  42.4264  43.164  20
154  0  768.531  212.617  6.70243  -16.677  37
154  1  811.536  75.5031  42.4264  42.183  20
154.1  0  769.201  210.851  6.70243  -17.658  37
154.1  1  815.779  79.6233  42.4264  41.202  20
154.2  0  769.872  208.988  6.70243  -18.639  37
154.2  1  820.021  83.6454  42.4264  40.221  20
154.3  0  770.542  207.026  6.70243  -19.62  37
154.3  1  824.264  87.5694  42.4264  39.24  20
154.4  0  771.212  204.965  6.70243  -20.601  37
154.4  1  828.507  91.3953  42.4264  38.259  20
154.5  0  771.882  202.807  6.70243  -21.582  37
154.5  1  832.749  95.1231  42.4264  37.278  20
154.6  0  772.553  200.551  6.70243  -22.563  37
154.6  1  836.992  98.7528  42.4264  36.297  20
154.7  0  773.223  198.197  6.70243  -23.544  37
154.7  1  841.235  102.284  42.4264  35.316  20
154.8  0  773.893  195.744  6.70243  -24.525  37
154.8  1  845.477  105.718  42.4264  34.335  20
154.9  0  774.563  193.193  6.70243  -25.506  37
154.9  1  849.72  109.053  42.4264  33.354  20
155  0  775.234  190.545  6.70243  -26.487  37
155  1  853.963  112.291  42.4264  32.373  20
155.1  0  775.904  187.798  6.70243  -27.468  37
155.1  1  858.205  115.43  42.4264  31.392  20
155.2  0  776.574  184.953  6.70243  -28.449  37
155.2  1  862.448  118.471  42.4264  30.411  20
155.3  0  777.244  182.01  6.70243  -29.43  37
155.3  1  866.69  121.414  42.4264  29.43  20
155.4  0  777.915  178.969  6.70243  -30.411  37
155.4  1  870.933  124.259  42.4264  28.449  20
155.5  0  778.585  175.83  6.70243  -31.392  37
155.5  1  875.176  127.006  42.4264  27.468  20
155.6  0  779.255  172.592  6.70243  -32.373  37
155.6  1  879.418  129.654  42.4264  26.487  20
155.7  0  779.925  169.257  6.70243  -33.354  37
155.7  1  883.661  132.205  42.4264  25.506  20
155.8  0  780.596  165.824  6.70243  -34.335  37
155.8  1  887.904  134.657  42.4264  24.525  20
155.9  0  781.266  162.292  6.70243  -35.316  37
155.9  1  892.146  137.012  42.4264  23.544  20
156  0  781.936  158.662  6.70243  -36.297  37
156  1  896.389  139.268  42.4264  22.563  20
156.1  0  782.606  154.934  6.70243  -37.278  37
156.1  1  900.632  141.426  42.4264  21.582  20
156.2  0  783.276  151.109  6.70243  -38.259  37
156.2  1  904.874  143.486  42.4264  20.601  20
156.3  0  783.947  147.185  6.70243  -39.24  37
156.3  1  909.117  145.448  42.4264  19.62  20
156.4  0  784.617  143.162  6.70243  -40.221  37
156.4  1  913.36  147.312  42.4264  18.639  20
156.5  0  785.287  139.042  6.70243  -41.202  37
156.5  1  917.602  149.078  42.4264  17.658  20
156.6  0  785.957  134.824  6.70243  -42.183  37
156.6  1  921.845  150.746  42.4264  16.677  20
156.7  0  786.628  130.508  6.70243  -43.164  37
156.7  1  926.087  152.315  42.4264  15.696  20
156.8  0  787.298  126.093  6.70243  -44.145  37
156.8  1  930.33  153.787  42.4264  14.715  20
156.9  0  787.968  121.58  6.70243  -45.126  37
156.9  1  934.573  155.16  42.4264  13.734  20
157  0  788.638  116.97  6.70243  -46.107  37
157  1  938.815  156.436  42.4264  12.753  20
157.1  0  789.309  112.261  6.70243  -47.088  37
157.1  1  943.058  157.613  42.4264  11.772  20
157.2  0  789.979  107.454  6.70243  -48.069  37
157.2  1  947.301  158.692  42.4264  10.791  20
157.3  0  790.649  102.549  6.70243  -49.05  37
157.3  1  951.543  159.673  42.4264  9.81  20
157.4  0  791.319  97.546  6.70243  -50.031  37
157.4  1  955.786  160.556  42.4264  8.829  20
157.5  0  791.99  92.4448  6.70243  -51.012  37
157.5  1  960.029  161.341  42.4264  7.848  20
157.6  0  792.66  87.2455  6.70243  -51.993  37
157.6  1  964.271  162.027  42.4264  6.867  20
157.7  0  793.33  81.9481  6.70243  -52.974  37
157.7  1  968.514  162.616  42.4264  5.886  20
157.8  0  794  76.5526  6.70243  -53.955  37
157.8  1  972.756  163.106  42.4264  4.905  20
157.9  0  794.671  71.059  6.70243  -54.936  37
157.9  1  976.999  163.499  42.4264  3.924  20
158  0  795.341  65.4673  6.70243  -55.917  37
158  1  981.242  163.793  42.4264  2.943  20
158.1  0  796.011  59.7775  6.70243  -56.898  37
158.1  1  985.484  163.989  42.4264  1.962  20
158.2  0  796.681  53.9896  6.70243  -57.879  37
158.2  1  989.727  164.087  42.4264  0.981  20
158.3  0  797.352  48.1036  6.70243  -58.86  37
158.3  1  993.97  164.087  42.4264  1.11022e-15  20
158.4  0  798.022  42.1195  6.70243  -59.841  37
158.4  1  998.212  163.989  42.4264  -0.981  20
158.5  0  798.692  36.0373  6.70243  -60.822  37
158.5  1  1002.45  163.793  -42.4264  -1.962  20
158.6  0  799.362  29.857  6.70243  -61.803  37
158.6  1  998.212  163.499  -42.4264  -2.943  20
158.7  0  800.033  23.5786  6.70243  -62.784  37
158.7  1  993.97  163.106  -42.4264  -3.924  20
158.8  0  800.703  17.2021  6.70243  -63.765  37
158.8  1  989.727  162.616  -42.4264  -4.905  20
158.9  0  801.373  10.7275  6.70243  -64.746  37
158.9  1  985.484  162.027  -42.4264  -5.886  20
159  0  802.043  4.15478  6.70243  -65.727  37
159  1  981.242  161.341  -42.4264  -6.867  20
159.1  0  802.714  -2.51602  6.70243  66.708  37
159.1  1  976.999  160.556  -42.4264  -7.848  20
159.2  0  803.384  4.05668  6.70243  65.727  37
159.2  1  972.756  159.673  -42.4264  -8.829  20
159.3  0  804.054  10.5313  6.70243  64.746  37
159.3  1  968.514  158.692  -42.4264  -9.81  20
159.4  0  804.724  16.9078  6.70243  63.765  37
159.4  1  964.271  157.613  -42.4264  -10.791  20
159.5  0  805.394  23.1862  6.70243  62.784  37
159.5  1  960.029  156.436  -42.4264  -11.772  20
159.6  0  806.065  29.3665  6.70243  61.803  37
159.6  1  955.786  155.16  -42.4264  -12.753  20
159.7  0  806.735  35.4487  6.70243  60.822  37
159.7  1  951.543  153.787  -42.4264  -13.734  20
159.8  0  807.405  41.4328  6.70243  59.841  37
159.8  1  947.301  152.315  -42.4264  -14.715  20
159.9  0  808.075  47.3188  6.70243  58.86  37
159.9  1  943.058  150.746  -42.4264  -15.696  20
160  0  808.746  53.1067  6.70243  57.879  37
160  1  938.815  149.078  -42.4264  -16.677  20
160.1  0  809.416  58.7965  6.70243  56.898  37
160.1  1  934.573  147.312  -42.4264  -17.658  20
160.2  0  810.086  64.3882  6.70243  55.917  37
160.2  1  930.33  145.448  -42.4264  -18.639  20
160.3  0  810.756  69.8818  6.70243  54.936  37
160.3  1  926.087  143.486  -42.4264  -19.62  20
160.4  0  811.427  75.2773  6.70243  53.955  37
160.4  1  921.845  141.426  -42.4264  -20.601  20
160.5  0  812.097  80.5747  6.70243  52.974  37
160.5  1  917.602  139.268  -42.4264  -21.582  20
160.6  0  812.767  85.774  6.70243  51.993  37
160.6  1  913.36  137.012  -42.4264  -22.563  20
160.7  0  813.437  90.8752  6.70243  51.012  37
160.7  1  909.117  134.657  -42.4264  -23.544  20
160.8  0  814.108  95.8783  6.70243  50.031  37
160.8  1  904.874  132.205  -42.4264  -24.525  20
160.9  0  814.778  100.783  6.70243  49.05  37
160.9  1  900.632  129.654  -42.4264  -25.506  20
161  0  815.448  105.59  6.70243  48.069  37
161  1  896.389  127.006  -42.4264  -26.487  20
161.1  0  816.118  110.299  6.70243  47.088  37
161.1  1  892.146  124.259  -42.4264  -27.468  20
161.2  0  816.789  114.91  6.70243  46.107  37
161.2  1  887.904  121.414  -42.4264  -28.449  20
161.3  0  817.459  119.422  6.70243  45.126  37
161.3  1  883.661  118.471  -42.4264  -29.43  20
161.4  0  818.129  123.837  6.70243  44.145  37
161.4  1  879.418  115.43  -42.4264  -30.411  20
161.5  0  818.799  128.153  6.70243  43.164  37
161.5  1  875.176  112.291  -42.4264  -31.392  20
161.6  0  819.47  132.371  6.70243  42.183  37
161.6  1  870.933  109.053  -42.4264  -32.373  20
161.7  0  820.14  136.492  6.70243  41.202  37
161.7  1  866.69  105.718  -42.4264  -33.354  20
161.8  0  820.81  140.514  6.70243  40.221  37
161.8  1  862.448  102.284  -42.4264  -34.335  20
161.9  0  821.48  144.438  6.70243  39.24  37
161.9  1  858.205  98.7528  -42.4264  -35.316  20
162  0  822.151  148.264  6.70243  38.259  37
162  1  853.963  95.1231  -42.4264  -36.297  20
162.1  0  822.821  151.991  6.70243  37.278  37
162.1  1  849.72  91.3953  -42.4264  -37.278  20
162.2  0  823.491  155.621  6.70243  36.297  37
162.2  1  845.477  87.5694  -42.4264  -38.259  20
162.3  0  824.161  159.153  6.70243  35.316  37
162.3  1  841.235  83.6454  -42.4264  -39.24  20
162.4  0  824.832  162.586  6.70243  34.335  37
162.4  1  836.992  79.6233  -42.4264  -40.221  20
162.5  0  825.502  165.922  6.70243  33.354  37
162.5  1  832.749  75.5031  -42.4264  -41.202  20
162.6  0  826.172  169.159  6.70243  32.373  37
162.6  1  828.507  71.2848  -42.4264  -42.183  20
162.7  0  826.842  172.298  6.70243  31.392  37
162.7  1  824.264  66.9684  -42.4264  -43.164  20
162.8  0  827.512  175.339  6.70243  30.411  37
162.8  1  820.021  62.5539  -42.4264  -44.145  20
162.9  0  828.183  178.282  6.70243  29.43  37
162.9  1  815.779  58.0413  -42.4264  -45.126  20
163  0  828.853  181.127  6.70243  28.449  37
163  1  811.536  53.4306  -42.4264  -46.107  20
163.1  0  829.523  183.874  6.70243  27.468  37
163.1  1  807.294  48.7218  -42.4264  -47.088  20
163.2  0  830.193  186.523  6.70243  26.487  37
163.2  1  803.051  43.9149  -42.4264  -48.069  20
163.3  0  830.864  189.073  6.70243  25.506  37
163.3  1  798.808  39.0099  -42.4264  -49.05  20
163.4  0  831.534  191.526  6.70243  24.525  37
163.4  1  794.566  34.0068  -42.4264  -50.031  20
163.5  0  832.204  193.88  6.70243  23.544  37
163.5  1  790.323  28.9056  -42.4264  -51.012  20
163.6  0  832.874  196.136  6.70243  22.563  37
163.6  1  786.08  23.7063  -42.4264  -51.993  20
163.7  0  833.545  198.295  6.70243  21.582  37
163.7  1  781.838  18.4089  -42.4264  -52.974  20
163.8  0  834.215  200.355  6.70243  20.601  37
163.8  1  777.595  13.0134  -42.4264  -53.955  20
163.9  0  834.885  202.317  6.70243  19.62  37
163.9  1  773.352  7.51978  -42.4264  -54.936  20
164  0  835.555  204.181  6.70243  18.639  37
164  1  769.11  1.92808  -42.4264  -55.917  20
164.1  0  836.226  205.946  6.70243  17.658  37
164.1  1  764.867  -3.76172  -42.4264  56.898  20
164.2  0  836.896  207.614  6.70243  16.677  37
164.2  1  760.624  1.82998  -42.4264  55.917  20
164.3  0  837.566  209.184  6.70243  15.696  37
164.3  1  756.382  7.32358  -42.4264  54.936  20
164.4  0  838.236  210.655  6.70243  14.715  37
164.4  1  752.139  12.7191  -42.4264  53.955  20
164.5  0  838.907  212.029  6.70243  13.734  37
164.5  1  747.897  18.0165  -42.4264  52.974  20
164.6  0  839.577  213.304  6.70243  12.753  37
164.6  1  743.654  23.2158  -42.4264  51.993  20
164.7  0  840.247  214.481  6.70243  11.772  37
164.7  1  739.411  28.317  -42.4264  51.012  20
164.8  0  840.917  215.56  6.70243  10.791  37
164.8  1  735.169  33.3201  -42.4264  50.031  20
164.9  0  841.588  216.541  6.70243  9.81  37
164.9  1  730.926  38.2251  -42.4264  49.05  20
165  0  842.258  217.424  6.70243  8.829  37
165  1  726.683  43.032  -42.4264  48.069  20
165.1  0  842.928  218.209  6.70243  7.848  37
165.1  1  722.441  47.7408  -42.4264  47.088  20
165.2  0  843.598  218.896  6.70243  6.867  37
165.2  1  718.198  52.3515  -42.4264  46.107  20
165.3  0  844.269  219.484  6.70243  5.886  37
165.3  1  713.955  56.8641  -42.4264  45.126  20
165.4  0  844.939  219.975  6.70243  4.905  37
165.4  1  709.713  61.2786  -42.4264  44.145  20
165.5  0  845.609  220.367  6.70243  3.924  37
165.5  1  705.47  65.595  -42.4264  43.164  20
165.6  0  846.279  220.661  6.70243  2.943  37
165.6  1  701.227  69.8133  -42.4264  42.183  20
165.7  0  846.95  220.858  6.70243  1.962  37
165.7  1  696.985  73.9335  -42.4264  41.202  20
165.8  0  847.62  220.956  6.70243  0.981  37
165.8  1  692.742  77.9556  -42.4264  40.221  20
165.9  0  848.29  220.956  6.70243  1.11022e-15  37
165.9  1  688.5  81.8796  -42.4264  39.24  20
166  0  848.96  220.858  6.70243  -0.981  37
166  1  684.257  85.7055  -42.4264  38.259  20
166.1  0  849.63  220.661  6.70243  -1.962  37
166.1  1  680.014  89.4333  -42.4264  37.278  20
166.2  0  850.301  220.367  6.70243  -2.943  37
166.2  1  675.772  93.063  -42.4264  36.297  20
166.3  0  850.971  219.975  6.70243  -3.924  37
166.3  1  671.529  96.5946  -42.4264  35.316  20
166.4  0  851.641  219.484  6.70243  -4.905  37
166.4  1  667.286  100.028  -42.4264  34.335  20
166.5  0  852.311  218.896  6.70243  -5.886  37
166.5  1  663.044  103.363  -42.4264  33.354  20
166.6  0  852.982  218.209  6.70243  -6.867  37
166.6  1  658.801  106.601  -42.4264  32.373  20
166.7  0  853.652  217.424  6.70243  -7.848  37
166.7  1  654.558  109.74  -42.4264  31.392  20
166.8  0  854.322  216.541  6.70243  -8.829  37
166.8  1  650.316  112.781  -42.4264  30.411  20
166.9  0  854.992  215.56  6.70243  -9.81  37
166.9  1  646.073  115.724  -42.4264  29.43  20
167  0  855.663  214.481  6.70243  -10.791  37
167  1  641.831  118.569  -42.4264  28.449  20
167.1  0  856.333  213.304  6.70243  -11.772  37
167.1  1  637.588  121.316  -42.4264  27.468  20
167.2  0  857.003  212.029  6.70243  -12.753  37
167.2  1  633.345  123.964  -42.4264  26.487  20
167.3  0  857.673  210.655  6.70243  -13.734  37
167.3  1  629.103  126.515  -42.4264  25.506  20
167.4  0  858.344  209.184  6.70243  -14.715  37
167.4  1  624.86  128.968  -42.4264  24.525  20
167.5  0  859.014  207.614  6.70243  -15.696  37
167.5  1  620.617  131.322  -42.4264  23.544  20
167.6  0  859.684  205.946  6.70243  -16.677  37
167.6  1  616.375  133.578  -42.4264  22.563  20
167.7  0  860.354  204.181  6.70243  -17.658  37
167.7  1  612.132  135.736  -42.4264  21.582  20
167.8  0  861.025  202.317  6.70243  -18.639  37
167.8  1  607.889  137.797  -42.4264  20.601  20
167.9  0  861.695  200.355  6.70243  -19.62  37
167.9  1  603.647  139.759  -42.4264  19.62  20
168  0  862.365  198.295  6.70243  -20.601  37
168  1  599.404  141.622  -42.4264  18.639  20
168.1  0  863.035  196.136  6.70243  -21.582  37
168.1  1  595.161  143.388  -42.4264  17.658  20
168.2  0  863.706  193.88  6.70243  -22.563  37
168.2  1  590.919  145.056  -42.4264  16.677  20
168.3  0  864.376  191.526  6.70243  -23.544  37
168.3  1  586.676  146.626  -42.4264  15.696  20
168.4  0  865.046  189.073  6.70243  -24.525  37
168.4  1  582.434  148.097  -42.4264  14.715  20
168.5  0  865.716  186.523  6.70243  -25.506  37
168.5  1  578.191  149.47  -42.4264  13.734  20
168.6  0  866.387  183.874  6.70243  -26.487  37
168.6  1  573.948  150.746  -42.4264  12.753  20
168.7  0  867.057  181.127  6.70243  -27.468  37
168.7  1  569.706  151.923  -42.4264  11.772  20
168.8  0  867.727  178.282  6.70243  -28.449  37
168.8  1  565.463  153.002  -42.4264  10.791  20
168.9  0  868.397  175.339  6.70243  -29.43  37
168.9  1  561.22  153.983  -42.4264  9.81  20
169  0  869.068  172.298  6.70243  -30.411  37
169  1  556.978  154.866  -42.4264  8.829  20
169.1  0  869.738  169.159  6.70243  -31.392  37
169.1  1  552.735  155.651  -42.4264  7.848  20
169.2  0  870.408  165.922  6.70243  -32.373  37
169.2  1  548.492  156.337  -42.4264  6.867  20
169.3  0  871.078  162.586  6.70243  -33.354  37
169.3  1  544.25  156.926  -42.4264  5.886  20
169.4  0  871.749  159.153  6.70243  -34.335  37
169.4  1  540.007  157.417  -42.4264  4.905  20
169.5  0  872.419  155.621  6.70243  -35.316  37
169.5  1  535.765  157.809  -42.4264  3.924  20
169.6  0  873.089  151.991  6.70243  -36.297  37
169.6  1  531.522  158.103  -42.4264  2.943  20
169.7  0  873.759  148.264  6.70243  -37.278  37
169.7  1  527.279  158.299  -42.4264  1.962  20
169.8  0  874.429  144.438  6.70243  -38.259  37
169.8  1  523.037  158.398  -42.4264  0.981  20
169.9  0  875.1  140.514  6.70243  -39.24  37
169.9  1  518.794  158.398  -42.4264  1.11022e-15  20
170  0  875.77  136.492  6.70243  -40.221  37
170  1  514.551  158.299  -42.4264  -0.981  20
170.1  0  876.44  132.371  6.70243  -41.202  37
170.1  1  510.309  158.103  -42.4264  -1.962  20
170.2  0  877.11  128.153  6.70243  -42.183  37
170.2  1  506.066  157.809  -42.4264  -2.943  20
170.3  0  877.781  123.837  6.70243  -43.164  37
170.3  1  501.823  157.417  -42.4264  -3.924  20
170.4  0  878.451  119.422  6.70243  -44.145  37
170.4  1  497.581  156.926  -42.4264  -4.905  20
170.5  0  879.121  114.91  6.70243  -45.126  37
170.5  1  493.338  156.337  -42.4264  -5.886  20
170.6  0  879.791  110.299  6.70243  -46.107  37
170.6  1  489.095  155.651  -42.4264  -6.867  20
170.7  0  880.462  105.59  6.70243  -47.088  37
170.7  1  484.853  154.866  -42.4264  -7.848  20
170.8  0  881.132  100.783  6.70243  -48.069  37
170.8  1  480.61  153.983  -42.4264  -8.829  20
170.9  0  881.802  95.8783  6.70243  -49.05  37
170.9  1  476.368  153.002  -42.4264  -9.81  20
171  0  882.472  90.8752  6.70243  -50.031  37
171  1  472.125  151.923  -42.4264  -10.791  20
171.1  0  883.143  85.774  6.70243  -51.012  37
171.1  1  467.882  150.746  -42.4264  -11.772  20
171.2  0  883.813  80.5747  6.70243  -51.993  37
171.2  1  463.64  149.47  -42.4264  -12.753  20
171.3  0  884.483  75.2773  6.70243  -52.974  37
171.3  1  459.397  148.097  -42.4264  -13.734  20
171.4  0  885.153  69.8818  6.70243  -53.955  37
171.4  1  455.154  146.626  -42.4264  -14.715  20
171.5  0  885.824  64.3882  6.70243  -54.936  37
171.5  1  450.912  145.056  -42.4264  -15.696  20
171.6  0  886.494  58.7965  6.70243  -55.917  37
171.6  1  446.669  143.388  -42.4264  -16.677  20
171.7  0  887.164  53.1067  6.70243  -56.898  37
171.7  1  442.426  141.622  -42.4264  -17.658  20
171.8  0  887.834  47.3188  6.70243  -57.879  37
171.8  1  438.184  139.759  -42.4264  -18.639  20
171.9  0  888.505  41.4328  6.70243  -58.86  37
171.9  1  433.941  137.797  -42.4264  -19.62  20
172  0  889.175  35.4487  6.70243  -59.841  37
172  1  429.698  135.736  -42.4264  -20.601  20
172.1  0  889.845  29.3665  6.70243  -60.822  37
172.1  1  425.456  133.578  -42.4264  -21.582  20
172.2  0  890.515  23.1862  6.70243  -61.803  37
172.2  1  421.213  131.322  -42.4264  -22.563  20
172.3  0  891.186  16.9078  6.70243  -62.784  37
172.3  1  416.971  128.968  -42.4264  -23.544  20
172.4  0  891.856  10.5313  6.70243  -63.765  37
172.4  1  412.728  126.515  -42.4264  -24.525  20
172.5  0  892.526  4.05668  6.70243  -64.746  37
172.5  1  408.485  123.964  -42.4264  -25.506  20
172.6  0  893.196  -2.51602  6.70243  65.727  37
172.6  1  404.243  121.316  -42.4264  -26.487  20
172.7  0  893.867  3.95858  6.70243  64.746  37
172.7  1  400  118.569  -42.4264  -27.468  20
172.8  0  894.537  10.3351  6.70243  63.765  37
172.8  1  395.757  115.724  -42.4264  -28.449  20
172.9  0  895.207  16.6135  6.70243  62.784  37
172.9  1  391.515  112.781  -42.4264  -29.43  20
173  0  895.877  22.7938  6.70243  61.803  37
173  1  387.272  109.74  -42.4264  -30.411  20
173.1  0  896.547  28.876  6.70243  60.822  37
173.1  1  383.029  106.601  -42.4264  -31.392  20
173.2  0  897.218  34.8601  6.70243  59.841  37
173.2  1  378.787  103.363  -42.4264  -32.373  20
173.3  0  897.888  40.7461  6.70243  58.86  37
173.3  1  374.544  100.028  -42.4264  -33.354  20
173.4  0  898.558  46.534  6.70243  57.879  37
173.4  1  370.302  96.5946  -42.4264  -34.335  20
173.5  0  899.228  52.2238  6.70243  56.898  37
173.5  1  366.059  93.063  -42.4264  -35.316  20
173.6  0  899.899  57.8155  6.70243  55.917  37
173.6  1  361.816  89.4333  -42.4264  -36.297  20
173.7  0  900.569  63.3091  6.70243  54.936  37
173.7  1  357.574  85.7055  -42.4264  -37.278  20
173.8  0  901.239  68.7046  6.70243  53.955  37
173.8  1  353.331  81.8796  -42.4264  -38.259  20
173.9  0  901.909  74.002  6.70243  52.974  37
173.9  1  349.088  77.9556  -42.4264  -39.24  20
174  0  902.58  79.2013  6.70243  51.993  37
174  1  344.846  73.9335  -42.4264  -40.221  20
174.1  0  903.25  84.3025  6.70243  51.012  37
174.1  1  340.603  69.8133  -42.4264  -41.202  20
174.2  0  903.92  89.3056  6.70243  50.031  37
174.2  1  336.36  65.595  -42.4264  -42.183  20
174.3  0  904.59  94.2106  6.70243  49.05  37
174.3  1  332.118  61.2786  -42.4264  -43.164  20
174.4  0  905.261  99.0175  6.70243  48.069  37
174.4  1  327.875  56.8641  -42.4264  -44.145  20
174.5  0  905.931  103.726  6.70243  47.088  37
174.5  1  323.632  52.3515  -42.4264  -45.126  20
174.6  0  906.601  108.337  6.70243  46.107  37
174.6  1  319.39  47.7408  -42.4264  -46.107  20
174.7  0  907.271  112.85  6.70243  45.126  37
174.7  1  315.147  43.032  -42.4264  -47.088  20
174.8  0  907.942  117.264  6.70243  44.145  37
174.8  1  310.905  38.2251  -42.4264  -48.069  20
174.9  0  908.612  121.58  6.70243  43.164  37
174.9  1  306.662  33.3201  -42.4264  -49.05  20
175  0  909.282  125.799  6.70243  42.183  37
175  1  302.419  28.317  -42.4264  -50.031  20
175.1  0  909.952  129.919  6.70243  41.202  37
175.1  1  298.177  23.2158  -42.4264  -51.012  20
175.2  0  910.623  133.941  6.70243  40.221  37
175.2  1  293.934  18.0165  -42.4264  -51.993  20
175.3  0  911.293  137.865  6.70243  39.24  37
175.3  1  289.691  12.7191  -42.4264  -52.974  20
175.4  0  911.963  141.691  6.70243  38.259  37
175.4  1  285.449  7.32358  -42.4264  -53.955  20
175.5  0  912.633  145.419  6.70243  37.278  37
175.5  1  281.206  1.82998  -42.4264  -54.936  20
175.6  0  913.304  149.048  6.70243  36.297  37
175.6  1  276.963  -3.76172  -42.4264  55.917  20
175.7  0  913.974  152.58  6.70243  35.316  37
175.7  1  272.721  1.73188  -42.4264  54.936  20
175.8  0  914.644  156.014  6.70243  34.335  37
175.8  1  268.478  7.12738  -42.4264  53.955  20
175.9  0  915.314  159.349  6.70243  33.354  37
175.9  1  264.235  12.4248  -42.4264  52.974  20
176  0  915.985  162.586  6.70243  32.373  37
176  1  259.993  17.6241  -42.4264  51.993  20
176.1  0  916.655  165.725  6.70243  31.392  37
176.1  1  255.75  22.7253  -42.4264  51.012  20
176.2  0  917.325  168.767  6.70243  30.411  37
176.2  1  251.508  27.7284  -42.4264  50.031  20
176.3  0  917.995  171.71  6.70243  29.43  37
176.3  1  247.265  32.6334  -42.4264  49.05  20
176.4  0  918.665  174.554  6.70243  28.449  37
176.4  1  243.022  37.4403  -42.4264  48.069  20
176.5  0  919.336  177.301  6.70243  27.468  37
176.5  1  238.78  42.1491  -42.4264  47.088  20
176.6  0  920.006  179.95  6.70243  26.487  37
176.6  1  234.537  46.7598  -42.4264  46.107  20
176.7  0  920.676  182.501  6.70243  25.506  37
176.7  1  230.294  51.2724  -42.4264  45.126  20
176.8  0  921.346  184.953  6.70243  24.525  37
176.8  1  226.052  55.6869  -42.4264  44.145  20
176.9  0  922.017  187.307  6.70243  23.544  37
176.9  1  221.809  60.0033  -42.4264  43.164  20
177  0  922.687  189.564  6.70243  22.563  37
177  1  217.566  64.2216  -42.4264  42.183  20
177.1  0  923.357  191.722  6.70243  21.582  37
177.1  1  213.324  68.3418  -42.4264  41.202  20
177.2  0  924.027  193.782  6.70243  20.601  37
177.2  1  209.081  72.3639  -42.4264  40.221  20
177.3  0  924.698  195.744  6.70243  19.62  37
177.3  1  204.839  76.2879  -42.4264  39.24  20
177.4  0  925.368  197.608  6.70243  18.639  37
177.4  1  200.596  80.1138  -42.4264  38.259  20
177.5  0  926.038  199.374  6.70243  17.658  37
177.5  1  196.353  83.8416  -42.4264  37.278  20
177.6  0  926.708  201.041  6.70243  16.677  37
177.6  1  192.111  87.4713  -42.4264  36.297  20
177.7  0  927.379  202.611  6.70243  15.696  37
177.7  1  187.868  91.0029  -42.4264  35.316  20
177.8  0  928.049  204.083  6.70243  14.715  37
177.8  1  183.625  94.4364  -42.4264  34.335  20
177.9  0  928.719  205.456  6.70243  13.734  37
177.9  1  179.383  97.7718  -42.4264  33.354  20
178  0  929.389  206.731  6.70243  12.753  37
178  1  175.14  101.009  -42.4264  32.373  20
178.1  0  930.06  207.908  6.70243  11.772  37
178.1  1  170.897  104.148  -42.4264  31.392  20
178.2  0  930.73  208.988  6.70243  10.791  37
178.2  1  166.655  107.189  -42.4264  30.411  20
178.3  0  931.4  209.969  6.70243  9.81  37
178.3  1  162.412  110.132  -42.4264  29.43  20
178.4  0  932.07  210.851  6.70243  8.829  37
178.4  1  158.169  112.977  -42.4264  28.449  20
178.5  0  932.741  211.636  6.70243  7.848  37
178.5  1  153.927  115.724  -42.4264  27.468  20
178.6  0  933.411  212.323  6.70243  6.867  37
178.6  1  149.684  118.373  -42.4264  26.487  20
178.7  0  934.081  212.912  6.70243  5.886  37
178.7  1  145.442  120.923  -42.4264  25.506  20
178.8  0  934.751  213.402  6.70243  4.905  37
178.8  1  141.199  123.376  -42.4264  24.525  20
178.9  0  935.422  213.794  6.70243  3.924  37
178.9  1  136.956  125.73  -42.4264  23.544  20
179  0  936.092  214.089  6.70243  2.943  37
179  1  132.714  127.987  -42.4264  22.563  20
179.1  0  936.762  214.285  6.70243  1.962  37
179.1  1  128.471  130.145  -42.4264  21.582  20
179.2  0  937.432  214.383  6.70243  0.981  37
179.2  1  124.228  132.205  -42.4264  20.601  20
179.3  0  938.103  214.383  6.70243  1.11022e-15  37
179.3  1  119.986  134.167  -42.4264  19.62  20
179.4  0  938.773  214.285  6.70243  -0.981  37
179.4  1  115.743  136.031  -42.4264  18.639  20
179.5  0  939.443  214.089  6.70243  -1.962  37
179.5  1  111.5  137.797  -42.4264  17.658  20
179.6  0  940.113  213.794  6.70243  -2.943  37
179.6  1  107.258  139.464  -42.4264  16.677  20
179.7  0  940.783  213.402  6.70243  -3.924  37
179.7  1  103.015  141.034  -42.4264  15.696  20
179.8  0  941.454  212.912  6.70243  -4.905  37
179.8  1  98.7725  142.505  -42.4264  14.715  20
179.9  0  942.124  212.323  6.70243  -5.886  37
179.9  1  94.5299  143.879  -42.4264  13.734  20
180  0  942.794  211.636  6.70243  -6.867  37
180  1  90.2872  145.154  -42.4264  12.753  20
180.1  0  943.464  210.851  6.70243  -7.848  37
180.1  1  86.0446  146.331  -42.4264  11.772  20
180.2  0  944.135  209.969  6.70243  -8.829  37
180.2  1  81.8019  147.41  -42.4264  10.791  20
180.3  0  944.805  208.988  6.70243  -9.81  37
180.3  1  77.5593  148.391  -42.4264  9.81  20
180.4  0  945.475  207.908  6.70243  -10.791  37
180.4  1  73.3167  149.274  -42.4264  8.829  20
180.5  0  946.145  206.731  6.70243  -11.772  37
180.5  1  69.074  150.059  -42.4264  7.848  20
180.6  0  946.816  205.456  6.70243  -12.753  37
180.6  1  64.8314  150.746  -42.4264  6.867  20
180.7  0  947.486  204.083  6.70243  -13.734  37
180.7  1  60.5887  151.334  -42.4264  5.886  20
180.8  0  948.156  202.611  6.70243  -14.715  37
180.8  1  56.3461  151.825  -42.4264  4.905  20
180.9  0  948.826  201.041  6.70243  -15.696  37
180.9  1  52.1035  152.217  -42.4264  3.924  20
181  0  949.497  199.374  6.70243  -16.677  37
181  1  47.8608  152.512  -42.4264  2.943  20
181.1  0  950.167  197.608  6.70243  -17.658  37
181.1  1  43.6182  152.708  -42.4264  1.962  20
181.2  0  950.837  195.744  6.70243  -18.639  37
181.2  1  39.3755  152.806  -42.4264  0.981  20
181.3  0  951.507  193.782  6.70243  -19.62  37
181.3  1  35.1329  152.806  -42.4264  1.11022e-15  20
181.4  0  952.178  191.722  6.70243  -20.601  37
181.4  1  30.8903  152.708  -42.4264  -0.981  20
181.5  0  952.848  189.564  6.70243  -21.582  37
181.5  1  26.6476  152.512  -42.4264  -1.962  20
181.6  0  953.518  187.307  6.70243  -22.563  37
181.6  1  22.405  152.217  -42.4264  -2.943  20
181.7  0  954.188  184.953  6.70243  -23.544  37
181.7  1  18.1623  151.825  -42.4264  -3.924  20
181.8  0  954.859  182.501  6.70243  -24.525  37
181.8  1  13.9197  151.334  -42.4264  -4.905  20
181.9  0  955.529  179.95  6.70243  -25.506  37
181.9  1  9.67706  150.746  -42.4264  -5.886  20
182  0  956.199  177.301  6.70243  -26.487  37
182  1  5.43442  150.059  -42.4264  -6.867  20
182.1  0  956.869  174.554  6.70243  -27.468  37
182.1  1  1.19178  149.274  -42.4264  -7.848  20
182.2  0  957.54  171.71  6.70243  -28.449  37
182.2  1  -3.05087  148.391  42.4264  -8.829  20
182.3  0  958.21  168.767  6.70243  -29.43  37
182.3  1  1.19178  147.41  42.4264  -9.81  20
182.4  0  958.88  165.725  6.70243  -30.411  37
182.4  1  5.43442  146.331  42.4264  -10.791  20
182.5  0  959.55  162.586  6.70243  -31.392  37
182.5  1  9.67706  145.154  42.4264  -11.772  20
182.6  0  960.221  159.349  6.70243  -32.373  37
182.6  1  13.9197  143.879  42.4264  -12.753  20
182.7  0  960.891  156.014  6.70243  -33.354  37
182.7  1  18.1623  142.505  42.4264  -13.734  20
182.8  0  961.561  152.58  6.70243  -34.335  37
182.8  1  22.405  141.034  42.4264  -14.715  20
182.9  0  962.231  149.048  6.70243  -35.316  37
182.9  1  26.6476  139.464  42.4264  -15.696  20
183  0  962.901  145.419  6.70243  -36.297  37
183  1  30.8903  137.797  42.4264  -16.677  20
183.1  0  963.572  141.691  6.70243  -37.278  37
183.1  1  35.1329  136.031  42.4264  -17.658  20
183.2  0  964.242  137.865  6.70243  -38.259  37
183.2  1  39.3755  134.167  42.4264  -18.639  20
183.3  0  964.912  133.941  6.70243  -39.24  37
183.3  1  43.6182  132.205  42.4264  -19.62  20
183.4  0  965.582  129.919  6.70243  -40.221  37
183.4  1  47.8608  130.145  42.4264  -20.601  20
183.5  0  966.253  125.799  6.70243  -41.202  37
183.5  1  52.1035  127.987  42.4264  -21.582  20
183.6  0  966.923  121.58  6.70243  -42.183  37
183.6  1  56.3461  125.73  42.4264  -22.563  20
183.7  0  967.593  117.264  6.70243  -43.164  37
183.7  1  60.5887  123.376  42.4264  -23.544  20
183.8  0  968.263  112.85  6.70243  -44.145  37
183.8  1  64.8314  120.923  42.4264  -24.525  20
183.9  0  968.934  108.337  6.70243  -45.126  37
183.9  1  69.074  118.373  42.4264  -25.506  20
184  0  969.604  103.726  6.70243  -46.107  37
184  1  73.3167  115.724  42.4264  -26.487  20
184.1  0  970.274  99.0175  6.70243  -47.088  37
184.1  1  77.5593  112.977  42.4264  -27.468  20
184.2  0  970.944  94.2106  6.70243  -48.069  37
184.2  1  81.8019  110.132  42.4264  -28.449  20
184.3  0  971.615  89.3056  6.70243  -49.05  37
184.3  1  86.0446  107.189  42.4264  -29.43  20
184.4  0  972.285  84.3025  6.70243  -50.031  37
184.4  1  90.2872  104.148  42.4264  -30.411  20
184.5  0  972.955  79.2013  6.70243  -51.012  37
184.5  1  94.5299  101.009  42.4264  -31.392  20
184.6  0  973.625  74.002  6.70243  -51.993  37
184.6  1  98.7725  97.7718  42.4264  -32.373  20
184.7  0  974.296  68.7046  6.70243  -52.974  37
184.7  1  103.015  94.4364  42.4264  -33.354  20
184.8  0  974.966  63.3091  6.70243  -53.955  37
184.8  1  107.258  91.0029  42.4264  -34.335  20
184.9  0  975.636  57.8155  6.70243  -54.936  37
184.9  1  111.5  87.4713  42.4264  -35.316  20
185  0  976.306  52.2238  6.70243  -55.917  37
185  1  115.743  83.8416  42.4264  -36.297  20
185.1  0  976.977  46.534  6.70243  -56.898  37
185.1  1  119.986  80.1138  42.4264  -37.278  20
185.2  0  977.647  40.7461  6.70243  -57.879  37
185.2  1  124.228  76.2879  42.4264  -38.259  20
185.3  0  978.317  34.8601  6.70243  -58.86  37
185.3  1  128.471  72.3639  42.4264  -39.24  20
185.4  0  978.987  28.876  6.70243  -59.841  37
185.4  1  132.714  68.3418  42.4264  -40.221  20
185.5  0  979.658  22.7938  6.70243  -60.822  37
185.5  1  136.956  64.2216  42.4264  -41.202  20
185.6  0  980.328  16.6135  6.70243  -61.803  37
185.6  1  141.199  60.0033  42.4264  -42.183  20
185.7  0  980.998  10.3351  6.70243  -62.784  37
185.7  1  145.442  55.6869  42.4264  -43.164  20
185.8  0  981.668  3.95858  6.70243  -63.765  37
185.8  1  149.684  51.2724  42.4264  -44.145  20
185.9  0  982.339  -2.51602  6.70243  64.746  37
185.9  1  153.927  46.7598  42.4264  -45.126  20
186  0  983.009  3.86048  6.70243  63.765  37
186  1  158.169  42.1491  42.4264  -46.107  20
186.1  0  983.679  10.1389  6.70243  62.784  37
186.1  1  162.412  37.4403  42.4264  -47.088  20
186.2  0  984.349  16.3192  6.70243  61.803  37
186.2  1  166.655  32.6334  42.4264  -48.069  20
186.3  0  985.019  22.4014  6.70243  60.822  37
186.3  1  170.897  27.7284  42.4264  -49.05  20
186.4  0  985.69  28.3855  6.70243  59.841  37
186.4  1  175.14  22.7253  42.4264  -50.031  20
186.5  0  986.36  34.2715  6.70243  58.86  37
186.5  1  179.383  17.6241  42.4264  -51.012  20
186.6  0  987.03  40.0594  6.70243  57.879  37
186.6  1  183.625  12.4248  42.4264  -51.993  20
186.7  0  987.7  45.7492  6.70243  56.898  37
186.7  1  187.868  7.12738  42.4264  -52.974  20
186.8  0  988.371  51.3409  6.70243  55.917  37
186.8  1  192.111  1.73188  42.4264  -53.955  20
186.9  0  989.041  56.8345  6.70243  54.936  37
186.9  1  196.353  -3.76172  42.4264  54.936  20
187  0  989.711  62.23  6.70243  53.955  37
187  1  200.596  1.63378  42.4264  53.955  20
187.1  0  990.381  67.5274  6.70243  52.974  37
187.1  1  204.839  6.93118  42.4264  52.974  20
187.2  0  991.052  72.7267  6.70243  51.993  37
187.2  1  209.081  12.1305  42.4264  51.993  20
187.3  0  991.722  77.8279  6.70243  51.012  37
187.3  1  213.324  17.2317  42.4264  51.012  20
187.4  0  992.392  82.831  6.70243  50.031  37
187.4  1  217.566  22.2348  42.4264  50.031  20
187.5  0  993.062  87.736  6.70243  49.05  37
187.5  1  221.809  27.1398  42.4264  49.05  20
187.6  0  993.733  92.5429  6.70243  48.069  37
187.6  1  226.052  31.9467  42.4264  48.069  20
187.7  0  994.403  97.2517  6.70243  47.088  37
187.7  1  230.294  36.6555  42.4264  47.088  20
187.8  0  995.073  101.862  6.70243  46.107  37
187.8  1  234.537  41.2662  42.4264  46.107  20
187.9  0  995.743  106.375  6.70243  45.126  37
187.9  1  238.78  45.7788  42.4264  45.126  20
188  0  996.414  110.789  6.70243  44.145  37
188  1  243.022  50.1933  42.4264  44.145  20
188.1  0  997.084  115.106  6.70243  43.164  37
188.1  1  247.265  54.5097  42.4264  43.164  20
188.2  0  997.754  119.324  6.70243  42.183  37
188.2  1  251.508  58.728  42.4264  42.183  20
188.3  0  998.424  123.444  6.70243  41.202  37
188.3  1  255.75  62.8482  42.4264  41.202  20
188.4  0  999.095  127.466  6.70243  40.221  37
188.4  1  259.993  66.8703  42.4264  40.221  20
188.5  0  999.765  131.39  6.70243  39.24  37
188.5  1  264.235  70.7943  42.4264  39.24  20
188.6  0  1000.44  135.216  -6.70243  38.259  37
188.6  1  268.478  74.6202  42.4264  38.259  20
188.7  0  999.765  138.944  -6.70243  37.278  37
188.7  1  272.721  78.348  42.4264  37.278  20
188.8  0  999.095  142.574  -6.70243  36.297  37
188.8  1  276.963  81.9777  42.4264  36.297  20
188.9  0  998.424  146.105  -6.70243  35.316  37
188.9  1  281.206  85.5093  42.4264  35.316  20
189  0  997.754  149.539  -6.70243  34.335  37
189  1  285.449  88.9428  42.4264  34.335  20
189.1  0  997.084  152.874  -6.70243  33.354  37
189.1  1  289.691  92.2782  42.4264  33.354  20
189.2  0  996.414  156.112  -6.70243  32.373  37
189.2  1  293.934  95.5155  42.4264  32.373  20
189.3  0  995.743  159.251  -6.70243  31.392  37
189.3  1  298.177  98.6547  42.4264  31.392  20
189.4  0  995.073  162.292  -6.70243  30.411  37
189.4  1  302.419  101.696  42.4264  30.411  20
189.5  0  994.403  165.235  -6.70243  29.43  37
189.5  1  306.662  104.639  42.4264  29.43  20
189.6  0  993.733  168.08  -6.70243  28.449  37
189.6  1  310.905  107.484  42.4264  28.449  20
189.7  0  993.062  170.827  -6.70243  27.468  37
189.7  1  315.147  110.23  42.4264  27.468  20
189.8  0  992.392  173.475  -6.70243  26.487  37
189.8  1  319.39  112.879  42.4264  26.487  20
189.9  0  991.722  176.026  -6.70243  25.506  37
189.9  1  323.632  115.43  42.4264  25.506  20
190  0  991.052  178.478  -6.70243  24.525  37
190  1  327.875  117.882  42.4264  24.525  20
190.1  0  990.381  180.833  -6.70243  23.544  37
190.1  1  332.118  120.237  42.4264  23.544  20
190.2  0  989.711  183.089  -6.70243  22.563  37
190.2  1  336.36  122.493  42.4264  22.563  20
190.3  0  989.041  185.247  -6.70243  21.582  37
190.3  1  340.603  124.651  42.4264  21.582  20
190.4  0  988.371  187.307  -6.70243  20.601  37
190.4  1  344.846  126.711  42.4264  20.601  20
190.5  0  987.7  189.269  -6.70243  19.62  37
190.5  1  349.088  128.673  42.4264  19.62  20
190.6  0  987.03  191.133  -6.70243  18.639  37
190.6  1  353.331  130.537  42.4264  18.639  20
190.7  0  986.36  192.899  -6.70243  17.658  37
190.7  1  357.574  132.303  42.4264  17.658  20
190.8  0  985.69  194.567  -6.70243  16.677  37
190.8  1  361.816  133.971  42.4264  16.677  20
190.9  0  985.019  196.136  -6.70243  15.696  37
190.9  1  366.059  135.54  42.4264  15.696  20
191  0  984.349  197.608  -6.70243  14.715  37
191  1  370.302  137.012  42.4264  14.715  20
191.1  0  983.679  198.981  -6.70243  13.734  37
191.1  1  374.544  138.385  42.4264  13.734  20
191.2  0  983.009  200.257  -6.70243  12.753  37
191.2  1  378.787  139.66  42.4264  12.753  20
191.3  0  982.339  201.434  -6.70243  11.772  37
191.3  1  383.029  140.838  42.4264  11.772  20
191.4  0  981.668  202.513  -6.70243  10.791  37
191.4  1  387.272  141.917  42.4264  10.791  20
191.5  0  980.998  203.494  -6.70243  9.81  37
191.5  1  391.515  142.898  42.4264  9.81  20
191.6  0  980.328  204.377  -6.70243  8.829  37
191.6  1  395.757  143.781  42.4264  8.829  20
191.7  0  979.658  205.162  -6.70243  7.848  37
191.7  1  400  144.565  42.4264  7.848  20
191.8  0  978.987  205.848  -6.70243  6.867  37
191.8  1  404.243  145.252  42.4264  6.867  20
191.9  0  978.317  206.437  -6.70243  5.886  37
191.9  1  408.485  145.841  42.4264  5.886  20
192  0  977.647  206.927  -6.70243  4.905  37
192  1  412.728  146.331  42.4264  4.905  20
192.1  0  976.977  207.32  -6.70243  3.924  37
192.1  1  416.971  146.724  42.4264  3.924  20
192.2  0  976.306  207.614  -6.70243  2.943  37
192.2  1  421.213  147.018  42.4264  2.943  20
192.3  0  975.636  207.81  -6.70243  1.962  37
192.3  1  425.456  147.214  42.4264  1.962  20
192.4  0  974.966  207.908  -6.70243  0.981  37
192.4  1  429.698  147.312  42.4264  0.981  20
192.5  0  974.296  207.908  -6.70243  1.11022e-15  37
192.5  1  433.941  147.312  42.4264  1.11022e-15  20
192.6  0  973.625  207.81  -6.70243  -0.981  37
192.6  1  438.184  147.214  42.4264  -0.981  20
192.7  0  972.955  207.614  -6.70243  -1.962  37
192.7  1  442.426  147.018  42.4264  -1.962  20
192.8  0  972.285  207.32  -6.70243  -2.943  37
192.8  1  446.669  146.724  42.4264  -2.943  20
192.9  0  971.615  206.927  -6.70243  -3.924  37
192.9  1  450.912  146.331  42.4264  -3.924  20
193  0  970.944  206.437  -6.70243  -4.905  37
193  1  455.154  145.841  42.4264  -4.905  20
193.1  0  970.274  205.848  -6.70243  -5.886  37
193.1  1  459.397  145.252  42.4264  -5.886  20
193.2  0  969.604  205.162  -6.70243  -6.867  37
193.2  1  463.64  144.565  42.4264  -6.867  20
193.3  0  968.934  204.377  -6.70243  -7.848  37
193.3  1  467.882  143.781  42.4264  -7.848  20
193.4  0  968.263  203.494  -6.70243  -8.829  37
193.4  1  472.125  142.898  42.4264  -8.829  20
193.5  0  967.593  202.513  -6.70243  -9.81  37
193.5  1  476.368  141.917  42.4264  -9.81  20
193.6  0  966.923  201.434  -6.70243  -10.791  37
193.6  1  480.61  140.838  42.4264  -10.791  20
193.7  0  966.253  200.257  -6.70243  -11.772  37
193.7  1  484.853  139.66  42.4264  -11.772  20
193.8  0  965.582  198.981  -6.70243  -12.753  37
193.8  1  489.095  138.385  42.4264  -12.753  20
193.9  0  964.912  197.608  -6.70243  -13.734  37
193.9  1  493.338  137.012  42.4264  -13.734  20
194  0  964.242  196.136  -6.70243  -14.715  37
194  1  497.581  135.54  42.4264  -14.715  20
194.1  0  963.572  194.567  -6.70243  -15.696  37
194.1  1  501.823  133.971  42.4264  -15.696  20
194.2  0  962.901  192.899  -6.70243  -16.677  37
194.2  1  506.066  132.303  42.4264  -16.677  20
194.3  0  962.231  191.133  -6.70243  -17.658  37
194.3  1  510.309  130.537  42.4264  -17.658  20
194.4  0  961.561  189.269  -6.70243  -18.639  37
194.4  1  514.551  128.673  42.4264  -18.639  20
194.5  0  960.891  187.307  -6.70243  -19.62  37
194.5  1  518.794  126.711  42.4264  -19.62  20
194.6  0  960.221  185.247  -6.70243  -20.601  37
194.6  1  523.037  124.651  42.4264  -20.601  20
194.7  0  959.55  183.089  -6.70243  -21.582  37
194.7  1  527.279  122.493  42.4264  -21.582  20
194.8  0  958.88  180.833  -6.70243  -22.563  37
194.8  1  531.522  120.237  42.4264  -22.563  20
194.9  0  958.21  178.478  -6.70243  -23.544  37
194.9  1  535.765  117.882  42.4264  -23.544  20
195  0  957.54  176.026  -6.70243  -24.525  37
195  1  540.007  115.43  42.4264  -24.525  20
195.1  0  956.869  173.475  -6.70243  -25.506  37
195.1  1  544.25  112.879  42.4264  -25.506  20
195.2  0  956.199  170.827  -6.70243  -26.487  37
195.2  1  548.492  110.23  42.4264  -26.487  20
195.3  0  955.529  168.08  -6.70243  -27.468  37
195.3  1  552.735  107.484  42.4264  -27.468  20
195.4  0  954.859  165.235  -6.70243  -28.449  37
195.4  1  556.978  104.639  42.4264  -28.449  20
195.5  0  954.188  162.292  -6.70243  -29.43  37
195.5  1  561.22  101.696  42.4264  -29.43  20
195.6  0  953.518  159.251  -6.70243  -30.411  37
195.6  1  565.463  98.6547  42.4264  -30.411  20
195.7  0  952.848  156.112  -6.70243  -31.392  37
195.7  1  569.706  95.5155  42.4264  -31.392  20
195.8  0  952.178  152.874  -6.70243  -32.373  37
195.8  1  573.948  92.2782  42.4264  -32.373  20
195.9  0  951.507  149.539  -6.70243  -33.354  37
195.9  1  578.191  88.9428  42.4264  -33.354  20
196  0  950.837  146.105  -6.70243  -34.335  37
196  1  582.434  85.5093  42.4264  -34.335  20
196.1  0  950.167  142.574  -6.70243  -35.316  37
196.1  1  586.676  81.9777  42.4264  -35.316  20
196.2  0  949.497  138.944  -6.70243  -36.297  37
196.2  1  590.919  78.348  42.4264  -36.297  20
196.3  0  948.826  135.216  -6.70243  -37.278  37
196.3  1  595.161  74.6202  42.4264  -37.278  20
196.4  0  948.156  131.39  -6.70243  -38.259  37
196.4  1  599.404  70.7943  42.4264  -38.259  20
196.5  0  947.486  127.466  -6.70243  -39.24  37
196.5  1  603.647  66.8703  42.4264  -39.24  20
196.6  0  946.816  123.444  -6.70243  -40.221  37
196.6  1  607.889  62.8482  42.4264  -40.221  20
196.7  0  946.145  119.324  -6.70243  -41.202  37
196.7  1  612.132  58.728  42.4264  -41.202  20
196.8  0  945.475  115.106  -6.70243  -42.183  37
196.8  1  616.375  54.5097  42.4264  -42.183  20
196.9  0  944.805  110.789  -6.70243  -43.164  37
196.9  1  620.617  50.1933  42.4264  -43.164  20
197  0  944.135  106.375  -6.70243  -44.145  37
197  1  624.86  45.7788  42.4264  -44.145  20
197.1  0  943.464  101.862  -6.70243  -45.126  37
197.1  1  629.103  41.2662  42.4264  -45.126  20
197.2  0  942.794  97.2517  -6.70243  -46.107  37
197.2  1  633.345  36.6555  42.4264  -46.107  20
197.3  0  942.124  92.5429  -6.70243  -47.088  37
197.3  1  637.588  31.9467  42.4264  -47.088  20
197.4  0  941.454  87.736  -6.70243  -48.069  37
197.4  1  641.831  27.1398  42.4264  -48.069  20
197.5  0  940.783  82.831  -6.70243  -49.05  37
197.5  1  646.073  22.2348  42.4264  -49.05  20
197.6  0  940.113  77.8279  -6.70243  -50.031  37
197.6  1  650.316  17.2317  42.4264  -50.031  20
197.7  0  939.443  72.7267  -6.70243  -51.012  37
197.7  1  654.558  12.1305  42.4264  -51.012  20
197.8  0  938.773  67.5274  -6.70243  -51.993  37
197.8  1  658.801  6.93118  42.4264  -51.993  20
197.9  0  938.103  62.23  -6.70243  -52.974  37
197.9  1  663.044  1.63378  42.4264  -52.974  20
198  0  937.432  56.8345  -6.70243  -53.955  37
198  1  667.286  -3.76172  42.4264  53.955  20
198.1  0  936.762  51.3409  -6.70243  -54.936  37
198.1  1  671.529  1.53568  42.4264  52.974  20
198.2  0  936.092  45.7492  -6.70243  -55.917  37
198.2  1  675.772  6.73498  42.4264  51.993  20
198.3  0  935.422  40.0594  -6.70243  -56.898  37
198.3  1  680.014  11.8362  42.4264  51.012  20
198.4  0  934.751  34.2715  -6.70243  -57.879  37
198.4  1  684.257  16.8393  42.4264  50.031  20
198.5  0  934.081  28.3855  -6.70243  -58.86  37
198.5  1  688.5  21.7443  42.4264  49.05  20
198.6  0  933.411  22.4014  -6.70243  -59.841  37
198.6  1  692.742  26.5512  42.4264  48.069  20
198.7  0  932.741  16.3192  -6.70243  -60.822  37
198.7  1  696.985  31.26  42.4264  47.088  20
198.8  0  932.07  10.1389  -6.70243  -61.803  37
198.8  1  701.227  35.8707  42.4264  46.107  20
198.9  0  931.4  3.86048  -6.70243  -62.784  37
198.9  1  705.47  40.3833  42.4264  45.126  20
199  0  930.73  -2.51602  -6.70243  63.765  37
199  1  709.713  44.7978  42.4264  44.145  20
199.1  0  930.06  3.76238  -6.70243  62.784  37
199.1  1  713.955  49.1142  42.4264  43.164  20
199.2  0  929.389  9.94268  -6.70243  61.803  37
199.2  1  718.198  53.3325  42.4264  42.183  20
199.3  0  928.719  16.0249  -6.70243  60.822  37
199.3  1  722.441  57.4527  42.4264  41.202  20
199.4  0  928.049  22.009  -6.70243  59.841  37
199.4  1  726.683  61.4748  42.4264  40.221  20
199.5  0  927.379  27.895  -6.70243  58.86  37
199.5  1  730.926  65.3988  42.4264  39.24  20
199.6  0  926.708  33.6829  -6.70243  57.879  37
199.6  1  735.169  69.2247  42.4264  38.259  20
199.7  0  926.038  39.3727  -6.70243  56.898  37
199.7  1  739.411  72.9525  42.4264  37.278  20
199.8  0  925.368  44.9644  -6.70243  55.917  37
199.8  1  743.654  76.5822  42.4264  36.297  20
199.9  0  924.698  50.458  -6.70243  54.936  37
199.9  1  747.897  80.1138  42.4264  35.316  20
200  0  924.027  55.8535  -6.70243  53.955  37
200  1  752.139  83.5473  42.4264  34.335  20
200.1  0  923.357  61.1509  -6.70243  52.974  37
200.1  1  756.382  86.8827  42.4264  33.354  20
200.2  0  922.687  66.3502  -6.70243  51.993  37
200.2  1  760.624  90.12  42.4264  32.373  20
200.3  0  922.017  71.4514  -6.70243  51.012  37
200.3  1  764.867  93.2592  42.4264  31.392  20
200.4  0  921.346  76.4545  -6.70243  50.031  37
200.4  1  769.11  96.3003  42.4264  30.411  20
200.5  0  920.676  81.3595  -6.70243  49.05  37
200.5  1  773.352  99.2433  42.4264  29.43  20
200.6  0  920.006  86.1664  -6.70243  48.069  37
200.6  1  777.595  102.088  42.4264  28.449  20
200.7  0  919.336  90.8752  -6.70243  47.088  37
200.7  1  781.838  104.835  42.4264  27.468  20
200.8  0  918.665  95.4859  -6.70243  46.107  37
200.8  1  786.08  107.484  42.4264  26.487  20
200.9  0  917.995  99.9985  -6.70243  45.126  37
200.9  1  790.323  110.034  42.4264  25.506  20
201  0  917.325  104.413  -6.70243  44.145  37
201  1  794.566  112.487  42.4264  24.525  20
201.1  0  916.655  108.729  -6.70243  43.164  37
201.1  1  798.808  114.841  42.4264  23.544  20
201.2  0  915.985  112.948  -6.70243  42.183  37
201.2  1  803.051  117.097  42.4264  22.563  20
201.3  0  915.314  117.068  -6.70243  41.202  37
201.3  1  807.294  119.256  42.4264  21.582  20
201.4  0  914.644  121.09  -6.70243  40.221  37
201.4  1  811.536  121.316  42.4264  20.601  20
201.5  0  913.974  125.014  -6.70243  39.24  37
201.5  1  815.779  123.278  42.4264  19.62  20
201.6  0  913.304  128.84  -6.70243  38.259  37
201.6  1  820.021  125.142  42.4264  18.639  20
201.7  0  912.633  132.568  -6.70243  37.278  37
201.7  1  824.264  126.907  42.4264  17.658  20
201.8  0  911.963  136.197  -6.70243  36.297  37
201.8  1  828.507  128.575  42.4264  16.677  20
201.9  0  911.293  139.729  -6.70243  35.316  37
201.9  1  832.749  130.145  42.4264  15.696  20
202  0  910.623  143.162  -6.70243  34.335  37
202  1  836.992  131.616  42.4264  14.715  20
202.1  0  909.952  146.498  -6.70243  33.354  37
202.1  1  841.235  132.99  42.4264  13.734  20
202.2  0  909.282  149.735  -6.70243  32.373  37
202.2  1  845.477  134.265  42.4264  12.753  20
202.3  0  908.612  152.874  -6.70243  31.392  37
202.3  1  849.72  135.442  42.4264  11.772  20
202.4  0  907.942  155.915  -6.70243  30.411  37
202.4  1  853.963  136.521  42.4264  10.791  20
202.5  0  907.271  158.858  -6.70243  29.43  37
202.5  1  858.205  137.502  42.4264  9.81  20
202.6  0  906.601  161.703  -6.70243  28.449  37
202.6  1  862.448  138.385  42.4264  8.829  20
202.7  0  905.931  164.45  -6.70243  27.468  37
202.7  1  866.69  139.17  42.4264  7.848  20
202.8  0  905.261  167.099  -6.70243  26.487  37
202.8  1  870.933  139.857  42.4264  6.867  20
202.9  0  904.59  169.649  -6.70243  25.506  37
202.9  1  875.176  140.445  42.4264  5.886  20
203  0  903.92  172.102  -6.70243  24.525  37
203  1  879.418  140.936  42.4264  4.905  20
203.1  0  903.25  174.456  -6.70243  23.544  37
203.1  1  883.661  141.328  42.4264  3.924  20
203.2  0  902.58  176.713  -6.70243  22.563  37
203.2  1  887.904  141.622  42.4264  2.943  20
203.3  0  901.909  178.871  -6.70243  21.582  37
203.3  1  892.146  141.819  42.4264  1.962  20
203.4  0  901.239  180.931  -6.70243  20.601  37
203.4  1  896.389  141.917  42.4264  0.981  20
203.5  0  900.569  182.893  -6.70243  19.62  37
203.5  1  900.632  141.917  42.4264  1.11022e-15  20
203.6  0  899.899  184.757  -6.70243  18.639  37
203.6  1  904.874  141.819  42.4264  -0.981  20
203.7  0  899.228  186.523  -6.70243  17.658  37
203.7  1  909.117  141.622  42.4264  -1.962  20
203.8  0  898.558  188.19  -6.70243  16.677  37
203.8  1  913.36  141.328  42.4264  -2.943  20
203.9  0  897.888  189.76  -6.70243  15.696  37
203.9  1  917.602  140.936  42.4264  -3.924  20
204  0  897.218  191.231  -6.70243  14.715  37
204  1  921.845  140.445  42.4264  -4.905  20
204.1  0  896.547  192.605  -6.70243  13.734  37
204.1  1  926.087  139.857  42.4264  -5.886  20
204.2  0  895.877  193.88  -6.70243  12.753  37
204.2  1  930.33  139.17  42.4264  -6.867  20
204.3  0  895.207  195.057  -6.70243  11.772  37
204.3  1  934.573  138.385  42.4264  -7.848  20
204.4  0  894.537  196.136  -6.70243  10.791  37
204.4  1  938.815  137.502  42.4264  -8.829  20
204.5  0  893.867  197.117  -6.70243  9.81  37
204.5  1  943.058  136.521  42.4264  -9.81  20
204.6  0  893.196  198  -6.70243  8.829  37
204.6  1  947.301  135.442  42.4264  -10.791  20
204.7  0  892.526  198.785  -6.70243  7.848  37
204.7  1  951.543  134.265  42.4264  -11.772  20
204.8  0  891.856  199.472  -6.70243  6.867  37
204.8  1  955.786  132.99  42.4264  -12.753  20
204.9  0  891.186  200.06  -6.70243  5.886  37
204.9  1  960.029  131.616  42.4264  -13.734  20
205  0  890.515  200.551  -6.70243  4.905  37
205  1  964.271  130.145  42.4264  -14.715  20
205.1  0  889.845  200.943  -6.70243  3.924  37
205.1  1  968.514  128.575  42.4264  -15.696  20
205.2  0  889.175  201.238  -6.70243  2.943  37
205.2  1  972.756  126.907  42.4264  -16.677  20
205.3  0  888.505  201.434  -6.70243  1.962  37
205.3  1  976.999  125.142  42.4264  -17.658  20
205.4  0  887.834  201.532  -6.70243  0.981  37
205.4  1  981.242  123.278  42.4264  -18.639  20
205.5  0  887.164  201.532  -6.70243  1.11022e-15  37
205.5  1  985.484  121.316  42.4264  -19.62  20
205.6  0  886.494  201.434  -6.70243  -0.981  37
205.6  1  989.727  119.256  42.4264  -20.601  20
205.7  0  885.824  201.238  -6.70243  -1.962  37
205.7  1  993.97  117.097  42.4264  -21.582  20
205.8  0  885.153  200.943  -6.70243  -2.943  37
205.8  1  998.212  114.841  42.4264  -22.563  20
205.9  0  884.483  200.551  -6.70243  -3.924  37
205.9  1  1002.45  112.487  -42.4264  -23.544  20
206  0  883.813  200.06  -6.70243  -4.905  37
206  1  998.212  110.034  -42.4264  -24.525  20
206.1  0  883.143  199.472  -6.70243  -5.886  37
206.1  1  993.97  107.484  -42.4264  -25.506  20
206.2  0  882.472  198.785  -6.70243  -6.867  37
206.2  1  989.727  104.835  -42.4264  -26.487  20
206.3  0  881.802  198  -6.70243  -7.848  37
206.3  1  985.484  102.088  -42.4264  -27.468  20
206.4  0  881.132  197.117  -6.70243  -8.829  37
206.4  1  981.242  99.2433  -42.4264  -28.449  20
206.5  0  880.462  196.136  -6.70243  -9.81  37
206.5  1  976.999  96.3003  -42.4264  -29.43  20
206.6  0  879.791  195.057  -6.70243  -10.791  37
206.6  1  972.756  93.2592  -42.4264  -30.411  20
206.7  0  879.121  193.88  -6.70243  -11.772  37
206.7  1  968.514  90.12  -42.4264  -31.392  20
206.8  0  878.451  192.605  -6.70243  -12.753  37
206.8  1  964.271  86.8827  -42.4264  -32.373  20
206.9  0  877.781  191.231  -6.70243  -13.734  37
206.9  1  960.029  83.5473  -42.4264  -33.354  20
207  0  877.11  189.76  -6.70243  -14.715  37
207  1  955.786  80.1138  -42.4264  -34.335  20
207.1  0  876.44  188.19  -6.70243  -15.696  37
207.1  1  951.543  76.5822  -42.4264  -35.316  20
207.2  0  875.77  186.523  -6.70243  -16.677  37
207.2  1  947.301  72.9525  -42.4264  -36.297  20
207.3  0  875.1  184.757  -6.70243  -17.658  37
207.3  1  943.058  69.2247  -42.4264  -37.278  20
207.4  0  874.429  182.893  -6.70243  -18.639  37
207.4  1  938.815  65.3988  -42.4264  -38.259  20
207.5  0  873.759  180.931  -6.70243  -19.62  37
207.5  1  934.573  61.4748  -42.4264  -39.24  20
207.6  0  873.089  178.871  -6.70243  -20.601  37
207.6  1  930.33  57.4527  -42.4264  -40.221  20
207.7  0  872.419  176.713  -6.70243  -21.582  37
207.7  1  926.087  53.3325  -42.4264  -41.202  20
207.8  0  871.749  174.456  -6.70243  -22.563  37
207.8  1  921.845  49.1142  -42.4264  -42.183  20
207.9  0  871.078  172.102  -6.70243  -23.544  37
207.9  1  917.602  44.7978  -42.4264  -43.164  20
208  0  870.408  169.649  -6.70243  -24.525  37
208  1  913.36  40.3833  -42.4264  -44.145  20
208.1  0  869.738  167.099  -6.70243  -25.506  37
208.1  1  909.117  35.8707  -42.4264  -45.126  20
208.2  0  869.068  164.45  -6.70243  -26.487  37
208.2  1  904.874  31.26  -42.4264  -46.107  20
208.3  0  868.397  161.703  -6.70243  -27.468  37
208.3  1  900.632  26.5512  -42.4264  -47.088  20
208.4  0  867.727  158.858  -6.70243  -28.449  37
208.4  1  896.389  21.7443  -42.4264  -48.069  20
208.5  0  867.057  155.915  -6.70243  -29.43  37
208.5  1  892.146  16.8393  -42.4264  -49.05  20
208.6  0  866.387  152.874  -6.70243  -30.411  37
208.6  1  887.904  11.8362  -42.4264  -50.031  20
208.7  0  865.716  149.735  -6.70243  -31.392  37
208.7  1  883.661  6.73498  -42.4264  -51.012  20
208.8  0  865.046  146.498  -6.70243  -32.373  37
208.8  1  879.418  1.53568  -42.4264  -51.993  20
208.9  0  864.376  143.162  -6.70243  -33.354  37
208.9  1  875.176  -3.76172  -42.4264  52.974  20
209  0  863.706  139.729  -6.70243  -34.335  37
209  1  870.933  1.43758  -42.4264  51.993  20
209.1  0  863.035  136.197  -6.70243  -35.316  37
209.1  1  866.69  6.53878  -42.4264  51.012  20
209.2  0  862.365  132.568  -6.70243  -36.297  37
209.2  1  862.448  11.5419  -42.4264  50.031  20
209.3  0  861.695  128.84  -6.70243  -37.278  37
209.3  1  858.205  16.4469  -42.4264  49.05  20
209.4  0  861.025  125.014  -6.70243  -38.259  37
209.4  1  853.963  21.2538  -42.4264  48.069  20
209.5  0  860.354  121.09  -6.70243  -39.24  37
209.5  1  849.72  25.9626  -42.4264  47.088  20
209.6  0  859.684  117.068  -6.70243  -40.221  37
209.6  1  845.477  30.5733  -42.4264  46.107  20
209.7  0  859.014  112.948  -6.70243  -41.202  37
209.7  1  841.235  35.0859  -42.4264  45.126  20
209.8  0  858.344  108.729  -6.70243  -42.183  37
209.8  1  836.992  39.5004  -42.4264  44.145  20
209.9  0  857.673  104.413  -6.70243  -43.164  37
209.9  1  832.749  43.8168  -42.4264  43.164  20
210  0  857.003  99.9985  -6.70243  -44.145  37
210  1  828.507  48.0351  -42.4264  42.183  20
210.1  0  856.333  95.4859  -6.70243  -45.126  37
210.1  1  824.264  52.1553  -42.4264  41.202  20
210.2  0  855.663  90.8752  -6.70243  -46.107  37
210.2  1  820.021  56.1774  -42.4264  40.221  20
210.3  0  854.992  86.1664  -6.70243  -47.088  37
210.3  1  815.779  60.1014  -42.4264  39.24  20
210.4  0  854.322  81.3595  -6.70243  -48.069  37
210.4  1  811.536  63.9273  -42.4264  38.259  20
210.5  0  853.652  76.4545  -6.70243  -49.05  37
210.5  1  807.294  67.6551  -42.4264  37.278  20
210.6  0  852.982  71.4514  -6.70243  -50.031  37
210.6  1  803.051  71.2848  -42.4264  36.297  20
210.7  0  852.311  66.3502  -6.70243  -51.012  37
210.7  1  798.808  74.8164  -42.4264  35.316  20
210.8  0  851.641  61.1509  -6.70243  -51.993  37
210.8  1  794.566  78.2499  -42.4264  34.335  20
210.9  0  850.971  55.8535  -6.70243  -52.974  37
210.9  1  790.323  81.5853  -42.4264  33.354  20
211  0  850.301  50.458  -6.70243  -53.955  37
211  1  786.08  84.8226  -42.4264  32.373  20
211.1  0  849.63  44.9644  -6.70243  -54.936  37
211.1  1  781.838  87.9618  -42.4264  31.392  20
211.2  0  848.96  39.3727  -6.70243  -55.917  37
211.2  1  777.595  91.0029  -42.4264  30.411  20
211.3  0  848.29  33.6829  -6.70243  -56.898  37
211.3  1  773.352  93.9459  -42.4264  29.43  20
211.4  0  847.62  27.895  -6.70243  -57.879  37
211.4  1  769.11  96.7908  -42.4264  28.449  20
211.5  0  846.95  22.009  -6.70243  -58.86  37
211.5  1  764.867  99.5376  -42.4264  27.468  20
211.6  0  846.279  16.0249  -6.70243  -59.841  37
211.6  1  760.624  102.186  -42.4264  26.487  20
211.7  0  845.609  9.94268  -6.70243  -60.822  37
211.7  1  756.382  104.737  -42.4264  25.506  20
211.8  0  844.939  3.76238  -6.70243  -61.803  37
211.8  1  752.139  107.189  -42.4264  24.525  20
211.9  0  844.269  -2.51602  -6.70243  62.784  37
211.9  1  747.897  109.544  -42.4264  23.544  20
212  0  843.598  3.66428  -6.70243  61.803  37
212  1  743.654  111.8  -42.4264  22.563  20
212.1  0  842.928  9.74648  -6.70243  60.822  37
212.1  1  739.411  113.958  -42.4264  21.582  20
212.2  0  842.258  15.7306  -6.70243  59.841  37
212.2  1  735.169  116.018  -42.4264  20.601  20
212.3  0  841.588  21.6166  -6.70243  58.86  37
212.3  1  730.926  117.98  -42.4264  19.62  20
212.4  0  840.917  27.4045  -6.70243  57.879  37
212.4  1  726.683  119.844  -42.4264  18.639  20
212.5  0  840.247  33.0943  -6.70243  56.898  37
212.5  1  722.441  121.61  -42.4264  17.658  20
212.6  0  839.577  38.686  -6.70243  55.917  37
212.6  1  718.198  123.278  -42.4264  16.677  20
212.7  0  838.907  44.1796  -6.70243  54.936  37
212.7  1  713.955  124.847  -42.4264  15.696  20
212.8  0  838.236  49.5751  -6.70243  53.955  37
212.8  1  709.713  126.319  -42.4264  14.715  20
212.9  0  837.566  54.8725  -6.70243  52.974  37
212.9  1  705.47  127.692  -42.4264  13.734  20
213  0  836.896  60.0718  -6.70243  51.993  37
213  1  701.227  128.968  -42.4264  12.753  20
213.1  0  836.226  65.173  -6.70243  51.012  37
213.1  1  696.985  130.145  -42.4264  11.772  20
213.2  0  835.555  70.1761  -6.70243  50.031  37
213.2  1  692.742  131.224  -42.4264  10.791  20
213.3  0  834.885  75.0811  -6.70243  49.05  37
213.3  1  688.5  132.205  -42.4264  9.81  20
213.4  0  834.215  79.888  -6.70243  48.069  37
213.4  1  684.257  133.088  -42.4264  8.829  20
213.5  0  833.545  84.5968  -6.70243  47.088  37
213.5  1  680.014  133.873  -42.4264  7.848  20
213.6  0  832.874  89.2075  -6.70243  46.107  37
213.6  1  675.772  134.559  -42.4264  6.867  20
213.7  0  832.204  93.7201  -6.70243  45.126  37
213.7  1  671.529  135.148  -42.4264  5.886  20
213.8  0  831.534  98.1346  -6.70243  44.145  37
213.8  1  667.286  135.638  -42.4264  4.905  20
213.9  0  830.864  102.451  -6.70243  43.164  37
213.9  1  663.044  136.031  -42.4264  3.924  20
214  0  830.193  106.669  -6.70243  42.183  37
214  1  658.801  136.325  -42.4264  2.943  20
214.1  0  829.523  110.789  -6.70243  41.202  37
214.1  1  654.558  136.521  -42.4264  1.962  20
214.2  0  828.853  114.812  -6.70243  40.221  37
214.2  1  650.316  136.619  -42.4264  0.981  20
214.3  0  828.183  118.736  -6.70243  39.24  37
214.3  1  646.073  136.619  -42.4264  1.11022e-15  20
214.4  0  827.512  122.561  -6.70243  38.259  37
214.4  1  641.831  136.521  -42.4264  -0.981  20
214.5  0  826.842  126.289  -6.70243  37.278  37
214.5  1  637.588  136.325  -42.4264  -1.962  20
214.6  0  826.172  129.919  -6.70243  36.297  37
214.6  1  633.345  136.031  -42.4264  -2.943  20
214.7  0  825.502  133.451  -6.70243  35.316  37
214.7  1  629.103  135.638  -42.4264  -3.924  20
214.8  0  824.832  136.884  -6.70243  34.335  37
214.8  1  624.86  135.148  -42.4264  -4.905  20
214.9  0  824.161  140.219  -6.70243  33.354  37
214.9  1  620.617  134.559  -42.4264  -5.886  20
215  0  823.491  143.457  -6.70243  32.373  37
215  1  616.375  133.873  -42.4264  -6.867  20
215.1  0  822.821  146.596  -6.70243  31.392  37
215.1  1  612.132  133.088  -42.4264  -7.848  20
215.2  0  822.151  149.637  -6.70243  30.411  37
215.2  1  607.889  132.205  -42.4264  -8.829  20
215.3  0  821.48  152.58  -6.70243  29.43  37
215.3  1  603.647  131.224  -42.4264  -9.81  20
215.4  0  820.81  155.425  -6.70243  28.449  37
215.4  1  599.404  130.145  -42.4264  -10.791  20
215.5  0  820.14  158.172  -6.70243  27.468  37
215.5  1  595.161  128.968  -42.4264  -11.772  20
215.6  0  819.47  160.82  -6.70243  26.487  37
215.6  1  590.919  127.692  -42.4264  -12.753  20
215.7  0  818.799  163.371  -6.70243  25.506  37
215.7  1  586.676  126.319  -42.4264  -13.734  20
215.8  0  818.129  165.824  -6.70243  24.525  37
215.8  1  582.434  124.847  -42.4264  -14.715  20
215.9  0  817.459  168.178  -6.70243  23.544  37
215.9  1  578.191  123.278  -42.4264  -15.696  20
216  0  816.789  170.434  -6.70243  22.563  37
216  1  573.948  121.61  -42.4264  -16.677  20
216.1  0  816.118  172.592  -6.70243  21.582  37
216.1  1  569.706  119.844  -42.4264  -17.658  20
216.2  0  815.448  174.653  -6.70243  20.601  37
216.2  1  565.463  117.98  -42.4264  -18.639  20
216.3  0  814.778  176.615  -6.70243  19.62  37
216.3  1  561.22  116.018  -42.4264  -19.62  20
216.4  0  814.108  178.478  -6.70243  18.639  37
216.4  1  556.978  113.958  -42.4264  -20.601  20
216.5  0  813.437  180.244  -6.70243  17.658  37
216.5  1  552.735  111.8  -42.4264  -21.582  20
216.6  0  812.767  181.912  -6.70243  16.677  37
216.6  1  548.492  109.544  -42.4264  -22.563  20
216.7  0  812.097  183.482  -6.70243  15.696  37
216.7  1  544.25  107.189  -42.4264  -23.544  20
216.8  0  811.427  184.953  -6.70243  14.715  37
216.8  1  540.007  104.737  -42.4264  -24.525  20
216.9  0  810.756  186.326  -6.70243  13.734  37
216.9  1  535.765  102.186  -42.4264  -25.506  20
217  0  810.086  187.602  -6.70243  12.753  37
217  1  531.522  99.5376  -42.4264  -26.487  20
217.1  0  809.416  188.779  -6.70243  11.772  37
217.1  1  527.279  96.7908  -42.4264  -27.468  20
217.2  0  808.746  189.858  -6.70243  10.791  37
217.2  1  523.037  93.9459  -42.4264  -28.449  20
217.3  0  808.075  190.839  -6.70243  9.81  37
217.3  1  518.794  91.0029  -42.4264  -29.43  20
217.4  0  807.405  191.722  -6.70243  8.829  37
217.4  1  514.551  87.9618  -42.4264  -30.411  20
217.5  0  806.735  192.507  -6.70243  7.848  37
217.5  1  510.309  84.8226  -42.4264  -31.392  20
217.6  0  806.065  193.193  -6.70243  6.867  37
217.6  1  506.066  81.5853  -42.4264  -32.373  20
217.7  0  805.394  193.782  -6.70243  5.886  37
217.7  1  501.823  78.2499  -42.4264  -33.354  20
217.8  0  804.724  194.273  -6.70243  4.905  37
217.8  1  497.581  74.8164  -42.4264  -34.335  20
217.9  0  804.054  194.665  -6.70243  3.924  37
217.9  1  493.338  71.2848  -42.4264  -35.316  20
218  0  803.384  194.959  -6.70243  2.943  37
218  1  489.095  67.6551  -42.4264  -36.297  20
218.1  0  802.714  195.155  -6.70243  1.962  37
218.1  1  484.853  63.9273  -42.4264  -37.278  20
218.2  0  802.043  195.254  -6.70243  0.981  37
218.2  1  480.61  60.1014  -42.4264  -38.259  20
218.3  0  801.373  195.254  -6.70243  1.11022e-15  37
218.3  1  476.368  56.1774  -42.4264  -39.24  20
218.4  0  800.703  195.155  -6.70243  -0.981  37
218.4  1  472.125  52.1553  -42.4264  -40.221  20
218.5  0  800.033  194.959  -6.70243  -1.962  37
218.5  1  467.882  48.0351  -42.4264  -41.202  20
218.6  0  799.362  194.665  -6.70243  -2.943  37
218.6  1  463.64  43.8168  -42.4264  -42.183  20
218.7  0  798.692  194.273  -6.70243  -3.924  37
218.7  1  459.397  39.5004  -42.4264  -43.164  20
218.8  0  798.022  193.782  -6.70243  -4.905  37
218.8  1  455.154  35.0859  -42.4264  -44.145  20
218.9  0  797.352  193.193  -6.70243  -5.886  37
218.9  1  450.912  30.5733  -42.4264  -45.126  20
219  0  796.681  192.507  -6.70243  -6.867  37
219  1  446.669  25.9626  -42.4264  -46.107  20
219.1  0  796.011  191.722  -6.70243  -7.848  37
219.1  1  442.426  21.2538  -42.4264  -47.088  20
219.2  0  795.341  190.839  -6.70243  -8.829  37
219.2  1  438.184  16.4469  -42.4264  -48.069  20
219.3  0  794.671  189.858  -6.70243  -9.81  37
219.3  1  433.941  11.5419  -42.4264  -49.05  20
219.4  0  794  188.779  -6.70243  -10.791  37
219.4  1  429.698  6.53878  -42.4264  -50.031  20
219.5  0  793.33  187.602  -6.70243  -11.772  37
219.5  1  425.456  1.43758  -42.4264  -51.012  20
219.6  0  792.66  186.326  -6.70243  -12.753  37
219.6  1  421.213  -3.76172  -42.4264  51.993  20
219.7  0  791.99  184.953  -6.70243  -13.734  37
219.7  1  416.971  1.33948  -42.4264  51.012  20
219.8  0  791.319  183.482  -6.70243  -14.715  37
219.8  1  412.728  6.34258  -42.4264  50.031  20
219.9  0  790.649  181.912  -6.70243  -15.696  37
219.9  1  408.485  11.2476  -42.4264  49.05  20
220  0  789.979  180.244  -6.70243  -16.677  37
220  1  404.243  16.0545  -42.4264  48.069  20
220.1  0  789.309  178.478  -6.70243  -17.658  37
220.1  1  400  20.7633  -42.4264  47.088  20
220.2  0  788.638  176.615  -6.70243  -18.639  37
220.2  1  395.757  25.374  -42.4264  46.107  20
220.3  0  787.968  174.653  -6.70243  -19.62  37
220.3  1  391.515  29.8866  -42.4264  45.126  20
220.4  0  787.298  172.592  -6.70243  -20.601  37
220.4  1  387.272  34.3011  -42.4264  44.145  20
220.5  0  786.628  170.434  -6.70243  -21.582  37
220.5  1  383.029  38.6175  -42.4264  43.164  20
220.6  0  785.957  168.178  -6.70243  -22.563  37
220.6  1  378.787  42.8358  -42.4264  42.183  20
220.7  0  785.287  165.824  -6.70243  -23.544  37
220.7  1  374.544  46.956  -42.4264  41.202  20
220.8  0  784.617  163.371  -6.70243  -24.525  37
220.8  1  370.302  50.9781  -42.4264  40.221  20
220.9  0  783.947  160.82  -6.70243  -25.506  37
220.9  1  366.059  54.9021  -42.4264  39.24  20
221  0  783.276  158.172  -6.70243  -26.487  37
221  1  361.816  58.728  -42.4264  38.259  20
221.1  0  782.606  155.425  -6.70243  -27.468  37
221.1  1  357.574  62.4558  -42.4264  37.278  20
221.2  0  781.936  152.58  -6.70243  -28.449  37
221.2  1  353.331  66.0855  -42.4264  36.297  20
221.3  0  781.266  149.637  -6.70243  -29.43  37
221.3  1  349.088  69.6171  -42.4264  35.316  20
221.4  0  780.596  146.596  -6.70243  -30.411  37
221.4  1  344.846  73.0506  -42.4264  34.335  20
221.5  0  779.925  143.457  -6.70243  -31.392  37
221.5  1  340.603  76.386  -42.4264  33.354  20
221.6  0  779.255  140.219  -6.70243  -32.373  37
221.6  1  336.36  79.6233  -42.4264  32.373  20
221.7  0  778.585  136.884  -6.70243  -33.354  37
221.7  1  332.118  82.7625  -42.4264  31.392  20
221.8  0  777.915  133.451  -6.70243  -34.335  37
221.8  1  327.875  85.8036  -42.4264  30.411  20
221.9  0  777.244  129.919  -6.70243  -35.316  37
221.9  1  323.632  88.7466  -42.4264  29.43  20
222  0  776.574  126.289  -6.70243  -36.297  37
222  1  319.39  91.5915  -42.4264  28.449  20
222.1  0  775.904  122.561  -6.70243  -37.278  37
222.1  1  315.147  94.3383  -42.4264  27.468  20
222.2  0  775.234  118.736  -6.70243  -38.259  37
222.2  1  310.905  96.987  -42.4264  26.487  20
222.3  0  774.563  114.812  -6.70243  -39.24  37
222.3  1  306.662  99.5376  -42.4264  25.506  20
222.4  0  773.893  110.789  -6.70243  -40.221  37
222.4  1  302.419  101.99  -42.4264  24.525  20
222.5  0  773.223  106.669  -6.70243  -41.202  37
222.5  1  298.177  104.344  -42.4264  23.544  20
222.6  0  772.553  102.451  -6.70243  -42.183  37
222.6  1  293.934  106.601  -42.4264  22.563  20
222.7  0  771.882  98.1346  -6.70243  -43.164  37
222.7  1  289.691  108.759  -42.4264  21.582  20
222.8  0  771.212  93.7201  -6.70243  -44.145  37
222.8  1  285.449  110.819  -42.4264  20.601  20
222.9  0  770.542  89.2075  -6.70243  -45.126  37
222.9  1  281.206  112.781  -42.4264  19.62  20
223  0  769.872  84.5968  -6.70243  -46.107  37
223  1  276.963  114.645  -42.4264  18.639  20
223.1  0  769.201  79.888  -6.70243  -47.088  37
223.1  1  272.721  116.411  -42.4264  17.658  20
223.2  0  768.531  75.0811  -6.70243  -48.069  37
223.2  1  268.478  118.078  -42.4264  16.677  20
223.3  0  767.861  70.1761  -6.70243  -49.05  37
223.3  1  264.235  119.648  -42.4264  15.696  20
223.4  0  767.191  65.173  -6.70243  -50.031  37
223.4  1  259.993  121.12  -42.4264  14.715  20
223.5  0  766.52  60.0718  -6.70243  -51.012  37
223.5  1  255.75  122.493  -42.4264  13.734  20
223.6  0  765.85  54.8725  -6.70243  -51.993  37
223.6  1  251.508  123.768  -42.4264  12.753  20
223.7  0  765.18  49.5751  -6.70243  -52.974  37
223.7  1  247.265  124.945  -42.4264  11.772  20
223.8  0  764.51  44.1796  -6.70243  -53.955  37
223.8  1  243.022  126.025  -42.4264  10.791  20
223.9  0  763.839  38.686  -6.70243  -54.936  37
223.9  1  238.78  127.006  -42.4264  9.81  20
224  0  763.169  33.0943  -6.70243  -55.917  37
224  1  234.537  127.888  -42.4264  8.829  20
224.1  0  762.499  27.4045  -6.70243  -56.898  37
224.1  1  230.294  128.673  -42.4264  7.848  20
224.2  0  761.829  21.6166  -6.70243  -57.879  37
224.2  1  226.052  129.36  -42.4264  6.867  20
224.3  0  761.158  15.7306  -6.70243  -58.86  37
224.3  1  221.809  129.949  -42.4264  5.886  20
224.4  0  760.488  9.74648  -6.70243  -59.841  37
224.4  1  217.566  130.439  -42.4264  4.905  20
224.5  0  759.818  3.66428  -6.70243  -60.822  37
224.5  1  213.324  130.831  -42.4264  3.924  20
224.6  0  759.148  -2.51602  -6.70243  61.803  37
224.6  1  209.081  131.126  -42.4264  2.943  20
224.7  0  758.478  3.56618  -6.70243  60.822  37
224.7  1  204.839  131.322  -42.4264  1.962  20
224.8  0  757.807  9.55028  -6.70243  59.841  37
224.8  1  200.596  131.42  -42.4264  0.981  20
224.9  0  757.137  15.4363  -6.70243  58.86  37
224.9  1  196.353  131.42  -42.4264  1.11022e-15  20
225  0  756.467  21.2242  -6.70243  57.879  37
225  1  192.111  131.322  -42.4264  -0.981  20
225.1  0  755.797  26.914  -6.70243  56.898  37
225.1  1  187.868  131.126  -42.4264  -1.962  20
225.2  0  755.126  32.5057  -6.70243  55.917  37
225.2  1  183.625  130.831  -42.4264  -2.943  20
225.3  0  754.456  37.9993  -6.70243  54.936  37
225.3  1  179.383  130.439  -42.4264  -3.924  20
225.4  0  753.786  43.3948  -6.70243  53.955  37
225.4  1  175.14  129.949  -42.4264  -4.905  20
225.5  0  753.116  48.6922  -6.70243  52.974  37
225.5  1  170.897  129.36  -42.4264  -5.886  20
225.6  0  752.445  53.8915  -6.70243  51.993  37
225.6  1  166.655  128.673  -42.4264  -6.867  20
225.7  0  751.775  58.9927  -6.70243  51.012  37
225.7  1  162.412  127.888  -42.4264  -7.848  20
225.8  0  751.105  63.9958  -6.70243  50.031  37
225.8  1  158.169  127.006  -42.4264  -8.829  20
225.9  0  750.435  68.9008  -6.70243  49.05  37
225.9  1  153.927  126.025  -42.4264  -9.81  20
226  0  749.764  73.7077  -6.70243  48.069  37
226  1  149.684  124.945  -42.4264  -10.791  20
226.1  0  749.094  78.4165  -6.70243  47.088  37
226.1  1  145.442  123.768  -42.4264  -11.772  20
226.2  0  748.424  83.0272  -6.70243  46.107  37
226.2  1  141.199  122.493  -42.4264  -12.753  20
226.3  0  747.754  87.5398  -6.70243  45.126  37
226.3  1  136.956  121.12  -42.4264  -13.734  20
226.4  0  747.083  91.9543  -6.70243  44.145  37
226.4  1  132.714  119.648  -42.4264  -14.715  20
226.5  0  746.413  96.2707  -6.70243  43.164  37
226.5  1  128.471  118.078  -42.4264  -15.696  20
226.6  0  745.743  100.489  -6.70243  42.183  37
226.6  1  124.228  116.411  -42.4264  -16.677  20
226.7  0  745.073  104.609  -6.70243  41.202  37
226.7  1  119.986  114.645  -42.4264  -17.658  20
226.8  0  744.402  108.631  -6.70243  40.221  37
226.8  1  115.743  112.781  -42.4264  -18.639  20
226.9  0  743.732  112.555  -6.70243  39.24  37
226.9  1  111.5  110.819  -42.4264  -19.62  20
227  0  743.062  116.381  -6.70243  38.259  37
227  1  107.258  108.759  -42.4264  -20.601  20
227.1  0  742.392  120.109  -6.70243  37.278  37
227.1  1  103.015  106.601  -42.4264  -21.582  20
227.2  0  741.721  123.739  -6.70243  36.297  37
227.2  1  98.7725  104.344  -42.4264  -22.563  20
227.3  0  741.051  127.27  -6.70243  35.316  37
227.3  1  94.5299  101.99  -42.4264  -23.544  20
227.4  0  740.381  130.704  -6.70243  34.335  37
227.4  1  90.2872  99.5376  -42.4264  -24.525  20
227.5  0  739.711  134.039  -6.70243  33.354  37
227.5  1  86.0446  96.987  -42.4264  -25.506  20
227.6  0  739.04  137.276  -6.70243  32.373  37
227.6  1  81.8019  94.3383  -42.4264  -26.487  20
227.7  0  738.37  140.416  -6.70243  31.392  37
227.7  1  77.5593  91.5915  -42.4264  -27.468  20
227.8  0  737.7  143.457  -6.70243  30.411  37
227.8  1  73.3167  88.7466  -42.4264  -28.449  20
227.9  0  737.03  146.4  -6.70243  29.43  37
227.9  1  69.074  85.8036  -42.4264  -29.43  20
228  0  736.359  149.245  -6.70243  28.449  37
228  1  64.8314  82.7625  -42.4264  -30.411  20
228.1  0  735.689  151.991  -6.70243  27.468  37
228.1  1  60.5887  79.6233  -42.4264  -31.392  20
228.2  0  735.019  154.64  -6.70243  26.487  37
228.2  1  56.3461  76.386  -42.4264  -32.373  20
228.3  0  734.349  157.191  -6.70243  25.506  37
228.3  1  52.1035  73.0506  -42.4264  -33.354  20
228.4  0  733.679  159.643  -6.70243  24.525  37
228.4  1  47.8608  69.6171  -42.4264  -34.335  20
228.5  0  733.008  161.998  -6.70243  23.544  37
228.5  1  43.6182  66.0855  -42.4264  -35.316  20
228.6  0  732.338  164.254  -6.70243  22.563  37
228.6  1  39.3755  62.4558  -42.4264  -36.297  20
228.7  0  731.668  166.412  -6.70243  21.582  37
228.7  1  35.1329  58.728  -42.4264  -37.278  20
228.8  0  730.998  168.472  -6.70243  20.601  37
228.8  1  30.8903  54.9021  -42.4264  -38.259  20
228.9  0  730.327  170.434  -6.70243  19.62  37
228.9  1  26.6476  50.9781  -42.4264  -39.24  20
229  0  729.657  172.298  -6.70243  18.639  37
229  1  22.405  46.956  -42.4264  -40.221  20
229.1  0  728.987  174.064  -6.70243  17.658  37
229.1  1  18.1623  42.8358  -42.4264  -41.202  20
229.2  0  728.317  175.732  -6.70243  16.677  37
229.2  1  13.9197  38.6175  -42.4264  -42.183  20
229.3  0  727.646  177.301  -6.70243  15.696  37
229.3  1  9.67706  34.3011  -42.4264  -43.164  20
229.4  0  726.976  178.773  -6.70243  14.715  37
229.4  1  5.43442  29.8866  -42.4264  -44.145  20
229.5  0  726.306  180.146  -6.70243  13.734  37
229.5  1  1.19178  25.374  -42.4264  -45.126  20
229.6  0  725.636  181.421  -6.70243  12.753  37
229.6  1  -3.05087  20.7633  42.4264  -46.107  20
229.7  0  724.965  182.599  -6.70243  11.772  37
229.7  1  1.19178  16.0545  42.4264  -47.088  20
229.8  0  724.295  183.678  -6.70243  10.791  37
229.8  1  5.43442  11.2476  42.4264  -48.069  20
229.9  0  723.625  184.659  -6.70243  9.81  37
229.9  1  9.67706  6.34258  42.4264  -49.05  20
230  0  722.955  185.542  -6.70243  8.829  37
230  1  13.9197  1.33948  42.4264  -50.031  20
230.1  0  722.284  186.326  -6.70243  7.848  37
230.1  1  18.1623  -3.76172  42.4264  51.012  20
230.2  0  721.614  187.013  -6.70243  6.867  37
230.2  1  22.405  1.24138  42.4264  50.031  20
230.3  0  720.944  187.602  -6.70243  5.886  37
230.3  1  26.6476  6.14638  42.4264  49.05  20
230.4  0  720.274  188.092  -6.70243  4.905  37
230.4  1  30.8903  10.9533  42.4264  48.069  20
230.5  0  719.603  188.485  -6.70243  3.924  37
230.5  1  35.1329  15.6621  42.4264  47.088  20
230.6  0  718.933  188.779  -6.70243  2.943  37
230.6  1  39.3755  20.2728  42.4264  46.107  20
230.7  0  718.263  188.975  -6.70243  1.962  37
230.7  1  43.6182  24.7854  42.4264  45.126  20
230.8  0  717.593  189.073  -6.70243  0.981  37
230.8  1  47.8608  29.1999  42.4264  44.145  20
230.9  0  716.922  189.073  -6.70243  1.11022e-15  37
230.9  1  52.1035  33.5163  42.4264  43.164  20
231  0  716.252  188.975  -6.70243  -0.981  37
231  1  56.3461  37.7346  42.4264  42.183  20
231.1  0  715.582  188.779  -6.70243  -1.962  37
231.1  1  60.5887  41.8548  42.4264  41.202  20
231.2  0  714.912  188.485  -6.70243  -2.943  37
231.2  1  64.8314  45.8769  42.4264  40.221  20
231.3  0  714.241  188.092  -6.70243  -3.924  37
231.3  1  69.074  49.8009  42.4264  39.24  20
231.4  0  713.571  187.602  -6.70243  -4.905  37
231.4  1  73.3167  53.6268  42.4264  38.259  20
231.5  0  712.901  187.013  -6.70243  -5.886  37
231.5  1  77.5593  57.3546  42.4264  37.278  20
231.6  0  712.231  186.326  -6.70243  -6.867  37
231.6  1  81.8019  60.9843  42.4264  36.297  20
231.7  0  711.561  185.542  -6.70243  -7.848  37
231.7  1  86.0446  64.5159  42.4264  35.316  20
231.8  0  710.89  184.659  -6.70243  -8.829  37
231.8  1  90.2872  67.9494  42.4264  34.335  20
231.9  0  710.22  183.678  -6.70243  -9.81  37
231.9  1  94.5299  71.2848  42.4264  33.354  20
232  0  709.55  182.599  -6.70243  -10.791  37
232  1  98.7725  74.5221  42.4264  32.373  20
232.1  0  708.88  181.421  -6.70243  -11.772  37
232.1  1  103.015  77.6613  42.4264  31.392  20
232.2  0  708.209  180.146  -6.70243  -12.753  37
232.2  1  107.258  80.7024  42.4264  30.411  20
232.3  0  707.539  178.773  -6.70243  -13.734  37
232.3  1  111.5  83.6454  42.4264  29.43  20
232.4  0  706.869  177.301  -6.70243  -14.715  37
232.4  1  115.743  86.4903  42.4264  28.449  20
232.5  0  706.199  175.732  -6.70243  -15.696  37
232.5  1  119.986  89.2371  42.4264  27.468  20
232.6  0  705.528  174.064  -6.70243  -16.677  37
232.6  1  124.228  91.8858  42.4264  26.487  20
232.7  0  704.858  172.298  -6.70243  -17.658  37
232.7  1  128.471  94.4364  42.4264  25.506  20
232.8  0  704.188  170.434  -6.70243  -18.639  37
232.8  1  132.714  96.8889  42.4264  24.525  20
232.9  0  703.518  168.472  -6.70243  -19.62  37
232.9  1  136.956  99.2433  42.4264  23.544  20
233  0  702.847  166.412  -6.70243  -20.601  37
233  1  141.199  101.5  42.4264  22.563  20
233.1  0  702.177  164.254  -6.70243  -21.582  37
233.1  1  145.442  103.658  42.4264  21.582  20
233.2  0  701.507  161.998  -6.70243  -22.563  37
233.2  1  149.684  105.718  42.4264  20.601  20
233.3  0  700.837  159.643  -6.70243  -23.544  37
233.3  1  153.927  107.68  42.4264  19.62  20
233.4  0  700.166  157.191  -6.70243  -24.525  37
233.4  1  158.169  109.544  42.4264  18.639  20
233.5  0  699.496  154.64  -6.70243  -25.506  37
233.5  1  162.412  111.31  42.4264  17.658  20
233.6  0  698.826  151.991  -6.70243  -26.487  37
233.6  1  166.655  112.977  42.4264  16.677  20
233.7  0  698.156  149.245  -6.70243  -27.468  37
233.7  1  170.897  114.547  42.4264  15.696  20
233.8  0  697.485  146.4  -6.70243  -28.449  37
233.8  1  175.14  116.018  42.4264  14.715  20
233.9  0  696.815  143.457  -6.70243  -29.43  37
233.9  1  179.383  117.392  42.4264  13.734  20
234  0  696.145  140.416  -6.70243  -30.411  37
234  1  183.625  118.667  42.4264  12.753  20
234.1  0  695.475  137.276  -6.70243  -31.392  37
234.1  1  187.868  119.844  42.4264  11.772  20
234.2  0  694.804  134.039  -6.70243  -32.373  37
234.2  1  192.111  120.923  42.4264  10.791  20
234.3  0  694.134  130.704  -6.70243  -33.354  37
234.3  1  196.353  121.904  42.4264  9.81  20
234.4  0  693.464  127.27  -6.70243  -34.335  37
234.4  1  200.596  122.787  42.4264  8.829  20
234.5  0  692.794  123.739  -6.70243  -35.316  37
234.5  1  204.839  123.572  42.4264  7.848  20
234.6  0  692.123  120.109  -6.70243  -36.297  37
234.6  1  209.081  124.259  42.4264  6.867  20
234.7  0  691.453  116.381  -6.70243  -37.278  37
234.7  1  213.324  124.847  42.4264  5.886  20
234.8  0  690.783  112.555  -6.70243  -38.259  37
234.8  1  217.566  125.338  42.4264  4.905  20
234.9  0  690.113  108.631  -6.70243  -39.24  37
234.9  1  221.809  125.73  42.4264  3.924  20
235  0  689.443  104.609  -6.70243  -40.221  37
235  1  226.052  126.025  42.4264  2.943  20
235.1  0  688.772  100.489  -6.70243  -41.202  37
235.1  1  230.294  126.221  42.4264  1.962  20
235.2  0  688.102  96.2707  -6.70243  -42.183  37
235.2  1  234.537  126.319  42.4264  0.981  20
235.3  0  687.432  91.9543  -6.70243  -43.164  37
235.3  1  238.78  126.319  42.4264  1.11022e-15  20
235.4  0  686.762  87.5398  -6.70243  -44.145  37
235.4  1  243.022  126.221  42.4264  -0.981  20
235.5  0  686.091  83.0272  -6.70243  -45.126  37
235.5  1  247.265  126.025  42.4264  -1.962  20
235.6  0  685.421  78.4165  -6.70243  -46.107  37
235.6  1  251.508  125.73  42.4264  -2.943  20
235.7  0  684.751  73.7077  -6.70243  -47.088  37
235.7  1  255.75  125.338  42.4264  -3.924  20
235.8  0  684.081  68.9008  -6.70243  -48.069  37
235.8  1  259.993  124.847  42.4264  -4.905  20
235.9  0  683.41  63.9958  -6.70243  -49.05  37
235.9  1  264.235  124.259  42.4264  -5.886  20
236  0  682.74  58.9927  -6.70243  -50.031  37
236  1  268.478  123.572  42.4264  -6.867  20
236.1  0  682.07  53.8915  -6.70243  -51.012  37
236.1  1  272.721  122.787  42.4264  -7.848  20
236.2  0  681.4  48.6922  -6.70243  -51.993  37
236.2  1  276.963  121.904  42.4264  -8.829  20
236.3  0  680.729  43.3948  -6.70243  -52.974  37
236.3  1  281.206  120.923  42.4264  -9.81  20
236.4  0  680.059  37.9993  -6.70243  -53.955  37
236.4  1  285.449  119.844  42.4264  -10.791  20
236.5  0  679.389  32.5057  -6.70243  -54.936  37
236.5  1  289.691  118.667  42.4264  -11.772  20
236.6  0  678.719  26.914  -6.70243  -55.917  37
236.6  1  293.934  117.392  42.4264  -12.753  20
236.7  0  678.048  21.2242  -6.70243  -56.898  37
236.7  1  298.177  116.018  42.4264  -13.734  20
236.8  0  677.378  15.4363  -6.70243  -57.879  37
236.8  1  302.419  114.547  42.4264  -14.715  20
236.9  0  676.708  9.55028  -6.70243  -58.86  37
236.9  1  306.662  112.977  42.4264  -15.696  20
237  0  676.038  3.56618  -6.70243  -59.841  37
237  1  310.905  111.31  42.4264  -16.677  20
237.1  0  675.367  -2.51602  -6.70243  60.822  37
237.1  1  315.147  109.544  42.4264  -17.658  20
237.2  0  674.697  3.46808  -6.70243  59.841  37
237.2  1  319.39  107.68  42.4264  -18.639  20
237.3  0  674.027  9.35408  -6.70243  58.86  37
237.3  1  323.632  105.718  42.4264  -19.62  20
237.4  0  673.357  15.142  -6.70243  57.879  37
237.4  1  327.875  103.658  42.4264  -20.601  20
237.5  0  672.686  20.8318  -6.70243  56.898  37
237.5  1  332.118  101.5  42.4264  -21.582  20
237.6  0  672.016  26.4235  -6.70243  55.917  37
237.6  1  336.36  99.2433  42.4264  -22.563  20
237.7  0  671.346  31.9171  -6.70243  54.936  37
237.7  1  340.603  96.8889  42.4264  -23.544  20
237.8  0  670.676  37.3126  -6.70243  53.955  37
237.8  1  344.846  94.4364  42.4264  -24.525  20
237.9  0  670.005  42.61  -6.70243  52.974  37
237.9  1  349.088  91.8858  42.4264  -25.506  20
238  0  669.335  47.8093  -6.70243  51.993  37
238  1  353.331  89.2371  42.4264  -26.487  20
238.1  0  668.665  52.9105  -6.70243  51.012  37
238.1  1  357.574  86.4903  42.4264  -27.468  20
238.2  0  667.995  57.9136  -6.70243  50.031  37
238.2  1  361.816  83.6454  42.4264  -28.449  20
238.3  0  667.325  62.8186  -6.70243  49.05  37
238.3  1  366.059  80.7024  42.4264  -29.43  20
238.4  0  666.654  67.6255  -6.70243  48.069  37
238.4  1  370.302  77.6613  42.4264  -30.411  20
238.5  0  665.984  72.3343  -6.70243  47.088  37
238.5  1  374.544  74.5221  42.4264  -31.392  20
238.6  0  665.314  76.945  -6.70243  46.107  37
238.6  1  378.787  71.2848  42.4264  -32.373  20
238.7  0  664.644  81.4576  -6.70243  45.126  37
238.7  1  383.029  67.9494  42.4264  -33.354  20
238.8  0  663.973  85.8721  -6.70243  44.145  37
238.8  1  387.272  64.5159  42.4264  -34.335  20
238.9  0  663.303  90.1885  -6.70243  43.164  37
238.9  1  391.515  60.9843  42.4264  -35.316  20
239  0  662.633  94.4068  -6.70243  42.183  37
239  1  395.757  57.3546  42.4264  -36.297  20
239.1  0  661.963  98.527  -6.70243  41.202  37
239.1  1  400  53.6268  42.4264  -37.278  20
239.2  0  661.292  102.549  -6.70243  40.221  37
239.2  1  404.243  49.8009  42.4264  -38.259  20
239.3  0  660.622  106.473  -6.70243  39.24  37
239.3  1  408.485  45.8769  42.4264  -39.24  20
239.4  0  659.952  110.299  -6.70243  38.259  37
239.4  1  412.728  41.8548  42.4264  -40.221  20
239.5  0  659.282  114.027  -6.70243  37.278  37
239.5  1  416.971  37.7346  42.4264  -41.202  20
239.6  0  658.611  117.656  -6.70243  36.297  37
239.6  1  421.213  33.5163  42.4264  -42.183  20
239.7  0  657.941  121.188  -6.70243  35.316  37
239.7  1  425.456  29.1999  42.4264  -43.164  20
239.8  0  657.271  124.622  -6.70243  34.335  37
239.8  1  429.698  24.7854  42.4264  -44.145  20
239.9  0  656.601  127.957  -6.70243  33.354  37
239.9  1  433.941  20.2728  42.4264  -45.126  20
240  0  655.93  131.194  -6.70243  32.373  37
240  1  438.184  15.6621  42.4264  -46.107  20
240.1  0  655.26  134.333  -6.70243  31.392  37
240.1  1  442.426  10.9533  42.4264  -47.088  20
240.2  0  654.59  137.375  -6.70243  30.411  37
240.2  1  446.669  6.14638  42.4264  -48.069  20
240.3  0  653.92  140.318  -6.70243  29.43  37
240.3  1  450.912  1.24138  42.4264  -49.05  20
240.4  0  653.249  143.162  -6.70243  28.449  37
240.4  1  455.154  -3.76172  42.4264  50.031  20
240.5  0  652.579  145.909  -6.70243  27.468  37
240.5  1  459.397  1.14328  42.4264  49.05  20
240.6  0  651.909  148.558  -6.70243  26.487  37
240.6  1  463.64  5.95018  42.4264  48.069  20
240.7  0  651.239  151.109  -6.70243  25.506  37
240.7  1  467.882  10.659  42.4264  47.088  20
240.8  0  650.568  153.561  -6.70243  24.525  37
240.8  1  472.125  15.2697  42.4264  46.107  20
240.9  0  649.898  155.915  -6.70243  23.544  37
240.9  1  476.368  19.7823  42.4264  45.126  20
241  0  649.228  158.172  -6.70243  22.563  37
241  1  480.61  24.1968  42.4264  44.145  20
241.1  0  648.558  160.33  -6.70243  21.582  37
241.1  1  484.853  28.5132  42.4264  43.164  20
241.2  0  647.887  162.39  -6.70243  20.601  37
241.2  1  489.095  32.7315  42.4264  42.183  20
241.3  0  647.217  164.352  -6.70243  19.62  37
241.3  1  493.338  36.8517  42.4264  41.202  20
241.4  0  646.547  166.216  -6.70243  18.639  37
241.4  1  497.581  40.8738  42.4264  40.221  20
241.5  0  645.877  167.982  -6.70243  17.658  37
241.5  1  501.823  44.7978  42.4264  39.24  20
241.6  0  645.207  169.649  -6.70243  16.677  37
241.6  1  506.066  48.6237  42.4264  38.259  20
241.7  0  644.536  171.219  -6.70243  15.696  37
241.7  1  510.309  52.3515  42.4264  37.278  20
241.8  0  643.866  172.691  -6.70243  14.715  37
241.8  1  514.551  55.9812  42.4264  36.297  20
241.9  0  643.196  174.064  -6.70243  13.734  37
241.9  1  518.794  59.5128  42.4264  35.316  20
242  0  642.526  175.339  -6.70243  12.753  37
242  1  523.037  62.9463  42.4264  34.335  20
242.1  0  641.855  176.516  -6.70243  11.772  37
242.1  1  527.279  66.2817  42.4264  33.354  20
242.2  0  641.185  177.596  -6.70243  10.791  37
242.2  1  531.522  69.519  42.4264  32.373  20
242.3  0  640.515  178.577  -6.70243  9.81  37
242.3  1  535.765  72.6582  42.4264  31.392  20
242.4  0  639.845  179.459  -6.70243  8.829  37
242.4  1  540.007  75.6993  42.4264  30.411  20
242.5  0  639.174  180.244  -6.70243  7.848  37
242.5  1  544.25  78.6423  42.4264  29.43  20
242.6  0  638.504  180.931  -6.70243  6.867  37
242.6  1  548.492  81.4872  42.4264  28.449  20
242.7  0  637.834  181.52  -6.70243  5.886  37
242.7  1  552.735  84.234  42.4264  27.468  20
242.8  0  637.164  182.01  -6.70243  4.905  37
242.8  1  556.978  86.8827  42.4264  26.487  20
242.9  0  636.493  182.402  -6.70243  3.924  37
242.9  1  561.22  89.4333  42.4264  25.506  20
243  0  635.823  182.697  -6.70243  2.943  37
243  1  565.463  91.8858  42.4264  24.525  20
243.1  0  635.153  182.893  -6.70243  1.962  37
243.1  1  569.706  94.2402  42.4264  23.544  20
243.2  0  634.483  182.991  -6.70243  0.981  37
243.2  1  573.948  96.4965  42.4264  22.563  20
243.3  0  633.812  182.991  -6.70243  1.11022e-15  37
243.3  1  578.191  98.6547  42.4264  21.582  20
243.4  0  633.142  182.893  -6.70243  -0.981  37
243.4  1  582.434  100.715  42.4264  20.601  20
243.5  0  632.472  182.697  -6.70243  -1.962  37
243.5  1  586.676  102.677  42.4264  19.62  20
243.6  0  631.802  182.402  -6.70243  -2.943  37
243.6  1  590.919  104.541  42.4264  18.639  20
243.7  0  631.131  182.01  -6.70243  -3.924  37
243.7  1  595.161  106.306  42.4264  17.658  20
243.8  0  630.461  181.52  -6.70243  -4.905  37
243.8  1  599.404  107.974  42.4264  16.677  20
243.9  0  629.791  180.931  -6.70243  -5.886  37
243.9  1  603.647  109.544  42.4264  15.696  20
244  0  629.121  180.244  -6.70243  -6.867  37
244  1  607.889  111.015  42.4264  14.715  20
244.1  0  628.45  179.459  -6.70243  -7.848  37
244.1  1  612.132  112.389  42.4264  13.734  20
244.2  0  627.78  178.577  -6.70243  -8.829  37
244.2  1  616.375  113.664  42.4264  12.753  20
244.3  0  627.11  177.596  -6.70243  -9.81  37
244.3  1  620.617  114.841  42.4264  11.772  20
244.4  0  626.44  176.516  -6.70243  -10.791  37
244.4  1  624.86  115.92  42.4264  10.791  20
244.5  0  625.769  175.339  -6.70243  -11.772  37
244.5  1  629.103  116.901  42.4264  9.81  20
244.6  0  625.099  174.064  -6.70243  -12.753  37
244.6  1  633.345  117.784  42.4264  8.829  20
244.7  0  624.429  172.691  -6.70243  -13.734  37
244.7  1  637.588  118.569  42.4264  7.848  20
244.8  0  623.759  171.219  -6.70243  -14.715  37
244.8  1  641.831  119.256  42.4264  6.867  20
244.9  0  623.089  169.649  -6.70243  -15.696  37
244.9  1  646.073  119.844  42.4264  5.886  20
245  0  622.418  167.982  -6.70243  -16.677  37
245  1  650.316  120.335  42.4264  4.905  20
245.1  0  621.748  166.216  -6.70243  -17.658  37
245.1  1  654.558  120.727  42.4264  3.924  20
245.2  0  621.078  164.352  -6.70243  -18.639  37
245.2  1  658.801  121.021  42.4264  2.943  20
245.3  0  620.408  162.39  -6.70243  -19.62  37
245.3  1  663.044  121.218  42.4264  1.962  20
245.4  0  619.737  160.33  -6.70243  -20.601  37
245.4  1  667.286  121.316  42.4264  0.981  20
245.5  0  619.067  158.172  -6.70243  -21.582  37
245.5  1  671.529  121.316  42.4264  1.11022e-15  20
245.6  0  618.397  155.915  -6.70243  -22.563  37
245.6  1  675.772  121.218  42.4264  -0.981  20
245.7  0  617.727  153.561  -6.70243  -23.544  37
245.7  1  680.014  121.021  42.4264  -1.962  20
245.8  0  617.056  151.109  -6.70243  -24.525  37
245.8  1  684.257  120.727  42.4264  -2.943  20
245.9  0  616.386  148.558  -6.70243  -25.506  37
245.9  1  688.5  120.335  42.4264  -3.924  20
246  0  615.716  145.909  -6.70243  -26.487  37
246  1  692.742  119.844  42.4264  -4.905  20
246.1  0  615.046  143.162  -6.70243  -27.468  37
246.1  1  696.985  119.256  42.4264  -5.886  20
246.2  0  614.375  140.318  -6.70243  -28.449  37
246.2  1  701.227  118.569  42.4264  -6.867  20
246.3  0  613.705  137.375  -6.70243  -29.43  37
246.3  1  705.47  117.784  42.4264  -7.848  20
246.4  0  613.035  134.333  -6.70243  -30.411  37
246.4  1  709.713  116.901  42.4264  -8.829  20
246.5  0  612.365  131.194  -6.70243  -31.392  37
246.5  1  713.955  115.92  42.4264  -9.81  20
246.6  0  611.694  127.957  -6.70243  -32.373  37
246.6  1  718.198  114.841  42.4264  -10.791  20
246.7  0  611.024  124.622  -6.70243  -33.354  37
246.7  1  722.441  113.664  42.4264  -11.772  20
246.8  0  610.354  121.188  -6.70243  -34.335  37
246.8  1  726.683  112.389  42.4264  -12.753  20
246.9  0  609.684  117.656  -6.70243  -35.316  37
246.9  1  730.926  111.015  42.4264  -13.734  20
247  0  609.013  114.027  -6.70243  -36.297  37
247  1  735.169  109.544  42.4264  -14.715  20
247.1  0  608.343  110.299  -6.70243  -37.278  37
247.1  1  739.411  107.974  42.4264  -15.696  20
247.2  0  607.673  106.473  -6.70243  -38.259  37
247.2  1  743.654  106.306  42.4264  -16.677  20
247.3  0  607.003  102.549  -6.70243  -39.24  37
247.3  1  747.897  104.541  42.4264  -17.658  20
247.4  0  606.332  98.527  -6.70243  -40.221  37
247.4  1  752.139  102.677  42.4264  -18.639  20
247.5  0  605.662  94.4068  -6.70243  -41.202  37
247.5  1  756.382  100.715  42.4264  -19.62  20
247.6  0  604.992  90.1885  -6.70243  -42.183  37
247.6  1  760.624  98.6547  42.4264  -20.601  20
247.7  0  604.322  85.8721  -6.70243  -43.164  37
247.7  1  764.867  96.4965  42.4264  -21.582  20
247.8  0  603.651  81.4576  -6.70243  -44.145  37
247.8  1  769.11  94.2402  42.4264  -22.563  20
247.9  0  602.981  76.945  -6.70243  -45.126  37
247.9  1  773.352  91.8858  42.4264  -23.544  20
248  0  602.311  72.3343  -6.70243  -46.107  37
248  1  777.595  89.4333  42.4264  -24.525  20
248.1  0  601.641  67.6255  -6.70243  -47.088  37
248.1  1  781.838  86.8827  42.4264  -25.506  20
248.2  0  600.97  62.8186  -6.70243  -48.069  37
248.2  1  786.08  84.234  42.4264  -26.487  20
248.3  0  600.3  57.9136  -6.70243  -49.05  37
248.3  1  790.323  81.4872  42.4264  -27.468  20
248.4  0  599.63  52.9105  -6.70243  -50.031  37
248.4  1  794.566  78.6423  42.4264  -28.449  20
248.5  0  598.96  47.8093  -6.70243  -51.012  37
248.5  1  798.808  75.6993  42.4264  -29.43  20
248.6  0  598.29  42.61  -6.70243  -51.993  37
248.6  1  803.051  72.6582  42.4264  -30.411  20
248.7  0  597.619  37.3126  -6.70243  -52.974  37
248.7  1  807.294  69.519  42.4264  -31.392  20
248.8  0  596.949  31.9171  -6.70243  -53.955  37
248.8  1  811.536  66.2817  42.4264  -32.373  20
248.9  0  596.279  26.4235  -6.70243  -54.936  37
248.9  1  815.779  62.9463  42.4264  -33.354  20
249  0  595.609  20.8318  -6.70243  -55.917  37
249  1  820.021  59.5128  42.4264  -34.335  20
249.1  0  594.938  15.142  -6.70243  -56.898  37
249.1  1  824.264  55.9812  42.4264  -35.316  20
249.2  0  594.268  9.35408  -6.70243  -57.879  37
249.2  1  828.507  52.3515  42.4264  -36.297  20
249.3  0  593.598  3.46808  -6.70243  -58.86  37
249.3  1  832.749  48.6237  42.4264  -37.278  20
249.4  0  592.928  -2.51602  -6.70243  59.841  37
249.4  1  836.992  44.7978  42.4264  -38.259  20
249.5  0  592.257  3.36998  -6.70243  58.86  37
249.5  1  841.235  40.8738  42.4264  -39.24  20
249.6  0  591.587  9.15788  -6.70243  57.879  37
249.6  1  845.477  36.8517  42.4264  -40.221  20
249.7  0  590.917  14.8477  -6.70243  56.898  37
249.7  1  849.72  32.7315  42.4264  -41.202  20
249.8  0  590.247  20.4394  -6.70243  55.917  37
249.8  1  853.963  28.5132  42.4264  -42.183  20
249.9  0  589.576  25.933  -6.70243  54.936  37
249.9  1  858.205  24.1968  42.4264  -43.164  20
250  0  588.906  31.3285  -6.70243  53.955  37
250  1  862.448  19.7823  42.4264  -44.145  20
250.1  0  588.236  36.6259  -6.70243  52.974  37
250.1  1  866.69  15.2697  42.4264  -45.126  20
250.2  0  587.566  41.8252  -6.70243  51.993  37
250.2  1  870.933  10.659  42.4264  -46.107  20
250.3  0  586.895  46.9264  -6.70243  51.012  37
250.3  1  875.176  5.95018  42.4264  -47.088  20
250.4  0  586.225  51.9295  -6.70243  50.031  37
250.4  1  879.418  1.14328  42.4264  -48.069  20
250.5  0  585.555  56.8345  -6.70243  49.05  37
250.5  1  883.661  -3.76172  42.4264  49.05  20
250.6  0  584.885  61.6414  -6.70243  48.069  37
250.6  1  887.904  1.04518  42.4264  48.069  20
250.7  0  584.214  66.3502  -6.70243  47.088  37
250.7  1  892.146  5.75398  42.4264  47.088  20
250.8  0  583.544  70.9609  -6.70243  46.107  37
250.8  1  896.389  10.3647  42.4264  46.107  20
250.9  0  582.874  75.4735  -6.70243  45.126  37
250.9  1  900.632  14.8773  42.4264  45.126  20
251  0  582.204  79.888  -6.70243  44.145  37
251  1  904.874  19.2918  42.4264  44.145  20
251.1  0  581.533  84.2044  -6.70243  43.164  37
251.1  1  909.117  23.6082  42.4264  43.164  20
251.2  0  580.863  88.4227  -6.70243  42.183  37
251.2  1  913.36  27.8265  42.4264  42.183  20
251.3  0  580.193  92.5429  -6.70243  41.202  37
251.3  1  917.602  31.9467  42.4264  41.202  20
251.4  0  579.523  96.565  -6.70243  40.221  37
251.4  1  921.845  35.9688  42.4264  40.221  20
251.5  0  578.852  100.489  -6.70243  39.24  37
251.5  1  926.087  39.8928  42.4264  39.24  20
251.6  0  578.182  104.315  -6.70243  38.259  37
251.6  1  930.33  43.7187  42.4264  38.259  20
251.7  0  577.512  108.043  -6.70243  37.278  37
251.7  1  934.573  47.4465  42.4264  37.278  20
251.8  0  576.842  111.672  -6.70243  36.297  37
251.8  1  938.815  51.0762  42.4264  36.297  20
251.9  0  576.172  115.204  -6.70243  35.316  37
251.9  1  943.058  54.6078  42.4264  35.316  20
252  0  575.501  118.637  -6.70243  34.335  37
252  1  947.301  58.0413  42.4264  34.335  20
252.1  0  574.831  121.973  -6.70243  33.354  37
252.1  1  951.543  61.3767  42.4264  33.354  20
252.2  0  574.161  125.21  -6.70243  32.373  37
252.2  1  955.786  64.614  42.4264  32.373  20
252.3  0  573.491  128.349  -6.70243  31.392  37
252.3  1  960.029  67.7532  42.4264  31.392  20
252.4  0  572.82  131.39  -6.70243  30.411  37
252.4  1  964.271  70.7943  42.4264  30.411  20
252.5  0  572.15  134.333  -6.70243  29.43  37
252.5  1  968.514  73.7373  42.4264  29.43  20
252.6  0  571.48  137.178  -6.70243  28.449  37
252.6  1  972.756  76.5822  42.4264  28.449  20
252.7  0  570.81  139.925  -6.70243  27.468  37
252.7  1  976.999  79.329  42.4264  27.468  20
252.8  0  570.139  142.574  -6.70243  26.487  37
252.8  1  981.242  81.9777  42.4264  26.487  20
252.9  0  569.469  145.124  -6.70243  25.506  37
252.9  1  985.484  84.5283  42.4264  25.506  20
253  0  568.799  147.577  -6.70243  24.525  37
253  1  989.727  86.9808  42.4264  24.525  20
253.1  0  568.129  149.931  -6.70243  23.544  37
253.1  1  993.97  89.3352  42.4264  23.544  20
253.2  0  567.458  152.188  -6.70243  22.563  37
253.2  1  998.212  91.5915  42.4264  22.563  20
253.3  0  566.788  154.346  -6.70243  21.582  37
253.3  1  1002.45  93.7497  -42.4264  21.582  20
253.4  0  566.118  156.406  -6.70243  20.601  37
253.4  1  998.212  95.8098  -42.4264  20.601  20
253.5  0  565.448  158.368  -6.70243  19.62  37
253.5  1  993.97  97.7718  -42.4264  19.62  20
253.6  0  564.777  160.232  -6.70243  18.639  37
253.6  1  989.727  99.6357  -42.4264  18.639  20
253.7  0  564.107  161.998  -6.70243  17.658  37
253.7  1  985.484  101.401  -42.4264  17.658  20
253.8  0  563.437  163.665  -6.70243  16.677  37
253.8  1  981.242  103.069  -42.4264  16.677  20
253.9  0  562.767  165.235  -6.70243  15.696  37
253.9  1  976.999  104.639  -42.4264  15.696  20
254  0  562.096  166.706  -6.70243  14.715  37
254  1  972.756  106.11  -42.4264  14.715  20
254.1  0  561.426  168.08  -6.70243  13.734  37
254.1  1  968.514  107.484  -42.4264  13.734  20
254.2  0  560.756  169.355  -6.70243  12.753  37
254.2  1  964.271  108.759  -42.4264  12.753  20
254.3  0  560.086  170.532  -6.70243  11.772  37
254.3  1  960.029  109.936  -42.4264  11.772  20
254.4  0  559.415  171.611  -6.70243  10.791  37
254.4  1  955.786  111.015  -42.4264  10.791  20
254.5  0  558.745  172.592  -6.70243  9.81  37
254.5  1  951.543  111.996  -42.4264  9.81  20
254.6  0  558.075  173.475  -6.70243  8.829  37
254.6  1  947.301  112.879  -42.4264  8.829  20
254.7  0  557.405  174.26  -6.70243  7.848  37
254.7  1  943.058  113.664  -42.4264  7.848  20
254.8  0  556.734  174.947  -6.70243  6.867  37
254.8  1  938.815  114.351  -42.4264  6.867  20
254.9  0  556.064  175.535  -6.70243  5.886  37
254.9  1  934.573  114.939  -42.4264  5.886  20
255  0  555.394  176.026  -6.70243  4.905  37
255  1  930.33  115.43  -42.4264  4.905  20
255.1  0  554.724  176.418  -6.70243  3.924  37
255.1  1  926.087  115.822  -42.4264  3.924  20
255.2  0  554.054  176.713  -6.70243  2.943  37
255.2  1  921.845  116.116  -42.4264  2.943  20
255.3  0  553.383  176.909  -6.70243  1.962  37
255.3  1  917.602  116.313  -42.4264  1.962  20
255.4  0  552.713  177.007  -6.70243  0.981  37
255.4  1  913.36  116.411  -42.4264  0.981  20
255.5  0  552.043  177.007  -6.70243  1.11022e-15  37
255.5  1  909.117  116.411  -42.4264  1.11022e-15  20
255.6  0  551.373  176.909  -6.70243  -0.981  37
255.6  1  904.874  116.313  -42.4264  -0.981  20
255.7  0  550.702  176.713  -6.70243  -1.962  37
255.7  1  900.632  116.116  -42.4264  -1.962  20
255.8  0  550.032  176.418  -6.70243  -2.943  37
255.8  1  896.389  115.822  -42.4264  -2.943  20
255.9  0  549.362  176.026  -6.70243  -3.924  37
255.9  1  892.146  115.43  -42.4264  -3.924  20
256  0  548.692  175.535  -6.70243  -4.905  37
256  1  887.904  114.939  -42.4264  -4.905  20
256.1  0  548.021  174.947  -6.70243  -5.886  37
256.1  1  883.661  114.351  -42.4264  -5.886  20
256.2  0  547.351  174.26  -6.70243  -6.867  37
256.2  1  879.418  113.664  -42.4264  -6.867  20
256.3  0  546.681  173.475  -6.70243  -7.848  37
256.3  1  875.176  112.879  -42.4264  -7.848  20
256.4  0  546.011  172.592  -6.70243  -8.829  37
256.4  1  870.933  111.996  -42.4264  -8.829  20
256.5  0  545.34  171.611  -6.70243  -9.81  37
256.5  1  866.69  111.015  -42.4264  -9.81  20
256.6  0  544.67  170.532  -6.70243  -10.791  37
256.6  1  862.448  109.936  -42.4264  -10.791  20
256.7  0  544  169.355  -6.70243  -11.772  37
256.7  1  858.205  108.759  -42.4264  -11.772  20
256.8  0  543.33  168.08  -6.70243  -12.753  37
256.8  1  853.963  107.484  -42.4264  -12.753  20
256.9  0  542.659  166.706  -6.70243  -13.734  37
256.9  1  849.72  106.11  -42.4264  -13.734  20
257  0  541.989  165.235  -6.70243  -14.715  37
257  1  845.477  104.639  -42.4264  -14.715  20
257.1  0  541.319  163.665  -6.70243  -15.696  37
257.1  1  841.235  103.069  -42.4264  -15.696  20
257.2  0  540.649  161.998  -6.70243  -16.677  37
257.2  1  836.992  101.401  -42.4264  -16.677  20
257.3  0  539.978  160.232  -6.70243  -17.658  37
257.3  1  832.749  99.6357  -42.4264  -17.658  20
257.4  0  539.308  158.368  -6.70243  -18.639  37
257.4  1  828.507  97.7718  -42.4264  -18.639  20
257.5  0  538.638  156.406  -6.70243  -19.62  37
257.5  1  824.264  95.8098  -42.4264  -19.62  20
257.6  0  537.968  154.346  -6.70243  -20.601  37
257.6  1  820.021  93.7497  -42.4264  -20.601  20
257.7  0  537.297  152.188  -6.70243  -21.582  37
257.7  1  815.779  91.5915  -42.4264  -21.582  20
257.8  0  536.627  149.931  -6.70243  -22.563  37
257.8  1  811.536  89.3352  -42.4264  -22.563  20
257.9  0  535.957  147.577  -6.70243  -23.544  37
257.9  1  807.294  86.9808  -42.4264  -23.544  20
258  0  535.287  145.124  -6.70243  -24.525  37
258  1  803.051  84.5283  -42.4264  -24.525  20
258.1  0  534.616  142.574  -6.70243  -25.506  37
258.1  1  798.808  81.9777  -42.4264  -25.506  20
258.2  0  533.946  139.925  -6.70243  -26.487  37
258.2  1  794.566  79.329  -42.4264  -26.487  20
258.3  0  533.276  137.178  -6.70243  -27.468  37
258.3  1  790.323  76.5822  -42.4264  -27.468  20
258.4  0  532.606  134.333  -6.70243  -28.449  37
258.4  1  786.08  73.7373  -42.4264  -28.449  20
258.5  0  531.936  131.39  -6.70243  -29.43  37
258.5  1  781.838  70.7943  -42.4264  -29.43  20
258.6  0  531.265  128.349  -6.70243  -30.411  37
258.6  1  777.595  67.7532  -42.4264  -30.411  20
258.7  0  530.595  125.21  -6.70243  -31.392  37
258.7  1  773.352  64.614  -42.4264  -31.392  20
258.8  0  529.925  121.973  -6.70243  -32.373  37
258.8  1  769.11  61.3767  -42.4264  -32.373  20
258.9  0  529.255  118.637  -6.70243  -33.354  37
258.9  1  764.867  58.0413  -42.4264  -33.354  20
259  0  528.584  115.204  -6.70243  -34.335  37
259  1  760.624  54.6078  -42.4264  -34.335  20
259.1  0  527.914  111.672  -6.70243  -35.316  37
259.1  1  756.382  51.0762  -42.4264  -35.316  20
259.2  0  527.244  108.043  -6.70243  -36.297  37
259.2  1  752.139  47.4465  -42.4264  -36.297  20
259.3  0  526.574  104.315  -6.70243  -37.278  37
259.3  1  747.897  43.7187  -42.4264  -37.278  20
259.4  0  525.903  100.489  -6.70243  -38.259  37
259.4  1  743.654  39.8928  -42.4264  -38.259  20
259.5  0  525.233  96.565  -6.70243  -39.24  37
259.5  1  739.411  35.9688  -42.4264  -39.24  20
259.6  0  524.563  92.5429  -6.70243  -40.221  37
259.6  1  735.169  31.9467  -42.4264  -40.221  20
259.7  0  523.893  88.4227  -6.70243  -41.202  37
259.7  1  730.926  27.8265  -42.4264  -41.202  20
259.8  0  523.222  84.2044  -6.70243  -42.183  37
259.8  1  726.683  23.6082  -42.4264  -42.183  20
259.9  0  522.552  79.888  -6.70243  -43.164  37
259.9  1  722.441  19.2918  -42.4264  -43.164  20
260  0  521.882  75.4735  -6.70243  -44.145  37
260  1  718.198  14.8773  -42.4264  -44.145  20
260.1  0  521.212  70.9609  -6.70243  -45.126  37
260.1  1  713.955  10.3647  -42.4264  -45.126  20
260.2  0  520.541  66.3502  -6.70243  -46.107  37
260.2  1  709.713  5.75398  -42.4264  -46.107  20
260.3  0  519.871  61.6414  -6.70243  -47.088  37
260.3  1  705.47  1.04518  -42.4264  -47.088  20
260.4  0  519.201  56.8345  -6.70243  -48.069  37
260.4  1  701.227  -3.76172  -42.4264  48.069  20
260.5  0  518.531  51.9295  -6.70243  -49.05  37
260.5  1  696.985  0.947075  -42.4264  47.088  20
260.6  0  517.86  46.9264  -6.70243  -50.031  37
260.6  1  692.742  5.55778  -42.4264  46.107  20
260.7  0  517.19  41.8252  -6.70243  -51.012  37
260.7  1  688.5  10.0704  -42.4264  45.126  20
260.8  0  516.52  36.6259  -6.70243  -51.993  37
260.8  1  684.257  14.4849  -42.4264  44.145  20
260.9  0  515.85  31.3285  -6.70243  -52.974  37
260.9  1  680.014  18.8013  -42.4264  43.164  20
261  0  515.179  25.933  -6.70243  -53.955  37
261  1  675.772  23.0196  -42.4264  42.183  20
261.1  0  514.509  20.4394  -6.70243  -54.936  37
261.1  1  671.529  27.1398  -42.4264  41.202  20
261.2  0  513.839  14.8477  -6.70243  -55.917  37
261.2  1  667.286  31.1619  -42.4264  40.221  20
261.3  0  513.169  9.15788  -6.70243  -56.898  37
261.3  1  663.044  35.0859  -42.4264  39.24  20
261.4  0  512.498  3.36998  -6.70243  -57.879  37
261.4  1  658.801  38.9118  -42.4264  38.259  20
261.5  0  511.828  -2.51602  -6.70243  58.86  37
261.5  1  654.558  42.6396  -42.4264  37.278  20
261.6  0  511.158  3.27188  -6.70243  57.879  37
261.6  1  650.316  46.2693  -42.4264  36.297  20
261.7  0  510.488  8.96168  -6.70243  56.898  37
261.7  1  646.073  49.8009  -42.4264  35.316  20
261.8  0  509.818  14.5534  -6.70243  55.917  37
261.8  1  641.831  53.2344  -42.4264  34.335  20
261.9  0  509.147  20.047  -6.70243  54.936  37
261.9  1  637.588  56.5698  -42.4264  33.354  20
262  0  508.477  25.4425  -6.70243  53.955  37
262  1  633.345  59.8071  -42.4264  32.373  20
262.1  0  507.807  30.7399  -6.70243  52.974  37
262.1  1  629.103  62.9463  -42.4264  31.392  20
262.2  0  507.137  35.9392  -6.70243  51.993  37
262.2  1  624.86  65.9874  -42.4264  30.411  20
262.3  0  506.466  41.0404  -6.70243  51.012  37
262.3  1  620.617  68.9304  -42.4264  29.43  20
262.4  0  505.796  46.0435  -6.70243  50.031  37
262.4  1  616.375  71.7753  -42.4264  28.449  20
262.5  0  505.126  50.9485  -6.70243  49.05  37
262.5  1  612.132  74.5221  -42.4264  27.468  20
262.6  0  504.456  55.7554  -6.70243  48.069  37
262.6  1  607.889  77.1708  -42.4264  26.487  20
262.7  0  503.785  60.4642  -6.70243  47.088  37
262.7  1  603.647  79.7214  -42.4264  25.506  20
262.8  0  503.115  65.0749  -6.70243  46.107  37
262.8  1  599.404  82.1739  -42.4264  24.525  20
262.9  0  502.445  69.5875  -6.70243  45.126  37
262.9  1  595.161  84.5283  -42.4264  23.544  20
263  0  501.775  74.002  -6.70243  44.145  37
263  1  590.919  86.7846  -42.4264  22.563  20
263.1  0  501.104  78.3184  -6.70243  43.164  37
263.1  1  586.676  88.9428  -42.4264  21.582  20
263.2  0  500.434  82.5367  -6.70243  42.183  37
263.2  1  582.434  91.0029  -42.4264  20.601  20
263.3  0  499.764  86.6569  -6.70243  41.202  37
263.3  1  578.191  92.9649  -42.4264  19.62  20
263.4  0  499.094  90.679  -6.70243  40.221  37
263.4  1  573.948  94.8288  -42.4264  18.639  20
263.5  0  498.423  94.603  -6.70243  39.24  37
263.5  1  569.706  96.5946  -42.4264  17.658  20
263.6  0  497.753  98.4289  -6.70243  38.259  37
263.6  1  565.463  98.2623  -42.4264  16.677  20
263.7  0  497.083  102.157  -6.70243  37.278  37
263.7  1  561.22  99.8319  -42.4264  15.696  20
263.8  0  496.413  105.786  -6.70243  36.297  37
263.8  1  556.978  101.303  -42.4264  14.715  20
263.9  0  495.742  109.318  -6.70243  35.316  37
263.9  1  552.735  102.677  -42.4264  13.734  20
264  0  495.072  112.751  -6.70243  34.335  37
264  1  548.492  103.952  -42.4264  12.753  20
264.1  0  494.402  116.087  -6.70243  33.354  37
264.1  1  544.25  105.129  -42.4264  11.772  20
264.2  0  493.732  119.324  -6.70243  32.373  37
264.2  1  540.007  106.208  -42.4264  10.791  20
264.3  0  493.061  122.463  -6.70243  31.392  37
264.3  1  535.765  107.189  -42.4264  9.81  20
264.4  0  492.391  125.504  -6.70243  30.411  37
264.4  1  531.522  108.072  -42.4264  8.829  20
264.5  0  491.721  128.447  -6.70243  29.43  37
264.5  1  527.279  108.857  -42.4264  7.848  20
264.6  0  491.051  131.292  -6.70243  28.449  37
264.6  1  523.037  109.544  -42.4264  6.867  20
264.7  0  490.38  134.039  -6.70243  27.468  37
264.7  1  518.794  110.132  -42.4264  5.886  20
264.8  0  489.71  136.688  -6.70243  26.487  37
264.8  1  514.551  110.623  -42.4264  4.905  20
264.9  0  489.04  139.238  -6.70243  25.506  37
264.9  1  510.309  111.015  -42.4264  3.924  20
265  0  488.37  141.691  -6.70243  24.525  37
265  1  506.066  111.31  -42.4264  2.943  20
265.1  0  487.7  144.045  -6.70243  23.544  37
265.1  1  501.823  111.506  -42.4264  1.962  20
265.2  0  487.029  146.302  -6.70243  22.563  37
265.2  1  497.581  111.604  -42.4264  0.981  20
265.3  0  486.359  148.46  -6.70243  21.582  37
265.3  1  493.338  111.604  -42.4264  1.11022e-15  20
265.4  0  485.689  150.52  -6.70243  20.601  37
265.4  1  489.095  111.506  -42.4264  -0.981  20
265.5  0  485.019  152.482  -6.70243  19.62  37
265.5  1  484.853  111.31  -42.4264  -1.962  20
265.6  0  484.348  154.346  -6.70243  18.639  37
265.6  1  480.61  111.015  -42.4264  -2.943  20
265.7  0  483.678  156.112  -6.70243  17.658  37
265.7  1  476.368  110.623  -42.4264  -3.924  20
265.8  0  483.008  157.779  -6.70243  16.677  37
265.8  1  472.125  110.132  -42.4264  -4.905  20
265.9  0  482.338  159.349  -6.70243  15.696  37
265.9  1  467.882  109.544  -42.4264  -5.886  20
266  0  481.667  160.82  -6.70243  14.715  37
266  1  463.64  108.857  -42.4264  -6.867  20
266.1  0  480.997  162.194  -6.70243  13.734  37
266.1  1  459.397  108.072  -42.4264  -7.848  20
266.2  0  480.327  163.469  -6.70243  12.753  37
266.2  1  455.154  107.189  -42.4264  -8.829  20
266.3  0  479.657  164.646  -6.70243  11.772  37
266.3  1  450.912  106.208  -42.4264  -9.81  20
266.4  0  478.986  165.725  -6.70243  10.791  37
266.4  1  446.669  105.129  -42.4264  -10.791  20
266.5  0  478.316  166.706  -6.70243  9.81  37
266.5  1  442.426  103.952  -42.4264  -11.772  20
266.6  0  477.646  167.589  -6.70243  8.829  37
266.6  1  438.184  102.677  -42.4264  -12.753  20
266.7  0  476.976  168.374  -6.70243  7.848  37
266.7  1  433.941  101.303  -42.4264  -13.734  20
266.8  0  476.305  169.061  -6.70243  6.867  37
266.8  1  429.698  99.8319  -42.4264  -14.715  20
266.9  0  475.635  169.649  -6.70243  5.886  37
266.9  1  425.456  98.2623  -42.4264  -15.696  20
267  0  474.965  170.14  -6.70243  4.905  37
267  1  421.213  96.5946  -42.4264  -16.677  20
267.1  0  474.295  170.532  -6.70243  3.924  37
267.1  1  416.971  94.8288  -42.4264  -17.658  20
267.2  0  473.624  170.827  -6.70243  2.943  37
267.2  1  412.728  92.9649  -42.4264  -18.639  20
267.3  0  472.954  171.023  -6.70243  1.962  37
267.3  1  408.485  91.0029  -42.4264  -19.62  20
267.4  0  472.284  171.121  -6.70243  0.981  37
267.4  1  404.243  88.9428  -42.4264  -20.601  20
267.5  0  471.614  171.121  -6.70243  1.11022e-15  37
267.5  1  400  86.7846  -42.4264  -21.582  20
267.6  0  470.943  171.023  -6.70243  -0.981  37
267.6  1  395.757  84.5283  -42.4264  -22.563  20
267.7  0  470.273  170.827  -6.70243  -1.962  37
267.7  1  391.515  82.1739  -42.4264  -23.544  20
267.8  0  469.603  170.532  -6.70243  -2.943  37
267.8  1  387.272  79.7214  -42.4264  -24.525  20
267.9  0  468.933  170.14  -6.70243  -3.924  37
267.9  1  383.029  77.1708  -42.4264  -25.506  20
268  0  468.262  169.649  -6.70243  -4.905  37
268  1  378.787  74.5221  -42.4264  -26.487  20
268.1  0  467.592  169.061  -6.70243  -5.886  37
268.1  1  374.544  71.7753  -42.4264  -27.468  20
268.2  0  466.922  168.374  -6.70243  -6.867  37
268.2  1  370.302  68.9304  -42.4264  -28.449  20
268.3  0  466.252  167.589  -6.70243  -7.848  37
268.3  1  366.059  65.9874  -42.4264  -29.43  20
268.4  0  465.581  166.706  -6.70243  -8.829  37
268.4  1  361.816  62.9463  -42.4264  -30.411  20
268.5  0  464.911  165.725  -6.70243  -9.81  37
268.5  1  357.574  59.8071  -42.4264  -31.392  20
268.6  0  464.241  164.646  -6.70243  -10.791  37
268.6  1  353.331  56.5698  -42.4264  -32.373  20
268.7  0  463.571  163.469  -6.70243  -11.772  37
268.7  1  349.088  53.2344  -42.4264  -33.354  20
268.8  0  462.901  162.194  -6.70243  -12.753  37
268.8  1  344.846  49.8009  -42.4264  -34.335  20
268.9  0  462.23  160.82  -6.70243  -13.734  37
268.9  1  340.603  46.2693  -42.4264  -35.316  20
269  0  461.56  159.349  -6.70243  -14.715  37
269  1  336.36  42.6396  -42.4264  -36.297  20
269.1  0  460.89  157.779  -6.70243  -15.696  37
269.1  1  332.118  38.9118  -42.4264  -37.278  20
269.2  0  460.22  156.112  -6.70243  -16.677  37
269.2  1  327.875  35.0859  -42.4264  -38.259  20
269.3  0  459.549  154.346  -6.70243  -17.658  37
269.3  1  323.632  31.1619  -42.4264  -39.24  20
269.4  0  458.879  152.482  -6.70243  -18.639  37
269.4  1  319.39  27.1398  -42.4264  -40.221  20
269.5  0  458.209  150.52  -6.70243  -19.62  37
269.5  1  315.147  23.0196  -42.4264  -41.202  20
269.6  0  457.539  148.46  -6.70243  -20.601  37
269.6  1  310.905  18.8013  -42.4264  -42.183  20
269.7  0  456.868  146.302  -6.70243  -21.582  37
269.7  1  306.662  14.4849  -42.4264  -43.164  20
269.8  0  456.198  144.045  -6.70243  -22.563  37
269.8  1  302.419  10.0704  -42.4264  -44.145  20
269.9  0  455.528  141.691  -6.70243  -23.544  37
269.9  1  298.177  5.55778  -42.4264  -45.126  20
270  0  454.858  139.238  -6.70243  -24.525  37
270  1  293.934  0.947075  -42.4264  -46.107  20
270.1  0  454.187  136.688  -6.70243  -25.506  37
270.1  1  289.691  -3.76172  -42.4264  47.088  20
270.2  0  453.517  134.039  -6.70243  -26.487  37
270.2  1  285.449  0.848975  -42.4264  46.107  20
270.3  0  452.847  131.292  -6.70243  -27.468  37
270.3  1  281.206  5.36158  -42.4264  45.126  20
270.4  0  452.177  128.447  -6.70243  -28.449  37
270.4  1  276.963  9.77608  -42.4264  44.145  20
270.5  0  451.506  125.504  -6.70243  -29.43  37
270.5  1  272.721  14.0925  -42.4264  43.164  20
270.6  0  450.836  122.463  -6.70243  -30.411  37
270.6  1  268.478  18.3108  -42.4264  42.183  20
270.7  0  450.166  119.324  -6.70243  -31.392  37
270.7  1  264.235  22.431  -42.4264  41.202  20
270.8  0  449.496  116.087  -6.70243  -32.373  37
270.8  1  259.993  26.4531  -42.4264  40.221  20
270.9  0  448.825  112.751  -6.70243  -33.354  37
270.9  1  255.75  30.3771  -42.4264  39.24  20
271  0  448.155  109.318  -6.70243  -34.335  37
271  1  251.508  34.203  -42.4264  38.259  20
271.1  0  447.485  105.786  -6.70243  -35.316  37
271.1  1  247.265  37.9308  -42.4264  37.278  20
271.2  0  446.815  102.157  -6.70243  -36.297  37
271.2  1  243.022  41.5605  -42.4264  36.297  20
271.3  0  446.144  98.4289  -6.70243  -37.278  37
271.3  1  238.78  45.0921  -42.4264  35.316  20
271.4  0  445.474  94.603  -6.70243  -38.259  37
271.4  1  234.537  48.5256  -42.4264  34.335  20
271.5  0  444.804  90.679  -6.70243  -39.24  37
271.5  1  230.294  51.861  -42.4264  33.354  20
271.6  0  444.134  86.6569  -6.70243  -40.221  37
271.6  1  226.052  55.0983  -42.4264  32.373  20
271.7  0  443.463  82.5367  -6.70243  -41.202  37
271.7  1  221.809  58.2375  -42.4264  31.392  20
271.8  0  442.793  78.3184  -6.70243  -42.183  37
271.8  1  217.566  61.2786  -42.4264  30.411  20
271.9  0  442.123  74.002  -6.70243  -43.164  37
271.9  1  213.324  64.2216  -42.4264  29.43  20
272  0  441.453  69.5875  -6.70243  -44.145  37
272  1  209.081  67.0665  -42.4264  28.449  20
272.1  0  440.783  65.0749  -6.70243  -45.126  37
272.1  1  204.839  69.8133  -42.4264  27.468  20
272.2  0  440.112  60.4642  -6.70243  -46.107  37
272.2  1  200.596  72.462  -42.4264  26.487  20
272.3  0  439.442  55.7554  -6.70243  -47.088  37
272.3  1  196.353  75.0126  -42.4264  25.506  20
272.4  0  438.772  50.9485  -6.70243  -48.069  37
272.4  1  192.111  77.4651  -42.4264  24.525  20
272.5  0  438.102  46.0435  -6.70243  -49.05  37
272.5  1  187.868  79.8195  -42.4264  23.544  20
272.6  0  437.431  41.0404  -6.70243  -50.031  37
272.6  1  183.625  82.0758  -42.4264  22.563  20
272.7  0  436.761  35.9392  -6.70243  -51.012  37
272.7  1  179.383  84.234  -42.4264  21.582  20
272.8  0  436.091  30.7399  -6.70243  -51.993  37
272.8  1  175.14  86.2941  -42.4264  20.601  20
272.9  0  435.421  25.4425  -6.70243  -52.974  37
272.9  1  170.897  88.2561  -42.4264  19.62  20
273  0  434.75  20.047  -6.70243  -53.955  37
273  1  166.655  90.12  -42.4264  18.639  20
273.1  0  434.08  14.5534  -6.70243  -54.936  37
273.1  1  162.412  91.8858  -42.4264  17.658  20
273.2  0  433.41  8.96168  -6.70243  -55.917  37
273.2  1  158.169  93.5535  -42.4264  16.677  20
273.3  0  432.74  3.27188  -6.70243  -56.898  37
273.3  1  153.927  95.1231  -42.4264  15.696  20
273.4  0  432.069  -2.51602  -6.70243  57.879  37
273.4  1  149.684  96.5946  -42.4264  14.715  20
273.5  0  431.399  3.17378  -6.70243  56.898  37
273.5  1  145.442  97.968  -42.4264  13.734  20
273.6  0  430.729  8.76548  -6.70243  55.917  37
273.6  1  141.199  99.2433  -42.4264  12.753  20
273.7  0  430.059  14.2591  -6.70243  54.936  37
273.7  1  136.956  100.42  -42.4264  11.772  20
273.8  0  429.388  19.6546  -6.70243  53.955  37
273.8  1  132.714  101.5  -42.4264  10.791  20
273.9  0  428.718  24.952  -6.70243  52.974  37
273.9  1  128.471  102.481  -42.4264  9.81  20
274  0  428.048  30.1513  -6.70243  51.993  37
274  1  124.228  103.363  -42.4264  8.829  20
274.1  0  427.378  35.2525  -6.70243  51.012  37
274.1  1  119.986  104.148  -42.4264  7.848  20
274.2  0  426.707  40.2556  -6.70243  50.031  37
274.2  1  115.743  104.835  -42.4264  6.867  20
274.3  0  426.037  45.1606  -6.70243  49.05  37
274.3  1  111.5  105.424  -42.4264  5.886  20
274.4  0  425.367  49.9675  -6.70243  48.069  37
274.4  1  107.258  105.914  -42.4264  4.905  20
274.5  0  424.697  54.6763  -6.70243  47.088  37
274.5  1  103.015  106.306  -42.4264  3.924  20
274.6  0  424.026  59.287  -6.70243  46.107  37
274.6  1  98.7725  106.601  -42.4264  2.943  20
274.7  0  423.356  63.7996  -6.70243  45.126  37
274.7  1  94.5299  106.797  -42.4264  1.962  20
274.8  0  422.686  68.2141  -6.70243  44.145  37
274.8  1  90.2872  106.895  -42.4264  0.981  20
274.9  0  422.016  72.5305  -6.70243  43.164  37
274.9  1  86.0446  106.895  -42.4264  1.11022e-15  20
275  0  421.345  76.7488  -6.70243  42.183  37
275  1  81.8019  106.797  -42.4264  -0.981  20
275.1  0  420.675  80.869  -6.70243  41.202  37
275.1  1  77.5593  106.601  -42.4264  -1.962  20
275.2  0  420.005  84.8911  -6.70243  40.221  37
275.2  1  73.3167  106.306  -42.4264  -2.943  20
275.3  0  419.335  88.8151  -6.70243  39.24  37
275.3  1  69.074  105.914  -42.4264  -3.924  20
275.4  0  418.665  92.641  -6.70243  38.259  37
275.4  1  64.8314  105.424  -42.4264  -4.905  20
275.5  0  417.994  96.3688  -6.70243  37.278  37
275.5  1  60.5887  104.835  -42.4264  -5.886  20
275.6  0  417.324  99.9985  -6.70243  36.297  37
275.6  1  56.3461  104.148  -42.4264  -6.867  20
275.7  0  416.654  103.53  -6.70243  35.316  37
275.7  1  52.1035  103.363  -42.4264  -7.848  20
275.8  0  415.984  106.964  -6.70243  34.335  37
275.8  1  47.8608  102.481  -42.4264  -8.829  20
275.9  0  415.313  110.299  -6.70243  33.354  37
275.9  1  43.6182  101.5  -42.4264  -9.81  20
276  0  414.643  113.536  -6.70243  32.373  37
276  1  39.3755  100.42  -42.4264  -10.791  20
276.1  0  413.973  116.675  -6.70243  31.392  37
276.1  1  35.1329  99.2433  -42.4264  -11.772  20
276.2  0  413.303  119.717  -6.70243  30.411  37
276.2  1  30.8903  97.968  -42.4264  -12.753  20
276.3  0  412.632  122.66  -6.70243  29.43  37
276.3  1  26.6476  96.5946  -42.4264  -13.734  20
276.4  0  411.962  125.504  -6.70243  28.449  37
276.4  1  22.405  95.1231  -42.4264  -14.715  20
276.5  0  411.292  128.251  -6.70243  27.468  37
276.5  1  18.1623  93.5535  -42.4264  -15.696  20
276.6  0  410.622  130.9  -6.70243  26.487  37
276.6  1  13.9197  91.8858  -42.4264  -16.677  20
276.7  0  409.951  133.451  -6.70243  25.506  37
276.7  1  9.67706  90.12  -42.4264  -17.658  20
276.8  0  409.281  135.903  -6.70243  24.525  37
276.8  1  5.43442  88.2561  -42.4264  -18.639  20
276.9  0  408.611  138.257  -6.70243  23.544  37
276.9  1  1.19178  86.2941  -42.4264  -19.62  20
277  0  407.941  140.514  -6.70243  22.563  37
277  1  -3.05087  84.234  42.4264  -20.601  20
277.1  0  407.27  142.672  -6.70243  21.582  37
277.1  1  1.19178  82.0758  42.4264  -21.582  20
277.2  0  406.6  144.732  -6.70243  20.601  37
277.2  1  5.43442  79.8195  42.4264  -22.563  20
277.3  0  405.93  146.694  -6.70243  19.62  37
277.3  1  9.67706  77.4651  42.4264  -23.544  20
277.4  0  405.26  148.558  -6.70243  18.639  37
277.4  1  13.9197  75.0126  42.4264  -24.525  20
277.5  0  404.589  150.324  -6.70243  17.658  37
277.5  1  18.1623  72.462  42.4264  -25.506  20
277.6  0  403.919  151.991  -6.70243  16.677  37
277.6  1  22.405  69.8133  42.4264  -26.487  20
277.7  0  403.249  153.561  -6.70243  15.696  37
277.7  1  26.6476  67.0665  42.4264  -27.468  20
277.8  0  402.579  155.033  -6.70243  14.715  37
277.8  1  30.8903  64.2216  42.4264  -28.449  20
277.9  0  401.908  156.406  -6.70243  13.734  37
277.9  1  35.1329  61.2786  42.4264  -29.43  20
278  0  401.238  157.681  -6.70243  12.753  37
278  1  39.3755  58.2375  42.4264  -30.411  20
278.1  0  400.568  158.858  -6.70243  11.772  37
278.1  1  43.6182  55.0983  42.4264  -31.392  20
278.2  0  399.898  159.938  -6.70243  10.791  37
278.2  1  47.8608  51.861  42.4264  -32.373  20
278.3  0  399.227  160.919  -6.70243  9.81  37
278.3  1  52.1035  48.5256  42.4264  -33.354  20
278.4  0  398.557  161.801  -6.70243  8.829  37
278.4  1  56.3461  45.0921  42.4264  -34.335  20
278.5  0  397.887  162.586  -6.70243  7.848  37
278.5  1  60.5887  41.5605  42.4264  -35.316  20
278.6  0  397.217  163.273  -6.70243  6.867  37
278.6  1  64.8314  37.9308  42.4264  -36.297  20
278.7  0  396.547  163.862  -6.70243  5.886  37
278.7  1  69.074  34.203  42.4264  -37.278  20
278.8  0  395.876  164.352  -6.70243  4.905  37
278.8  1  73.3167  30.3771  42.4264  -38.259  20
278.9  0  395.206  164.744  -6.70243  3.924  37
278.9  1  77.5593  26.4531  42.4264  -39.24  20
279  0  394.536  165.039  -6.70243  2.943  37
279  1  81.8019  22.431  42.4264  -40.221  20
279.1  0  393.866  165.235  -6.70243  1.962  37
279.1  1  86.0446  18.3108  42.4264  -41.202  20
279.2  0  393.195  165.333  -6.70243  0.981  37
279.2  1  90.2872  14.0925  42.4264  -42.183  20
279.3  0  392.525  165.333  -6.70243  1.11022e-15  37
279.3  1  94.5299  9.77608  42.4264  -43.164  20
279.4  0  391.855  165.235  -6.70243  -0.981  37
279.4  1  98.7725  5.36158  42.4264  -44.145  20
279.5  0  391.185  165.039  -6.70243  -1.962  37
279.5  1  103.015  0.848975  42.4264  -45.126  20
279.6  0  390.514  164.744  -6.70243  -2.943  37
279.6  1  107.258  -3.76172  42.4264  46.107  20
279.7  0  389.844  164.352  -6.70243  -3.924  37
279.7  1  111.5  0.750875  42.4264  45.126  20
279.8  0  389.174  163.862  -6.70243  -4.905  37
279.8  1  115.743  5.16538  42.4264  44.145  20
279.9  0  388.504  163.273  -6.70243  -5.886  37
279.9  1  119.986  9.48178  42.4264  43.164  20
280  0  387.833  162.586  -6.70243  -6.867  37
280  1  124.228  13.7001  42.4264  42.183  20
280.1  0  387.163  161.801  -6.70243  -7.848  37
280.1  1  128.471  17.8203  42.4264  41.202  20
280.2  0  386.493  160.919  -6.70243  -8.829  37
280.2  1  132.714  21.8424  42.4264  40.221  20
280.3  0  385.823  159.938  -6.70243  -9.81  37
280.3  1  136.956  25.7664  42.4264  39.24  20
280.4  0  385.152  158.858  -6.70243  -10.791  37
280.4  1  141.199  29.5923  42.4264  38.259  20
280.5  0  384.482  157.681  -6.70243  -11.772  37
280.5  1  145.442  33.3201  42.4264  37.278  20
280.6  0  383.812  156.406  -6.70243  -12.753  37
280.6  1  149.684  36.9498  42.4264  36.297  20
280.7  0  383.142  155.033  -6.70243  -13.734  37
280.7  1  153.927  40.4814  42.4264  35.316  20
280.8  0  382.471  153.561  -6.70243  -14.715  37
280.8  1  158.169  43.9149  42.4264  34.335  20
280.9  0  381.801  151.991  -6.70243  -15.696  37
280.9  1  162.412  47.2503  42.4264  33.354  20
281  0  381.131  150.324  -6.70243  -16.677  37
281  1  166.655  50.4876  42.4264  32.373  20
281.1  0  380.461  148.558  -6.70243  -17.658  37
281.1  1  170.897  53.6268  42.4264  31.392  20
281.2  0  379.79  146.694  -6.70243  -18.639  37
281.2  1  175.14  56.6679  42.4264  30.411  20
281.3  0  379.12  144.732  -6.70243  -19.62  37
281.3  1  179.383  59.6109  42.4264  29.43  20
281.4  0  378.45  142.672  -6.70243  -20.601  37
281.4  1  183.625  62.4558  42.4264  28.449  20
281.5  0  377.78  140.514  -6.70243  -21.582  37
281.5  1  187.868  65.2026  42.4264  27.468  20
281.6  0  377.109  138.257  -6.70243  -22.563  37
281.6  1  192.111  67.8513  42.4264  26.487  20
281.7  0  376.439  135.903  -6.70243  -23.544  37
281.7  1  196.353  70.4019  42.4264  25.506  20
281.8  0  375.769  133.451  -6.70243  -24.525  37
281.8  1  200.596  72.8544  42.4264  24.525  20
281.9  0  375.099  130.9  -6.70243  -25.506  37
281.9  1  204.839  75.2088  42.4264  23.544  20
282  0  374.429  128.251  -6.70243  -26.487  37
282  1  209.081  77.4651  42.4264  22.563  20
282.1  0  373.758  125.504  -6.70243  -27.468  37
282.1  1  213.324  79.6233  42.4264  21.582  20
282.2  0  373.088  122.66  -6.70243  -28.449  37
282.2  1  217.566  81.6834  42.4264  20.601  20
282.3  0  372.418  119.717  -6.70243  -29.43  37
282.3  1  221.809  83.6454  42.4264  19.62  20
282.4  0  371.748  116.675  -6.70243  -30.411  37
282.4  1  226.052  85.5093  42.4264  18.639  20
282.5  0  371.077  113.536  -6.70243  -31.392  37
282.5  1  230.294  87.2751  42.4264  17.658  20
282.6  0  370.407  110.299  -6.70243  -32.373  37
282.6  1  234.537  88.9428  42.4264  16.677  20
282.7  0  369.737  106.964  -6.70243  -33.354  37
282.7  1  238.78  90.5124  42.4264  15.696  20
282.8  0  369.067  103.53  -6.70243  -34.335  37
282.8  1  243.022  91.9839  42.4264  14.715  20
282.9  0  368.396  99.9985  -6.70243  -35.316  37
282.9  1  247.265  93.3573  42.4264  13.734  20
283  0  367.726  96.3688  -6.70243  -36.297  37
283  1  251.508  94.6326  42.4264  12.753  20
283.1  0  367.056  92.641  -6.70243  -37.278  37
283.1  1  255.75  95.8098  42.4264  11.772  20
283.2  0  366.386  88.8151  -6.70243  -38.259  37
283.2  1  259.993  96.8889  42.4264  10.791  20
283.3  0  365.715  84.8911  -6.70243  -39.24  37
283.3  1  264.235  97.8699  42.4264  9.81  20
283.4  0  365.045  80.869  -6.70243  -40.221  37
283.4  1  268.478  98.7528  42.4264  8.829  20
283.5  0  364.375  76.7488  -6.70243  -41.202  37
283.5  1  272.721  99.5376  42.4264  7.848  20
283.6  0  363.705  72.5305  -6.70243  -42.183  37
283.6  1  276.963  100.224  42.4264  6.867  20
283.7  0  363.034  68.2141  -6.70243  -43.164  37
283.7  1  281.206  100.813  42.4264  5.886  20
283.8  0  362.364  63.7996  -6.70243  -44.145  37
283.8  1  285.449  101.303  42.4264  4.905  20
283.9  0  361.694  59.287  -6.70243  -45.126  37
283.9  1  289.691  101.696  42.4264  3.924  20
284  0  361.024  54.6763  -6.70243  -46.107  37
284  1  293.934  101.99  42.4264  2.943  20
284.1  0  360.353  49.9675  -6.70243  -47.088  37
284.1  1  298.177  102.186  42.4264  1.962  20
284.2  0  359.683  45.1606  -6.70243  -48.069  37
284.2  1  302.419  102.284  42.4264  0.981  20
284.3  0  359.013  40.2556  -6.70243  -49.05  37
284.3  1  306.662  102.284  42.4264  1.11022e-15  20
284.4  0  358.343  35.2525  -6.70243  -50.031  37
284.4  1  310.905  102.186  42.4264  -0.981  20
284.5  0  357.672  30.1513  -6.70243  -51.012  37
284.5  1  315.147  101.99  42.4264  -1.962  20
284.6  0  357.002  24.952  -6.70243  -51.993  37
284.6  1  319.39  101.696  42.4264  -2.943  20
284.7  0  356.332  19.6546  -6.70243  -52.974  37
284.7  1  323.632  101.303  42.4264  -3.924  20
284.8  0  355.662  14.2591  -6.70243  -53.955  37
284.8  1  327.875  100.813  42.4264  -4.905  20
284.9  0  354.991  8.76548  -6.70243  -54.936  37
284.9  1  332.118  100.224  42.4264  -5.886  20
285  0  354.321  3.17378  -6.70243  -55.917  37
285  1  336.36  99.5376  42.4264  -6.867  20
285.1  0  353.651  -2.51602  -6.70243  56.898  37
285.1  1  340.603  98.7528  42.4264  -7.848  20
285.2  0  352.981  3.07568  -6.70243  55.917  37
285.2  1  344.846  97.8699  42.4264  -8.829  20
285.3  0  352.311  8.56928  -6.70243  54.936  37
285.3  1  349.088  96.8889  42.4264  -9.81  20
285.4  0  351.64  13.9648  -6.70243  53.955  37
285.4  1  353.331  95.8098  42.4264  -10.791  20
285.5  0  350.97  19.2622  -6.70243  52.974  37
285.5  1  357.574  94.6326  42.4264  -11.772  20
285.6  0  350.3  24.4615  -6.70243  51.993  37
285.6  1  361.816  93.3573  42.4264  -12.753  20
285.7  0  349.63  29.5627  -6.70243  51.012  37
285.7  1  366.059  91.9839  42.4264  -13.734  20
285.8  0  348.959  34.5658  -6.70243  50.031  37
285.8  1  370.302  90.5124  42.4264  -14.715  20
285.9  0  348.289  39.4708  -6.70243  49.05  37
285.9  1  374.544  88.9428  42.4264  -15.696  20
286  0  347.619  44.2777  -6.70243  48.069  37
286  1  378.787  87.2751  42.4264  -16.677  20
286.1  0  346.949  48.9865  -6.70243  47.088  37
286.1  1  383.029  85.5093  42.4264  -17.658  20
286.2  0  346.278  53.5972  -6.70243  46.107  37
286.2  1  387.272  83.6454  42.4264  -18.639  20
286.3  0  345.608  58.1098  -6.70243  45.126  37
286.3  1  391.515  81.6834  42.4264  -19.62  20
286.4  0  344.938  62.5243  -6.70243  44.145  37
286.4  1  395.757  79.6233  42.4264  -20.601  20
286.5  0  344.268  66.8407  -6.70243  43.164  37
286.5  1  400  77.4651  42.4264  -21.582  20
286.6  0  343.597  71.059  -6.70243  42.183  37
286.6  1  404.243  75.2088  42.4264  -22.563  20
286.7  0  342.927  75.1792  -6.70243  41.202  37
286.7  1  408.485  72.8544  42.4264  -23.544  20
286.8  0  342.257  79.2013  -6.70243  40.221  37
286.8  1  412.728  70.4019  42.4264  -24.525  20
286.9  0  341.587  83.1253  -6.70243  39.24  37
286.9  1  416.971  67.8513  42.4264  -25.506  20
287  0  340.916  86.9512  -6.70243  38.259  37
287  1  421.213  65.2026  42.4264  -26.487  20
287.1  0  340.246  90.679  -6.70243  37.278  37
287.1  1  425.456  62.4558  42.4264  -27.468  20
287.2  0  339.576  94.3087  -6.70243  36.297  37
287.2  1  429.698  59.6109  42.4264  -28.449  20
287.3  0  338.906  97.8403  -6.70243  35.316  37
287.3  1  433.941  56.6679  42.4264  -29.43  20
287.4  0  338.235  101.274  -6.70243  34.335  37
287.4  1  438.184  53.6268  42.4264  -30.411  20
287.5  0  337.565  104.609  -6.70243  33.354  37
287.5  1  442.426  50.4876  42.4264  -31.392  20
287.6  0  336.895  107.846  -6.70243  32.373  37
287.6  1  446.669  47.2503  42.4264  -32.373  20
287.7  0  336.225  110.986  -6.70243  31.392  37
287.7  1  450.912  43.9149  42.4264  -33.354  20
287.8  0  335.554  114.027  -6.70243  30.411  37
287.8  1  455.154  40.4814  42.4264  -34.335  20
287.9  0  334.884  116.97  -6.70243  29.43  37
287.9  1  459.397  36.9498  42.4264  -35.316  20
288  0  334.214  119.815  -6.70243  28.449  37
288  1  463.64  33.3201  42.4264  -36.297  20
288.1  0  333.544  122.561  -6.70243  27.468  37
288.1  1  467.882  29.5923  42.4264  -37.278  20
288.2  0  332.873  125.21  -6.70243  26.487  37
288.2  1  472.125  25.7664  42.4264  -38.259  20
288.3  0  332.203  127.761  -6.70243  25.506  37
288.3  1  476.368  21.8424  42.4264  -39.24  20
288.4  0  331.533  130.213  -6.70243  24.525  37
288.4  1  480.61  17.8203  42.4264  -40.221  20
288.5  0  330.863  132.568  -6.70243  23.544  37
288.5  1  484.853  13.7001  42.4264  -41.202  20
288.6  0  330.192  134.824  -6.70243  22.563  37
288.6  1  489.095  9.48178  42.4264  -42.183  20
288.7  0  329.522  136.982  -6.70243  21.582  37
288.7  1  493.338  5.16538  42.4264  -43.164  20
288.8  0  328.852  139.042  -6.70243  20.601  37
288.8  1  497.581  0.750875  42.4264  -44.145  20
288.9  0  328.182  141.004  -6.70243  19.62  37
288.9  1  501.823  -3.76172  42.4264  45.126  20
289  0  327.512  142.868  -6.70243  18.639  37
289  1  506.066  0.652775  42.4264  44.145  20
289.1  0  326.841  144.634  -6.70243  17.658  37
289.1  1  510.309  4.96918  42.4264  43.164  20
289.2  0  326.171  146.302  -6.70243  16.677  37
289.2  1  514.551  9.18748  42.4264  42.183  20
289.3  0  325.501  147.871  -6.70243  15.696  37
289.3  1  518.794  13.3077  42.4264  41.202  20
289.4  0  324.831  149.343  -6.70243  14.715  37
289.4  1  523.037  17.3298  42.4264  40.221  20
289.5  0  324.16  150.716  -6.70243  13.734  37
289.5  1  527.279  21.2538  42.4264  39.24  20
289.6  0  323.49  151.991  -6.70243  12.753  37
289.6  1  531.522  25.0797  42.4264  38.259  20
289.7  0  322.82  153.169  -6.70243  11.772  37
289.7  1  535.765  28.8075  42.4264  37.278  20
289.8  0  322.15  154.248  -6.70243  10.791  37
289.8  1  540.007  32.4372  42.4264  36.297  20
289.9  0  321.479  155.229  -6.70243  9.81  37
289.9  1  544.25  35.9688  42.4264  35.316  20
290  0  320.809  156.112  -6.70243  8.829  37
290  1  548.492  39.4023  42.4264  34.335  20
290.1  0  320.139  156.896  -6.70243  7.848  37
290.1  1  552.735  42.7377  42.4264  33.354  20
290.2  0  319.469  157.583  -6.70243  6.867  37
290.2  1  556.978  45.975  42.4264  32.373  20
290.3  0  318.798  158.172  -6.70243  5.886  37
290.3  1  561.22  49.1142  42.4264  31.392  20
290.4  0  318.128  158.662  -6.70243  4.905  37
290.4  1  565.463  52.1553  42.4264  30.411  20
290.5  0  317.458  159.055  -6.70243  3.924  37
290.5  1  569.706  55.0983  42.4264  29.43  20
290.6  0  316.788  159.349  -6.70243  2.943  37
290.6  1  573.948  57.9432  42.4264  28.449  20
290.7  0  316.117  159.545  -6.70243  1.962  37
290.7  1  578.191  60.69  42.4264  27.468  20
290.8  0  315.447  159.643  -6.70243  0.981  37
290.8  1  582.434  63.3387  42.4264  26.487  20
290.9  0  314.777  159.643  -6.70243  1.11022e-15  37
290.9  1  586.676  65.8893  42.4264  25.506  20
291  0  314.107  159.545  -6.70243  -0.981  37
291  1  590.919  68.3418  42.4264  24.525  20
291.1  0  313.436  159.349  -6.70243  -1.962  37
291.1  1  595.161  70.6962  42.4264  23.544  20
291.2  0  312.766  159.055  -6.70243  -2.943  37
291.2  1  599.404  72.9525  42.4264  22.563  20
291.3  0  312.096  158.662  -6.70243  -3.924  37
291.3  1  603.647  75.1107  42.4264  21.582  20
291.4  0  311.426  158.172  -6.70243  -4.905  37
291.4  1  607.889  77.1708  42.4264  20.601  20
291.5  0  310.755  157.583  -6.70243  -5.886  37
291.5  1  612.132  79.1328  42.4264  19.62  20
291.6  0  310.085  156.896  -6.70243  -6.867  37
291.6  1  616.375  80.9967  42.4264  18.639  20
291.7  0  309.415  156.112  -6.70243  -7.848  37
291.7  1  620.617  82.7625  42.4264  17.658  20
291.8  0  308.745  155.229  -6.70243  -8.829  37
291.8  1  624.86  84.4302  42.4264  16.677  20
291.9  0  308.074  154.248  -6.70243  -9.81  37
291.9  1  629.103  85.9998  42.4264  15.696  20
292  0  307.404  153.169  -6.70243  -10.791  37
292  1  633.345  87.4713  42.4264  14.715  20
292.1  0  306.734  151.991  -6.70243  -11.772  37
292.1  1  637.588  88.8447  42.4264  13.734  20
292.2  0  306.064  150.716  -6.70243  -12.753  37
292.2  1  641.831  90.12  42.4264  12.753  20
292.3  0  305.394  149.343  -6.70243  -13.734  37
292.3  1  646.073  91.2972  42.4264  11.772  20
292.4  0  304.723  147.871  -6.70243  -14.715  37
292.4  1  650.316  92.3763  42.4264  10.791  20
292.5  0  304.053  146.302  -6.70243  -15.696  37
292.5  1  654.558  93.3573  42.4264  9.81  20
292.6  0  303.383  144.634  -6.70243  -16.677  37
292.6  1  658.801  94.2402  42.4264  8.829  20
292.7  0  302.713  142.868  -6.70243  -17.658  37
292.7  1  663.044  95.025  42.4264  7.848  20
292.8  0  302.042  141.004  -6.70243  -18.639  37
292.8  1  667.286  95.7117  42.4264  6.867  20
292.9  0  301.372  139.042  -6.70243  -19.62  37
292.9  1  671.529  96.3003  42.4264  5.886  20
293  0  300.702  136.982  -6.70243  -20.601  37
293  1  675.772  96.7908  42.4264  4.905  20
293.1  0  300.032  134.824  -6.70243  -21.582  37
293.1  1  680.014  97.1832  42.4264  3.924  20
293.2  0  299.361  132.568  -6.70243  -22.563  37
293.2  1  684.257  97.4775  42.4264  2.943  20
293.3  0  298.691  130.213  -6.70243  -23.544  37
293.3  1  688.5  97.6737  42.4264  1.962  20
293.4  0  298.021  127.761  -6.70243  -24.525  37
293.4  1  692.742  97.7718  42.4264  0.981  20
293.5  0  297.351  125.21  -6.70243  -25.506  37
293.5  1  696.985  97.7718  42.4264  1.11022e-15  20
293.6  0  296.68  122.561  -6.70243  -26.487  37
293.6  1  701.227  97.6737  42.4264  -0.981  20
293.7  0  296.01  119.815  -6.70243  -27.468  37
293.7  1  705.47  97.4775  42.4264  -1.962  20
293.8  0  295.34  116.97  -6.70243  -28.449  37
293.8  1  709.713  97.1832  42.4264  -2.943  20
293.9  0  294.67  114.027  -6.70243  -29.43  37
293.9  1  713.955  96.7908  42.4264  -3.924  20
294  0  293.999  110.986  -6.70243  -30.411  37
294  1  718.198  96.3003  42.4264  -4.905  20
294.1  0  293.329  107.846  -6.70243  -31.392  37
294.1  1  722.441  95.7117  42.4264  -5.886  20
294.2  0  292.659  104.609  -6.70243  -32.373  37
294.2  1  726.683  95.025  42.4264  -6.867  20
294.3  0  291.989  101.274  -6.70243  -33.354  37
294.3  1  730.926  94.2402  42.4264  -7.848  20
294.4  0  291.318  97.8403  -6.70243  -34.335  37
294.4  1  735.169  93.3573  42.4264  -8.829  20
294.5  0  290.648  94.3087  -6.70243  -35.316  37
294.5  1  739.411  92.3763  42.4264  -9.81  20
294.6  0  289.978  90.679  -6.70243  -36.297  37
294.6  1  743.654  91.2972  42.4264  -10.791  20
294.7  0  289.308  86.9512  -6.70243  -37.278  37
294.7  1  747.897  90.12  42.4264  -11.772  20
294.8  0  288.637  83.1253  -6.70243  -38.259  37
294.8  1  752.139  88.8447  42.4264  -12.753  20
294.9  0  287.967  79.2013  -6.70243  -39.24  37
294.9  1  756.382  87.4713  42.4264  -13.734  20
295  0  287.297  75.1792  -6.70243  -40.221  37
295  1  760.624  85.9998  42.4264  -14.715  20
295.1  0  286.627  71.059  -6.70243  -41.202  37
295.1  1  764.867  84.4302  42.4264  -15.696  20
295.2  0  285.956  66.8407  -6.70243  -42.183  37
295.2  1  769.11  82.7625  42.4264  -16.677  20
295.3  0  285.286  62.5243  -6.70243  -43.164  37
295.3  1  773.352  80.9967  42.4264  -17.658  20
295.4  0  284.616  58.1098  -6.70243  -44.145  37
295.4  1  777.595  79.1328  42.4264  -18.639  20
295.5  0  283.946  53.5972  -6.70243  -45.126  37
295.5  1  781.838  77.1708  42.4264  -19.62  20
295.6  0  283.276  48.9865  -6.70243  -46.107  37
295.6  1  786.08  75.1107  42.4264  -20.601  20
295.7  0  282.605  44.2777  -6.70243  -47.088  37
295.7  1  790.323  72.9525  42.4264  -21.582  20
295.8  0  281.935  39.4708  -6.70243  -48.069  37
295.8  1  794.566  70.6962  42.4264  -22.563  20
295.9  0  281.265  34.5658  -6.70243  -49.05  37
295.9  1  798.808  68.3418  42.4264  -23.544  20
296  0  280.595  29.5627  -6.70243  -50.031  37
296  1  803.051  65.8893  42.4264  -24.525  20
296.1  0  279.924  24.4615  -6.70243  -51.012  37
296.1  1  807.294  63.3387  42.4264  -25.506  20
296.2  0  279.254  19.2622  -6.70243  -51.993  37
296.2  1  811.536  60.69  42.4264  -26.487  20
296.3  0  278.584  13.9648  -6.70243  -52.974  37
296.3  1  815.779  57.9432  42.4264  -27.468  20
296.4  0  277.914  8.56928  -6.70243  -53.955  37
296.4  1  820.021  55.0983  42.4264  -28.449  20
296.5  0  277.243  3.07568  -6.70243  -54.936  37
296.5  1  824.264  52.1553  42.4264  -29.43  20
296.6  0  276.573  -2.51602  -6.70243  55.917  37
296.6  1  828.507  49.1142  42.4264  -30.411  20
296.7  0  275.903  2.97758  -6.70243  54.936  37
296.7  1  832.749  45.975  42.4264  -31.392  20
296.8  0  275.233  8.37308  -6.70243  53.955  37
296.8  1  836.992  42.7377  42.4264  -32.373  20
296.9  0  274.562  13.6705  -6.70243  52.974  37
296.9  1  841.235  39.4023  42.4264  -33.354  20
297  0  273.892  18.8698  -6.70243  51.993  37
297  1  845.477  35.9688  42.4264  -34.335  20
297.1  0  273.222  23.971  -6.70243  51.012  37
297.1  1  849.72  32.4372  42.4264  -35.316  20
297.2  0  272.552  28.9741  -6.70243  50.031  37
297.2  1  853.963  28.8075  42.4264  -36.297  20
297.3  0  271.881  33.8791  -6.70243  49.05  37
297.3  1  858.205  25.0797  42.4264  -37.278  20
297.4  0  271.211  38.686  -6.70243  48.069  37
297.4  1  862.448  21.2538  42.4264  -38.259  20
297.5  0  270.541  43.3948  -6.70243  47.088  37
297.5  1  866.69  17.3298  42.4264  -39.24  20
297.6  0  269.871  48.0055  -6.70243  46.107  37
297.6  1  870.933  13.3077  42.4264  -40.221  20
297.7  0  269.2  52.5181  -6.70243  45.126  37
297.7  1  875.176  9.18748  42.4264  -41.202  20
297.8  0  268.53  56.9326  -6.70243  44.145  37
297.8  1  879.418  4.96918  42.4264  -42.183  20
297.9  0  267.86  61.249  -6.70243  43.164  37
297.9  1  883.661  0.652775  42.4264  -43.164  20
298  0  267.19  65.4673  -6.70243  42.183  37
298  1  887.904  -3.76172  42.4264  44.145  20
298.1  0  266.519  69.5875  -6.70243  41.202  37
298.1  1  892.146  0.554675  42.4264  43.164  20
298.2  0  265.849  73.6096  -6.70243  40.221  37
298.2  1  896.389  4.77298  42.4264  42.183  20
298.3  0  265.179  77.5336  -6.70243  39.24  37
298.3  1  900.632  8.89318  42.4264  41.202  20
298.4  0  264.509  81.3595  -6.70243  38.259  37
298.4  1  904.874  12.9153  42.4264  40.221  20
298.5  0  263.838  85.0873  -6.70243  37.278  37
298.5  1  909.117  16.8393  42.4264  39.24  20
298.6  0  263.168  88.717  -6.70243  36.297  37
298.6  1  913.36  20.6652  42.4264  38.259  20
298.7  0  262.498  92.2486  -6.70243  35.316  37
298.7  1  917.602  24.393  42.4264  37.278  20
298.8  0  261.828  95.6821  -6.70243  34.335  37
298.8  1  921.845  28.0227  42.4264  36.297  20
298.9  0  261.158  99.0175  -6.70243  33.354  37
298.9  1  926.087  31.5543  42.4264  35.316  20
299  0  260.487  102.255  -6.70243  32.373  37
299  1  930.33  34.9878  42.4264  34.335  20
299.1  0  259.817  105.394  -6.70243  31.392  37
299.1  1  934.573  38.3232  42.4264  33.354  20
299.2  0  259.147  108.435  -6.70243  30.411  37
299.2  1  938.815  41.5605  42.4264  32.373  20
299.3  0  258.477  111.378  -6.70243  29.43  37
299.3  1  943.058  44.6997  42.4264  31.392  20
299.4  0  257.806  114.223  -6.70243  28.449  37
299.4  1  947.301  47.7408  42.4264  30.411  20
299.5  0  257.136  116.97  -6.70243  27.468  37
299.5  1  951.543  50.6838  42.4264  29.43  20
299.6  0  256.466  119.618  -6.70243  26.487  37
299.6  1  955.786  53.5287  42.4264  28.449  20
299.7  0  255.796  122.169  -6.70243  25.506  37
299.7  1  960.029  56.2755  42.4264  27.468  20
299.8  0  255.125  124.622  -6.70243  24.525  37
299.8  1  964.271  58.9242  42.4264  26.487  20
299.9  0  254.455  126.976  -6.70243  23.544  37
299.9  1  968.514  61.4748  42.4264  25.506  20
300  0  253.785  129.232  -6.70243  22.563  37
300  1  972.756  63.9273  42.4264  24.525  20
300.1  0  253.115  131.39  -6.70243  21.582  37
300.1  1  976.999  66.2817  42.4264  23.544  20
300.2  0  252.444  133.451  -6.70243  20.601  37
300.2  1  981.242  68.538  42.4264  22.563  20
300.3  0  251.774  135.413  -6.70243  19.62  37
300.3  1  985.484  70.6962  42.4264  21.582  20
300.4  0  251.104  137.276  -6.70243  18.639  37
300.4  1  989.727  72.7563  42.4264  20.601  20
300.5  0  250.434  139.042  -6.70243  17.658  37
300.5  1  993.97  74.7183  42.4264  19.62  20
300.6  0  249.763  140.71  -6.70243  16.677  37
300.6  1  998.212  76.5822  42.4264  18.639  20
300.7  0  249.093  142.28  -6.70243  15.696  37
300.7  1  1002.45  78.348  -42.4264  17.658  20
300.8  0  248.423  143.751  -6.70243  14.715  37
300.8  1  998.212  80.0157  -42.4264  16.677  20
300.9  0  247.753  145.124  -6.70243  13.734  37
300.9  1  993.97  81.5853  -42.4264  15.696  20
301  0  247.082  146.4  -6.70243  12.753  37
301  1  989.727  83.0568  -42.4264  14.715  20
301.1  0  246.412  147.577  -6.70243  11.772  37
301.1  1  985.484  84.4302  -42.4264  13.734  20
301.2  0  245.742  148.656  -6.70243  10.791  37
301.2  1  981.242  85.7055  -42.4264  12.753  20
301.3  0  245.072  149.637  -6.70243  9.81  37
301.3  1  976.999  86.8827  -42.4264  11.772  20
301.4  0  244.401  150.52  -6.70243  8.829  37
301.4  1  972.756  87.9618  -42.4264  10.791  20
301.5  0  243.731  151.305  -6.70243  7.848  37
301.5  1  968.514  88.9428  -42.4264  9.81  20
301.6  0  243.061  151.991  -6.70243  6.867  37
301.6  1  964.271  89.8257  -42.4264  8.829  20
301.7  0  242.391  152.58  -6.70243  5.886  37
301.7  1  960.029  90.6105  -42.4264  7.848  20
301.8  0  241.72  153.071  -6.70243  4.905  37
301.8  1  955.786  91.2972  -42.4264  6.867  20
301.9  0  241.05  153.463  -6.70243  3.924  37
301.9  1  951.543  91.8858  -42.4264  5.886  20
302  0  240.38  153.757  -6.70243  2.943  37
302  1  947.301  92.3763  -42.4264  4.905  20
302.1  0  239.71  153.953  -6.70243  1.962  37
302.1  1  943.058  92.7687  -42.4264  3.924  20
302.2  0  239.04  154.052  -6.70243  0.981  37
302.2  1  938.815  93.063  -42.4264  2.943  20
302.3  0  238.369  154.052  -6.70243  1.11022e-15  37
302.3  1  934.573  93.2592  -42.4264  1.962  20
302.4  0  237.699  153.953  -6.70243  -0.981  37
302.4  1  930.33  93.3573  -42.4264  0.981  20
302.5  0  237.029  153.757  -6.70243  -1.962  37
302.5  1  926.087  93.3573  -42.4264  1.11022e-15  20
302.6  0  236.359  153.463  -6.70243  -2.943  37
302.6  1  921.845  93.2592  -42.4264  -0.981  20
302.7  0  235.688  153.071  -6.70243  -3.924  37
302.7  1  917.602  93.063  -42.4264  -1.962  20
302.8  0  235.018  152.58  -6.70243  -4.905  37
302.8  1  913.36  92.7687  -42.4264  -2.943  20
302.9  0  234.348  151.991  -6.70243  -5.886  37
302.9  1  909.117  92.3763  -42.4264  -3.924  20
303  0  233.678  151.305  -6.70243  -6.867  37
303  1  904.874  91.8858  -42.4264  -4.905  20
303.1  0  233.007  150.52  -6.70243  -7.848  37
303.1  1  900.632  91.2972  -42.4264  -5.886  20
303.2  0  232.337  149.637  -6.70243  -8.829  37
303.2  1  896.389  90.6105  -42.4264  -6.867  20
303.3  0  231.667  148.656  -6.70243  -9.81  37
303.3  1  892.146  89.8257  -42.4264  -7.848  20
303.4  0  230.997  147.577  -6.70243  -10.791  37
303.4  1  887.904  88.9428  -42.4264  -8.829  20
303.5  0  230.326  146.4  -6.70243  -11.772  37
303.5  1  883.661  87.9618  -42.4264  -9.81  20
303.6  0  229.656  145.124  -6.70243  -12.753  37
303.6  1  879.418  86.8827  -42.4264  -10.791  20
303.7  0  228.986  143.751  -6.70243  -13.734  37
303.7  1  875.176  85.7055  -42.4264  -11.772  20
303.8  0  228.316  142.28  -6.70243  -14.715  37
303.8  1  870.933  84.4302  -42.4264  -12.753  20
303.9  0  227.645  140.71  -6.70243  -15.696  37
303.9  1  866.69  83.0568  -42.4264  -13.734  20
304  0  226.975  139.042  -6.70243  -16.677  37
304  1  862.448  81.5853  -42.4264  -14.715  20
304.1  0  226.305  137.276  -6.70243  -17.658  37
304.1  1  858.205  80.0157  -42.4264  -15.696  20
304.2  0  225.635  135.413  -6.70243  -18.639  37
304.2  1  853.963  78.348  -42.4264  -16.677  20
304.3  0  224.964  133.451  -6.70243  -19.62  37
304.3  1  849.72  76.5822  -42.4264  -17.658  20
304.4  0  224.294  131.39  -6.70243  -20.601  37
304.4  1  845.477  74.7183  -42.4264  -18.639  20
304.5  0  223.624  129.232  -6.70243  -21.582  37
304.5  1  841.235  72.7563  -42.4264  -19.62  20
304.6  0  222.954  126.976  -6.70243  -22.563  37
304.6  1  836.992  70.6962  -42.4264  -20.601  20
304.7  0  222.283  124.622  -6.70243  -23.544  37
304.7  1  832.749  68.538  -42.4264  -21.582  20
304.8  0  221.613  122.169  -6.70243  -24.525  37
304.8  1  828.507  66.2817  -42.4264  -22.563  20
304.9  0  220.943  119.618  -6.70243  -25.506  37
304.9  1  824.264  63.9273  -42.4264  -23.544  20
305  0  220.273  116.97  -6.70243  -26.487  37
305  1  820.021  61.4748  -42.4264  -24.525  20
305.1  0  219.602  114.223  -6.70243  -27.468  37
305.1  1  815.779  58.9242  -42.4264  -25.506  20
305.2  0  218.932  111.378  -6.70243  -28.449  37
305.2  1  811.536  56.2755  -42.4264  -26.487  20
305.3  0  218.262  108.435  -6.70243  -29.43  37
305.3  1  807.294  53.5287  -42.4264  -27.468  20
305.4  0  217.592  105.394  -6.70243  -30.411  37
305.4  1  803.051  50.6838  -42.4264  -28.449  20
305.5  0  216.921  102.255  -6.70243  -31.392  37
305.5  1  798.808  47.7408  -42.4264  -29.43  20
305.6  0  216.251  99.0175  -6.70243  -32.373  37
305.6  1  794.566  44.6997  -42.4264  -30.411  20
305.7  0  215.581  95.6821  -6.70243  -33.354  37
305.7  1  790.323  41.5605  -42.4264  -31.392  20
305.8  0  214.911  92.2486  -6.70243  -34.335  37
305.8  1  786.08  38.3232  -42.4264  -32.373  20
305.9  0  214.241  88.717  -6.70243  -35.316  37
305.9  1  781.838  34.9878  -42.4264  -33.354  20
306  0  213.57  85.0873  -6.70243  -36.297  37
306  1  777.595  31.5543  -42.4264  -34.335  20
306.1  0  212.9  81.3595  -6.70243  -37.278  37
306.1  1  773.352  28.0227  -42.4264  -35.316  20
306.2  0  212.23  77.5336  -6.70243  -38.259  37
306.2  1  769.11  24.393  -42.4264  -36.297  20
306.3  0  211.56  73.6096  -6.70243  -39.24  37
306.3  1  764.867  20.6652  -42.4264  -37.278  20
306.4  0  210.889  69.5875  -6.70243  -40.221  37
306.4  1  760.624  16.8393  -42.4264  -38.259  20
306.5  0  210.219  65.4673  -6.70243  -41.202  37
306.5  1  756.382  12.9153  -42.4264  -39.24  20
306.6  0  209.549  61.249  -6.70243  -42.183  37
306.6  1  752.139  8.89318  -42.4264  -40.221  20
306.7  0  208.879  56.9326  -6.70243  -43.164  37
306.7  1  747.897  4.77298  -42.4264  -41.202  20
306.8  0  208.208  52.5181  -6.70243  -44.145  37
306.8  1  743.654  0.554675  -42.4264  -42.183  20
306.9  0  207.538  48.0055  -6.70243  -45.126  37
306.9  1  739.411  -3.76172  -42.4264  43.164  20
307  0  206.868  43.3948  -6.70243  -46.107  37
307  1  735.169  0.456575  -42.4264  42.183  20
307.1  0  206.198  38.686  -6.70243  -47.088  37
307.1  1  730.926  4.57678  -42.4264  41.202  20
307.2  0  205.527  33.8791  -6.70243  -48.069  37
307.2  1  726.683  8.59888  -42.4264  40.221  20
307.3  0  204.857  28.9741  -6.70243  -49.05  37
307.3  1  722.441  12.5229  -42.4264  39.24  20
307.4  0  204.187  23.971  -6.70243  -50.031  37
307.4  1  718.198  16.3488  -42.4264  38.259  20
307.5  0  203.517  18.8698  -6.70243  -51.012  37
307.5  1  713.955  20.0766  -42.4264  37.278  20
307.6  0  202.846  13.6705  -6.70243  -51.993  37
307.6  1  709.713  23.7063  -42.4264  36.297  20
307.7  0  202.176  8.37308  -6.70243  -52.974  37
307.7  1  705.47  27.2379  -42.4264  35.316  20
307.8  0  201.506  2.97758  -6.70243  -53.955  37
307.8  1  701.227  30.6714  -42.4264  34.335  20
307.9  0  200.836  -2.51602  -6.70243  54.936  37
307.9  1  696.985  34.0068  -42.4264  33.354  20
308  0  200.165  2.87948  -6.70243  53.955  37
308  1  692.742  37.2441  -42.4264  32.373  20
308.1  0  199.495  8.17688  -6.70243  52.974  37
308.1  1  688.5  40.3833  -42.4264  31.392  20
308.2  0  198.825  13.3762  -6.70243  51.993  37
308.2  1  684.257  43.4244  -42.4264  30.411  20
308.3  0  198.155  18.4774  -6.70243  51.012  37
308.3  1  680.014  46.3674  -42.4264  29.43  20
308.4  0  197.484  23.4805  -6.70243  50.031  37
308.4  1  675.772  49.2123  -42.4264  28.449  20
308.5  0  196.814  28.3855  -6.70243  49.05  37
308.5  1  671.529  51.9591  -42.4264  27.468  20
308.6  0  196.144  33.1924  -6.70243  48.069  37
308.6  1  667.286  54.6078  -42.4264  26.487  20
308.7  0  195.474  37.9012  -6.70243  47.088  37
308.7  1  663.044  57.1584  -42.4264  25.506  20
308.8  0  194.803  42.5119  -6.70243  46.107  37
308.8  1  658.801  59.6109  -42.4264  24.525  20
308.9  0  194.133  47.0245  -6.70243  45.126  37
308.9  1  654.558  61.9653  -42.4264  23.544  20
309  0  193.463  51.439  -6.70243  44.145  37
309  1  650.316  64.2216  -42.4264  22.563  20
309.1  0  192.793  55.7554  -6.70243  43.164  37
309.1  1  646.073  66.3798  -42.4264  21.582  20
309.2  0  192.123  59.9737  -6.70243  42.183  37
309.2  1  641.831  68.4399  -42.4264  20.601  20
309.3  0  191.452  64.0939  -6.70243  41.202  37
309.3  1  637.588  70.4019  -42.4264  19.62  20
309.4  0  190.782  68.116  -6.70243  40.221  37
309.4  1  633.345  72.2658  -42.4264  18.639  20
309.5  0  190.112  72.04  -6.70243  39.24  37
309.5  1  629.103  74.0316  -42.4264  17.658  20
309.6  0  189.442  75.8659  -6.70243  38.259  37
309.6  1  624.86  75.6993  -42.4264  16.677  20
309.7  0  188.771  79.5937  -6.70243  37.278  37
309.7  1  620.617  77.2689  -42.4264  15.696  20
309.8  0  188.101  83.2234  -6.70243  36.297  37
309.8  1  616.375  78.7404  -42.4264  14.715  20
309.9  0  187.431  86.755  -6.70243  35.316  37
309.9  1  612.132  80.1138  -42.4264  13.734  20
310  0  186.761  90.1885  -6.70243  34.335  37
310  1  607.889  81.3891  -42.4264  12.753  20
310.1  0  186.09  93.5239  -6.70243  33.354  37
310.1  1  603.647  82.5663  -42.4264  11.772  20
310.2  0  185.42  96.7612  -6.70243  32.373  37
310.2  1  599.404  83.6454  -42.4264  10.791  20
310.3  0  184.75  99.9004  -6.70243  31.392  37
310.3  1  595.161  84.6264  -42.4264  9.81  20
310.4  0  184.08  102.941  -6.70243  30.411  37
310.4  1  590.919  85.5093  -42.4264  8.829  20
310.5  0  183.409  105.884  -6.70243  29.43  37
310.5  1  586.676  86.2941  -42.4264  7.848  20
310.6  0  182.739  108.729  -6.70243  28.449  37
310.6  1  582.434  86.9808  -42.4264  6.867  20
310.7  0  182.069  111.476  -6.70243  27.468  37
310.7  1  578.191  87.5694  -42.4264  5.886  20
310.8  0  181.399  114.125  -6.70243  26.487  37
310.8  1  573.948  88.0599  -42.4264  4.905  20
310.9  0  180.728  116.675  -6.70243  25.506  37
310.9  1  569.706  88.4523  -42.4264  3.924  20
311  0  180.058  119.128  -6.70243  24.525  37
311  1  565.463  88.7466  -42.4264  2.943  20
311.1  0  179.388  121.482  -6.70243  23.544  37
311.1  1  561.22  88.9428  -42.4264  1.962  20
311.2  0  178.718  123.739  -6.70243  22.563  37
311.2  1  556.978  89.0409  -42.4264  0.981  20
311.3  0  178.047  125.897  -6.70243  21.582  37
311.3  1  552.735  89.0409  -42.4264  1.11022e-15  20
311.4  0  177.377  127.957  -6.70243  20.601  37
311.4  1  548.492  88.9428  -42.4264  -0.981  20
311.5  0  176.707  129.919  -6.70243  19.62  37
311.5  1  544.25  88.7466  -42.4264  -1.962  20
311.6  0  176.037  131.783  -6.70243  18.639  37
311.6  1  540.007  88.4523  -42.4264  -2.943  20
311.7  0  175.366  133.549  -6.70243  17.658  37
311.7  1  535.765  88.0599  -42.4264  -3.924  20
311.8  0  174.696  135.216  -6.70243  16.677  37
311.8  1  531.522  87.5694  -42.4264  -4.905  20
311.9  0  174.026  136.786  -6.70243  15.696  37
311.9  1  527.279  86.9808  -42.4264  -5.886  20
312  0  173.356  138.257  -6.70243  14.715  37
312  1  523.037  86.2941  -42.4264  -6.867  20
312.1  0  172.685  139.631  -6.70243  13.734  37
312.1  1  518.794  85.5093  -42.4264  -7.848  20
312.2  0  172.015  140.906  -6.70243  12.753  37
312.2  1  514.551  84.6264  -42.4264  -8.829  20
312.3  0  171.345  142.083  -6.70243  11.772  37
312.3  1  510.309  83.6454  -42.4264  -9.81  20
312.4  0  170.675  143.162  -6.70243  10.791  37
312.4  1  506.066  82.5663  -42.4264  -10.791  20
312.5  0  170.005  144.143  -6.70243  9.81  37
312.5  1  501.823  81.3891  -42.4264  -11.772  20
312.6  0  169.334  145.026  -6.70243  8.829  37
312.6  1  497.581  80.1138  -42.4264  -12.753  20
312.7  0  168.664  145.811  -6.70243  7.848  37
312.7  1  493.338  78.7404  -42.4264  -13.734  20
312.8  0  167.994  146.498  -6.70243  6.867  37
312.8  1  489.095  77.2689  -42.4264  -14.715  20
312.9  0  167.324  147.086  -6.70243  5.886  37
312.9  1  484.853  75.6993  -42.4264  -15.696  20
313  0  166.653  147.577  -6.70243  4.905  37
313  1  480.61  74.0316  -42.4264  -16.677  20
313.1  0  165.983  147.969  -6.70243  3.924  37
313.1  1  476.368  72.2658  -42.4264  -17.658  20
313.2  0  165.313  148.264  -6.70243  2.943  37
313.2  1  472.125  70.4019  -42.4264  -18.639  20
313.3  0  164.643  148.46  -6.70243  1.962  37
313.3  1  467.882  68.4399  -42.4264  -19.62  20
313.4  0  163.972  148.558  -6.70243  0.981  37
313.4  1  463.64  66.3798  -42.4264  -20.601  20
313.5  0  163.302  148.558  -6.70243  1.11022e-15  37
313.5  1  459.397  64.2216  -42.4264  -21.582  20
313.6  0  162.632  148.46  -6.70243  -0.981  37
313.6  1  455.154  61.9653  -42.4264  -22.563  20
313.7  0  161.962  148.264  -6.70243  -1.962  37
313.7  1  450.912  59.6109  -42.4264  -23.544  20
313.8  0  161.291  147.969  -6.70243  -2.943  37
313.8  1  446.669  57.1584  -42.4264  -24.525  20
313.9  0  160.621  147.577  -6.70243  -3.924  37
313.9  1  442.426  54.6078  -42.4264  -25.506  20
314  0  159.951  147.086  -6.70243  -4.905  37
314  1  438.184  51.9591  -42.4264  -26.487  20
314.1  0  159.281  146.498  -6.70243  -5.886  37
314.1  1  433.941  49.2123  -42.4264  -27.468  20
314.2  0  158.61  145.811  -6.70243  -6.867  37
314.2  1  429.698  46.3674  -42.4264  -28.449  20
314.3  0  157.94  145.026  -6.70243  -7.848  37
314.3  1  425.456  43.4244  -42.4264  -29.43  20
314.4  0  157.27  144.143  -6.70243  -8.829  37
314.4  1  421.213  40.3833  -42.4264  -30.411  20
314.5  0  156.6  143.162  -6.70243  -9.81  37
314.5  1  416.971  37.2441  -42.4264  -31.392  20
314.6  0  155.929  142.083  -6.70243  -10.791  37
314.6  1  412.728  34.0068  -42.4264  -32.373  20
314.7  0  155.259  140.906  -6.70243  -11.772  37
314.7  1  408.485  30.6714  -42.4264  -33.354  20
314.8  0  154.589  139.631  -6.70243  -12.753  37
314.8  1  404.243  27.2379  -42.4264  -34.335  20
314.9  0  153.919  138.257  -6.70243  -13.734  37
314.9  1  400  23.7063  -42.4264  -35.316  20
315  0  153.248  136.786  -6.70243  -14.715  37
315  1  395.757  20.0766  -42.4264  -36.297  20
315.1  0  152.578  135.216  -6.70243  -15.696  37
315.1  1  391.515  16.3488  -42.4264  -37.278  20
315.2  0  151.908  133.549  -6.70243  -16.677  37
315.2  1  387.272  12.5229  -42.4264  -38.259  20
315.3  0  151.238  131.783  -6.70243  -17.658  37
315.3  1  383.029  8.59888  -42.4264  -39.24  20
315.4  0  150.567  129.919  -6.70243  -18.639  37
315.4  1  378.787  4.57678  -42.4264  -40.221  20
315.5  0  149.897  127.957  -6.70243  -19.62  37
315.5  1  374.544  0.456575  -42.4264  -41.202  20
315.6  0  149.227  125.897  -6.70243  -20.601  37
315.6  1  370.302  -3.76172  -42.4264  42.183  20
315.7  0  148.557  123.739  -6.70243  -21.582  37
315.7  1  366.059  0.358475  -42.4264  41.202  20
315.8  0  147.887  121.482  -6.70243  -22.563  37
315.8  1  361.816  4.38058  -42.4264  40.221  20
315.9  0  147.216  119.128  -6.70243  -23.544  37
315.9  1  357.574  8.30458  -42.4264  39.24  20
316  0  146.546  116.675  -6.70243  -24.525  37
316  1  353.331  12.1305  -42.4264  38.259  20
316.1  0  145.876  114.125  -6.70243  -25.506  37
316.1  1  349.088  15.8583  -42.4264  37.278  20
316.2  0  145.206  111.476  -6.70243  -26.487  37
316.2  1  344.846  19.488  -42.4264  36.297  20
316.3  0  144.535  108.729  -6.70243  -27.468  37
316.3  1  340.603  23.0196  -42.4264  35.316  20
316.4  0  143.865  105.884  -6.70243  -28.449  37
316.4  1  336.36  26.4531  -42.4264  34.335  20
316.5  0  143.195  102.941  -6.70243  -29.43  37
316.5  1  332.118  29.7885  -42.4264  33.354  20
316.6  0  142.525  99.9004  -6.70243  -30.411  37
316.6  1  327.875  33.0258  -42.4264  32.373  20
316.7  0  141.854  96.7612  -6.70243  -31.392  37
316.7  1  323.632  36.165  -42.4264  31.392  20
316.8  0  141.184  93.5239  -6.70243  -32.373  37
316.8  1  319.39  39.2061  -42.4264  30.411  20
316.9  0  140.514  90.1885  -6.70243  -33.354  37
316.9  1  315.147  42.1491  -42.4264  29.43  20
317  0  139.844  86.755  -6.70243  -34.335  37
317  1  310.905  44.994  -42.4264  28.449  20
317.1  0  139.173  83.2234  -6.70243  -35.316  37
317.1  1  306.662  47.7408  -42.4264  27.468  20
317.2  0  138.503  79.5937  -6.70243  -36.297  37
317.2  1  302.419  50.3895  -42.4264  26.487  20
317.3  0  137.833  75.8659  -6.70243  -37.278  37
317.3  1  298.177  52.9401  -42.4264  25.506  20
317.4  0  137.163  72.04  -6.70243  -38.259  37
317.4  1  293.934  55.3926  -42.4264  24.525  20
317.5  0  136.492  68.116  -6.70243  -39.24  37
317.5  1  289.691  57.747  -42.4264  23.544  20
317.6  0  135.822  64.0939  -6.70243  -40.221  37
317.6  1  285.449  60.0033  -42.4264  22.563  20
317.7  0  135.152  59.9737  -6.70243  -41.202  37
317.7  1  281.206  62.1615  -42.4264  21.582  20
317.8  0  134.482  55.7554  -6.70243  -42.183  37
317.8  1  276.963  64.2216  -42.4264  20.601  20
317.9  0  133.811  51.439  -6.70243  -43.164  37
317.9  1  272.721  66.1836  -42.4264  19.62  20
318  0  133.141  47.0245  -6.70243  -44.145  37
318  1  268.478  68.0475  -42.4264  18.639  20
318.1  0  132.471  42.5119  -6.70243  -45.126  37
318.1  1  264.235  69.8133  -42.4264  17.658  20
318.2  0  131.801  37.9012  -6.70243  -46.107  37
318.2  1  259.993  71.481  -42.4264  16.677  20
318.3  0  131.13  33.1924  -6.70243  -47.088  37
318.3  1  255.75  73.0506  -42.4264  15.696  20
318.4  0  130.46  28.3855  -6.70243  -48.069  37
318.4  1  251.508  74.5221  -42.4264  14.715  20
318.5  0  129.79  23.4805  -6.70243  -49.05  37
318.5  1  247.265  75.8955  -42.4264  13.734  20
318.6  0  129.12  18.4774  -6.70243  -50.031  37
318.6  1  243.022  77.1708  -42.4264  12.753  20
318.7  0  128.449  13.3762  -6.70243  -51.012  37
318.7  1  238.78  78.348  -42.4264  11.772  20
318.8  0  127.779  8.17688  -6.70243  -51.993  37
318.8  1  234.537  79.4271  -42.4264  10.791  20
318.9  0  127.109  2.87948  -6.70243  -52.974  37
318.9  1  230.294  80.4081  -42.4264  9.81  20
319  0  126.439  -2.51602  -6.70243  53.955  37
319  1  226.052  81.291  -42.4264  8.829  20
319.1  0  125.769  2.78138  -6.70243  52.974  37
319.1  1  221.809  82.0758  -42.4264  7.848  20
319.2  0  125.098  7.98068  -6.70243  51.993  37
319.2  1  217.566  82.7625  -42.4264  6.867  20
319.3  0  124.428  13.0819  -6.70243  51.012  37
319.3  1  213.324  83.3511  -42.4264  5.886  20
319.4  0  123.758  18.085  -6.70243  50.031  37
319.4  1  209.081  83.8416  -42.4264  4.905  20
319.5  0  123.088  22.99  -6.70243  49.05  37
319.5  1  204.839  84.234  -42.4264  3.924  20
319.6  0  122.417  27.7969  -6.70243  48.069  37
319.6  1  200.596  84.5283  -42.4264  2.943  20
319.7  0  121.747  32.5057  -6.70243  47.088  37
319.7  1  196.353  84.7245  -42.4264  1.962  20
319.8  0  121.077  37.1164  -6.70243  46.107  37
319.8  1  192.111  84.8226  -42.4264  0.981  20
319.9  0  120.407  41.629  -6.70243  45.126  37
319.9  1  187.868  84.8226  -42.4264  1.11022e-15  20
320  0  119.736  46.0435  -6.70243  44.145  37
320  1  183.625  84.7245  -42.4264  -0.981  20
320.1  0  119.066  50.3599  -6.70243  43.164  37
320.1  1  179.383  84.5283  -42.4264  -1.962  20
320.2  0  118.396  54.5782  -6.70243  42.183  37
320.2  1  175.14  84.234  -42.4264  -2.943  20
320.3  0  117.726  58.6984  -6.70243  41.202  37
320.3  1  170.897  83.8416  -42.4264  -3.924  20
320.4  0  117.055  62.7205  -6.70243  40.221  37
320.4  1  166.655  83.3511  -42.4264  -4.905  20
320.5  0  116.385  66.6445  -6.70243  39.24  37
320.5  1  162.412  82.7625  -42.4264  -5.886  20
320.6  0  115.715  70.4704  -6.70243  38.259  37
320.6  1  158.169  82.0758  -42.4264  -6.867  20
320.7  0  115.045  74.1982  -6.70243  37.278  37
320.7  1  153.927  81.291  -42.4264  -7.848  20
320.8  0  114.374  77.8279  -6.70243  36.297  37
320.8  1  149.684  80.4081  -42.4264  -8.829  20
320.9  0  113.704  81.3595  -6.70243  35.316  37
320.9  1  145.442  79.4271  -42.4264  -9.81  20
321  0  113.034  84.793  -6.70243  34.335  37
321  1  141.199  78.348  -42.4264  -10.791  20
321.1  0  112.364  88.1284  -6.70243  33.354  37
321.1  1  136.956  77.1708  -42.4264  -11.772  20
321.2  0  111.693  91.3657  -6.70243  32.373  37
321.2  1  132.714  75.8955  -42.4264  -12.753  20
321.3  0  111.023  94.5049  -6.70243  31.392  37
321.3  1  128.471  74.5221  -42.4264  -13.734  20
321.4  0  110.353  97.546  -6.70243  30.411  37
321.4  1  124.228  73.0506  -42.4264  -14.715  20
321.5  0  109.683  100.489  -6.70243  29.43  37
321.5  1  119.986  71.481  -42.4264  -15.696  20
321.6  0  109.012  103.334  -6.70243  28.449  37
321.6  1  115.743  69.8133  -42.4264  -16.677  20
321.7  0  108.342  106.081  -6.70243  27.468  37
321.7  1  111.5  68.0475  -42.4264  -17.658  20
321.8  0  107.672  108.729  -6.70243  26.487  37
321.8  1  107.258  66.1836  -42.4264  -18.639  20
321.9  0  107.002  111.28  -6.70243  25.506  37
321.9  1  103.015  64.2216  -42.4264  -19.62  20
322  0  106.331  113.732  -6.70243  24.525  37
322  1  98.7725  62.1615  -42.4264  -20.601  20
322.1  0  105.661  116.087  -6.70243  23.544  37
322.1  1  94.5299  60.0033  -42.4264  -21.582  20
322.2  0  104.991  118.343  -6.70243  22.563  37
322.2  1  90.2872  57.747  -42.4264  -22.563  20
322.3  0  104.321  120.501  -6.70243  21.582  37
322.3  1  86.0446  55.3926  -42.4264  -23.544  20
322.4  0  103.651  122.561  -6.70243  20.601  37
322.4  1  81.8019  52.9401  -42.4264  -24.525  20
322.5  0  102.98  124.523  -6.70243  19.62  37
322.5  1  77.5593  50.3895  -42.4264  -25.506  20
322.6  0  102.31  126.387  -6.70243  18.639  37
322.6  1  73.3167  47.7408  -42.4264  -26.487  20
322.7  0  101.64  128.153  -6.70243  17.658  37
322.7  1  69.074  44.994  -42.4264  -27.468  20
322.8  0  100.97  129.821  -6.70243  16.677  37
322.8  1  64.8314  42.1491  -42.4264  -28.449  20
322.9  0  100.299  131.39  -6.70243  15.696  37
322.9  1  60.5887  39.2061  -42.4264  -29.43  20
323  0  99.629  132.862  -6.70243  14.715  37
323  1  56.3461  36.165  -42.4264  -30.411  20
323.1  0  98.9588  134.235  -6.70243  13.734  37
323.1  1  52.1035  33.0258  -42.4264  -31.392  20
323.2  0  98.2886  135.511  -6.70243  12.753  37
323.2  1  47.8608  29.7885  -42.4264  -32.373  20
323.3  0  97.6183  136.688  -6.70243  11.772  37
323.3  1  43.6182  26.4531  -42.4264  -33.354  20
323.4  0  96.9481  137.767  -6.70243  10.791  37
323.4  1  39.3755  23.0196  -42.4264  -34.335  20
323.5  0  96.2778  138.748  -6.70243  9.81  37
323.5  1  35.1329  19.488  -42.4264  -35.316  20
323.6  0  95.6076  139.631  -6.70243  8.829  37
323.6  1  30.8903  15.8583  -42.4264  -36.297  20
323.7  0  94.9373  140.416  -6.70243  7.848  37
323.7  1  26.6476  12.1305  -42.4264  -37.278  20
323.8  0  94.2671  141.102  -6.70243  6.867  37
323.8  1  22.405  8.30458  -42.4264  -38.259  20
323.9  0  93.5969  141.691  -6.70243  5.886  37
323.9  1  18.1623  4.38058  -42.4264  -39.24  20
324  0  92.9266  142.181  -6.70243  4.905  37
324  1  13.9197  0.358475  -42.4264  -40.221  20
324.1  0  92.2564  142.574  -6.70243  3.924  37
324.1  1  9.67706  -3.76172  -42.4264  41.202  20
324.2  0  91.5861  142.868  -6.70243  2.943  37
324.2  1  5.43442  0.260375  -42.4264  40.221  20
324.3  0  90.9159  143.064  -6.70243  1.962  37
324.3  1  1.19178  4.18438  -42.4264  39.24  20
324.4  0  90.2457  143.162  -6.70243  0.981  37
324.4  1  -3.05087  8.01028  42.4264  38.259  20
324.5  0  89.5754  143.162  -6.70243  1.11022e-15  37
324.5  1  1.19178  11.7381  42.4264  37.278  20
324.6  0  88.9052  143.064  -6.70243  -0.981  37
324.6  1  5.43442  15.3678  42.4264  36.297  20
324.7  0  88.2349  142.868  -6.70243  -1.962  37
324.7  1  9.67706  18.8994  42.4264  35.316  20
324.8  0  87.5647  142.574  -6.70243  -2.943  37
324.8  1  13.9197  22.3329  42.4264  34.335  20
324.9  0  86.8944  142.181  -6.70243  -3.924  37
324.9  1  18.1623  25.6683  42.4264  33.354  20
325  0  86.2242  141.691  -6.70243  -4.905  37
325  1  22.405  28.9056  42.4264  32.373  20
325.1  0  85.554  141.102  -6.70243  -5.886  37
325.1  1  26.6476  32.0448  42.4264  31.392  20
325.2  0  84.8837  140.416  -6.70243  -6.867  37
325.2  1  30.8903  35.0859  42.4264  30.411  20
325.3  0  84.2135  139.631  -6.70243  -7.848  37
325.3  1  35.1329  38.0289  42.4264  29.43  20
325.4  0  83.5432  138.748  -6.70243  -8.829  37
325.4  1  39.3755  40.8738  42.4264  28.449  20
325.5  0  82.873  137.767  -6.70243  -9.81  37
325.5  1  43.6182  43.6206  42.4264  27.468  20
325.6  0  82.2027  136.688  -6.70243  -10.791  37
325.6  1  47.8608  46.2693  42.4264  26.487  20
325.7  0  81.5325  135.511  -6.70243  -11.772  37
325.7  1  52.1035  48.8199  42.4264  25.506  20
325.8  0  80.8623  134.235  -6.70243  -12.753  37
325.8  1  56.3461  51.2724  42.4264  24.525  20
325.9  0  80.192  132.862  -6.70243  -13.734  37
325.9  1  60.5887  53.6268  42.4264  23.544  20
326  0  79.5218  131.39  -6.70243  -14.715  37
326  1  64.8314  55.8831  42.4264  22.563  20
326.1  0  78.8515  129.821  -6.70243  -15.696  37
326.1  1  69.074  58.0413  42.4264  21.582  20
326.2  0  78.1813  128.153  -6.70243  -16.677  37
326.2  1  73.3167  60.1014  42.4264  20.601  20
326.3  0  77.511  126.387  -6.70243  -17.658  37
326.3  1  77.5593  62.0634  42.4264  19.62  20
326.4  0  76.8408  124.523  -6.70243  -18.639  37
326.4  1  81.8019  63.9273  42.4264  18.639  20
326.5  0  76.1706  122.561  -6.70243  -19.62  37
326.5  1  86.0446  65.6931  42.4264  17.658  20
326.6  0  75.5003  120.501  -6.70243  -20.601  37
326.6  1  90.2872  67.3608  42.4264  16.677  20
326.7  0  74.8301  118.343  -6.70243  -21.582  37
326.7  1  94.5299  68.9304  42.4264  15.696  20
326.8  0  74.1598  116.087  -6.70243  -22.563  37
326.8  1  98.7725  70.4019  42.4264  14.715  20
326.9  0  73.4896  113.732  -6.70243  -23.544  37
326.9  1  103.015  71.7753  42.4264  13.734  20
327  0  72.8193  111.28  -6.70243  -24.525  37
327  1  107.258  73.0506  42.4264  12.753  20
327.1  0  72.1491  108.729  -6.70243  -25.506  37
327.1  1  111.5  74.2278  42.4264  11.772  20
327.2  0  71.4789  106.081  -6.70243  -26.487  37
327.2  1  115.743  75.3069  42.4264  10.791  20
327.3  0  70.8086  103.334  -6.70243  -27.468  37
327.3  1  119.986  76.2879  42.4264  9.81  20
327.4  0  70.1384  100.489  -6.70243  -28.449  37
327.4  1  124.228  77.1708  42.4264  8.829  20
327.5  0  69.4681  97.546  -6.70243  -29.43  37
327.5  1  128.471  77.9556  42.4264  7.848  20
327.6  0  68.7979  94.5049  -6.70243  -30.411  37
327.6  1  132.714  78.6423  42.4264  6.867  20
327.7  0  68.1276  91.3657  -6.70243  -31.392  37
327.7  1  136.956  79.2309  42.4264  5.886  20
327.8  0  67.4574  88.1284  -6.70243  -32.373  37
327.8  1  141.199  79.7214  42.4264  4.905  20
327.9  0  66.7872  84.793  -6.70243  -33.354  37
327.9  1  145.442  80.1138  42.4264  3.924  20
328  0  66.1169  81.3595  -6.70243  -34.335  37
328  1  149.684  80.4081  42.4264  2.943  20
328.1  0  65.4467  77.8279  -6.70243  -35.316  37
328.1  1  153.927  80.6043  42.4264  1.962  20
328.2  0  64.7764  74.1982  -6.70243  -36.297  37
328.2  1  158.169  80.7024  42.4264  0.981  20
328.3  0  64.1062  70.4704  -6.70243  -37.278  37
328.3  1  162.412  80.7024  42.4264  1.11022e-15  20
328.4  0  63.4359  66.6445  -6.70243  -38.259  37
328.4  1  166.655  80.6043  42.4264  -0.981  20
328.5  0  62.7657  62.7205  -6.70243  -39.24  37
328.5  1  170.897  80.4081  42.4264  -1.962  20
328.6  0  62.0955  58.6984  -6.70243  -40.221  37
328.6  1  175.14  80.1138  42.4264  -2.943  20
328.7  0  61.4252  54.5782  -6.70243  -41.202  37
328.7  1  179.383  79.7214  42.4264  -3.924  20
328.8  0  60.755  50.3599  -6.70243  -42.183  37
328.8  1  183.625  79.2309  42.4264  -4.905  20
328.9  0  60.0847  46.0435  -6.70243  -43.164  37
328.9  1  187.868  78.6423  42.4264  -5.886  20
329  0  59.4145  41.629  -6.70243  -44.145  37
329  1  192.111  77.9556  42.4264  -6.867  20
329.1  0  58.7442  37.1164  -6.70243  -45.126  37
329.1  1  196.353  77.1708  42.4264  -7.848  20
329.2  0  58.074  32.5057  -6.70243  -46.107  37
329.2  1  200.596  76.2879  42.4264  -8.829  20
329.3  0  57.4038  27.7969  -6.70243  -47.088  37
329.3  1  204.839  75.3069  42.4264  -9.81  20
329.4  0  56.7335  22.99  -6.70243  -48.069  37
329.4  1  209.081  74.2278  42.4264  -10.791  20
329.5  0  56.0633  18.085  -6.70243  -49.05  37
329.5  1  213.324  73.0506  42.4264  -11.772  20
329.6  0  55.393  13.0819  -6.70243  -50.031  37
329.6  1  217.566  71.7753  42.4264  -12.753  20
329.7  0  54.7228  7.98068  -6.70243  -51.012  37
329.7  1  221.809  70.4019  42.4264  -13.734  20
329.8  0  54.0526  2.78138  -6.70243  -51.993  37
329.8  1  226.052  68.9304  42.4264  -14.715  20
329.9  0  53.3823  -2.51602  -6.70243  52.974  37
329.9  1  230.294  67.3608  42.4264  -15.696  20
330  0  52.7121  2.68328  -6.70243  51.993  37
330  1  234.537  65.6931  42.4264  -16.677  20
330.1  0  52.0418  7.78448  -6.70243  51.012  37
330.1  1  238.78  63.9273  42.4264  -17.658  20
330.2  0  51.3716  12.7876  -6.70243  50.031  37
330.2  1  243.022  62.0634  42.4264  -18.639  20
330.3  0  50.7013  17.6926  -6.70243  49.05  37
330.3  1  247.265  60.1014  42.4264  -19.62  20
330.4  0  50.0311  22.4995  -6.70243  48.069  37
330.4  1  251.508  58.0413  42.4264  -20.601  20
330.5  0  49.3609  27.2083  -6.70243  47.088  37
330.5  1  255.75  55.8831  42.4264  -21.582  20
330.6  0  48.6906  31.819  -6.70243  46.107  37
330.6  1  259.993  53.6268  42.4264  -22.563  20
330.7  0  48.0204  36.3316  -6.70243  45.126  37
330.7  1  264.235  51.2724  42.4264  -23.544  20
330.8  0  47.3501  40.7461  -6.70243  44.145  37
330.8  1  268.478  48.8199  42.4264  -24.525  20
330.9  0  46.6799  45.0625  -6.70243  43.164  37
330.9  1  272.721  46.2693  42.4264  -25.506  20
331  0  46.0096  49.2808  -6.70243  42.183  37
331  1  276.963  43.6206  42.4264  -26.487  20
331.1  0  45.3394  53.401  -6.70243  41.202  37
331.1  1  281.206  40.8738  42.4264  -27.468  20
331.2  0  44.6692  57.4231  -6.70243  40.221  37
331.2  1  285.449  38.0289  42.4264  -28.449  20
331.3  0  43.9989  61.3471  -6.70243  39.24  37
331.3  1  289.691  35.0859  42.4264  -29.43  20
331.4  0  43.3287  65.173  -6.70243  38.259  37
331.4  1  293.934  32.0448  42.4264  -30.411  20
331.5  0  42.6584  68.9008  -6.70243  37.278  37
331.5  1  298.177  28.9056  42.4264  -31.392  20
331.6  0  41.9882  72.5305  -6.70243  36.297  37
331.6  1  302.419  25.6683  42.4264  -32.373  20
331.7  0  41.3179  76.0621  -6.70243  35.316  37
331.7  1  306.662  22.3329  42.4264  -33.354  20
331.8  0  40.6477  79.4956  -6.70243  34.335  37
331.8  1  310.905  18.8994  42.4264  -34.335  20
331.9  0  39.9775  82.831  -6.70243  33.354  37
331.9  1  315.147  15.3678  42.4264  -35.316  20
332  0  39.3072  86.0683  -6.70243  32.373  37
332  1  319.39  11.7381  42.4264  -36.297  20
332.1  0  38.637  89.2075  -6.70243  31.392  37
332.1  1  323.632  8.01028  42.4264  -37.278  20
332.2  0  37.9667  92.2486  -6.70243  30.411  37
332.2  1  327.875  4.18438  42.4264  -38.259  20
332.3  0  37.2965  95.1916  -6.70243  29.43  37
332.3  1  332.118  0.260375  42.4264  -39.24  20
332.4  0  36.6262  98.0365  -6.70243  28.449  37
332.4  1  336.36  -3.76172  42.4264  40.221  20
332.5  0  35.956  100.783  -6.70243  27.468  37
332.5  1  340.603  0.162275  42.4264  39.24  20
332.6  0  35.2858  103.432  -6.70243  26.487  37
332.6  1  344.846  3.98818  42.4264  38.259  20
332.7  0  34.6155  105.983  -6.70243  25.506  37
332.7  1  349.088  7.71598  42.4264  37.278  20
332.8  0  33.9453  108.435  -6.70243  24.525  37
332.8  1  353.331  11.3457  42.4264  36.297  20
332.9  0  33.275  110.789  -6.70243  23.544  37
332.9  1  357.574  14.8773  42.4264  35.316  20
333  0  32.6048  113.046  -6.70243  22.563  37
333  1  361.816  18.3108  42.4264  34.335  20
333.1  0  31.9345  115.204  -6.70243  21.582  37
333.1  1  366.059  21.6462  42.4264  33.354  20
333.2  0  31.2643  117.264  -6.70243  20.601  37
333.2  1  370.302  24.8835  42.4264  32.373  20
333.3  0  30.5941  119.226  -6.70243  19.62  37
333.3  1  374.544  28.0227  42.4264  31.392  20
333.4  0  29.9238  121.09  -6.70243  18.639  37
333.4  1  378.787  31.0638  42.4264  30.411  20
333.5  0  29.2536  122.856  -6.70243  17.658  37
333.5  1  383.029  34.0068  42.4264  29.43  20
333.6  0  28.5833  124.523  -6.70243  16.677  37
333.6  1  387.272  36.8517  42.4264  28.449  20
333.7  0  27.9131  126.093  -6.70243  15.696  37
333.7  1  391.515  39.5985  42.4264  27.468  20
333.8  0  27.2428  127.565  -6.70243  14.715  37
333.8  1  395.757  42.2472  42.4264  26.487  20
333.9  0  26.5726  128.938  -6.70243  13.734  37
333.9  1  400  44.7978  42.4264  25.506  20
334  0  25.9024  130.213  -6.70243  12.753  37
334  1  404.243  47.2503  42.4264  24.525  20
334.1  0  25.2321  131.39  -6.70243  11.772  37
334.1  1  408.485  49.6047  42.4264  23.544  20
334.2  0  24.5619  132.47  -6.70243  10.791  37
334.2  1  412.728  51.861  42.4264  22.563  20
334.3  0  23.8916  133.451  -6.70243  9.81  37
334.3  1  416.971  54.0192  42.4264  21.582  20
334.4  0  23.2214  134.333  -6.70243  8.829  37
334.4  1  421.213  56.0793  42.4264  20.601  20
334.5  0  22.5512  135.118  -6.70243  7.848  37
334.5  1  425.456  58.0413  42.4264  19.62  20
334.6  0  21.8809  135.805  -6.70243  6.867  37
334.6  1  429.698  59.9052  42.4264  18.639  20
334.7  0  21.2107  136.394  -6.70243  5.886  37
334.7  1  433.941  61.671  42.4264  17.658  20
334.8  0  20.5404  136.884  -6.70243  4.905  37
334.8  1  438.184  63.3387  42.4264  16.677  20
334.9  0  19.8702  137.276  -6.70243  3.924  37
334.9  1  442.426  64.9083  42.4264  15.696  20
335  0  19.1999  137.571  -6.70243  2.943  37
335  1  446.669  66.3798  42.4264  14.715  20
335.1  0  18.5297  137.767  -6.70243  1.962  37
335.1  1  450.912  67.7532  42.4264  13.734  20
335.2  0  17.8595  137.865  -6.70243  0.981  37
335.2  1  455.154  69.0285  42.4264  12.753  20
335.3  0  17.1892  137.865  -6.70243  1.11022e-15  37
335.3  1  459.397  70.2057  42.4264  11.772  20
335.4  0  16.519  137.767  -6.70243  -0.981  37
335.4  1  463.64  71.2848  42.4264  10.791  20
335.5  0  15.8487  137.571  -6.70243  -1.962  37
335.5  1  467.882  72.2658  42.4264  9.81  20
335.6  0  15.1785  137.276  -6.70243  -2.943  37
335.6  1  472.125  73.1487  42.4264  8.829  20
335.7  0  14.5082  136.884  -6.70243  -3.924  37
335.7  1  476.368  73.9335  42.4264  7.848  20
335.8  0  13.838  136.394  -6.70243  -4.905  37
335.8  1  480.61  74.6202  42.4264  6.867  20
335.9  0  13.1678  135.805  -6.70243  -5.886  37
335.9  1  484.853  75.2088  42.4264  5.886  20
336  0  12.4975  135.118  -6.70243  -6.867  37
336  1  489.095  75.6993  42.4264  4.905  20
336.1  0  11.8273  134.333  -6.70243  -7.848  37
336.1  1  493.338  76.0917  42.4264  3.924  20
336.2  0  11.157  133.451  -6.70243  -8.829  37
336.2  1  497.581  76.386  42.4264  2.943  20
336.3  0  10.4868  132.47  -6.70243  -9.81  37
336.3  1  501.823  76.5822  42.4264  1.962  20
336.4  0  9.81654  131.39  -6.70243  -10.791  37
336.4  1  506.066  76.6803  42.4264  0.981  20
336.5  0  9.1463  130.213  -6.70243  -11.772  37
336.5  1  510.309  76.6803  42.4264  1.11022e-15  20
336.6  0  8.47606  128.938  -6.70243  -12.753  37
336.6  1  514.551  76.5822  42.4264  -0.981  20
336.7  0  7.80581  127.565  -6.70243  -13.734  37
336.7  1  518.794  76.386  42.4264  -1.962  20
336.8  0  7.13557  126.093  -6.70243  -14.715  37
336.8  1  523.037  76.0917  42.4264  -2.943  20
336.9  0  6.46533  124.523  -6.70243  -15.696  37
336.9  1  527.279  75.6993  42.4264  -3.924  20
337  0  5.79509  122.856  -6.70243  -16.677  37
337  1  531.522  75.2088  42.4264  -4.905  20
337.1  0  5.12484  121.09  -6.70243  -17.658  37
337.1  1  535.765  74.6202  42.4264  -5.886  20
337.2  0  4.4546  119.226  -6.70243  -18.639  37
337.2  1  540.007  73.9335  42.4264  -6.867  20
337.3  0  3.78436  117.264  -6.70243  -19.62  37
337.3  1  544.25  73.1487  42.4264  -7.848  20
337.4  0  3.11412  115.204  -6.70243  -20.601  37
337.4  1  548.492  72.2658  42.4264  -8.829  20
337.5  0  2.44387  113.046  -6.70243  -21.582  37
337.5  1  552.735  71.2848  42.4264  -9.81  20
337.6  0  1.77363  110.789  -6.70243  -22.563  37
337.6  1  556.978  70.2057  42.4264  -10.791  20
337.7  0  1.10339  108.435  -6.70243  -23.544  37
337.7  1  561.22  69.0285  42.4264  -11.772  20
337.8  0  0.433145  105.983  -6.70243  -24.525  37
337.8  1  565.463  67.7532  42.4264  -12.753  20
337.9  0  -0.237098  103.432  6.70243  -25.506  37
337.9  1  569.706  66.3798  42.4264  -13.734  20
338  0  0.433145  100.783  6.70243  -26.487  37
338  1  573.948  64.9083  42.4264  -14.715  20
338.1  0  1.10339  98.0365  6.70243  -27.468  37
338.1  1  578.191  63.3387  42.4264  -15.696  20
338.2  0  1.77363  95.1916  6.70243  -28.449  37
338.2  1  582.434  61.671  42.4264  -16.677  20
338.3  0  2.44387  92.2486  6.70243  -29.43  37
338.3  1  586.676  59.9052  42.4264  -17.658  20
338.4  0  3.11412  89.2075  6.70243  -30.411  37
338.4  1  590.919  58.0413  42.4264  -18.639  20
338.5  0  3.78436  86.0683  6.70243  -31.392  37
338.5  1  595.161  56.0793  42.4264  -19.62  20
338.6  0  4.4546  82.831  6.70243  -32.373  37
338.6  1  599.404  54.0192  42.4264  -20.601  20
338.7  0  5.12484  79.4956  6.70243  -33.354  37
338.7  1  603.647  51.861  42.4264  -21.582  20
338.8  0  5.79509  76.0621  6.70243  -34.335  37
338.8  1  607.889  49.6047  42.4264  -22.563  20
338.9  0  6.46533  72.5305  6.70243  -35.316  37
338.9  1  612.132  47.2503  42.4264  -23.544  20
339  0  7.13557  68.9008  6.70243  -36.297  37
339  1  616.375  44.7978  42.4264  -24.525  20
339.1  0  7.80581  65.173  6.70243  -37.278  37
339.1  1  620.617  42.2472  42.4264  -25.506  20
339.2  0  8.47606  61.3471  6.70243  -38.259  37
339.2  1  624.86  39.5985  42.4264  -26.487  20
339.3  0  9.1463  57.4231  6.70243  -39.24  37
339.3  1  629.103  36.8517  42.4264  -27.468  20
339.4  0  9.81654  53.401  6.70243  -40.221  37
339.4  1  633.345  34.0068  42.4264  -28.449  20
339.5  0  10.4868  49.2808  6.70243  -41.202  37
339.5  1  637.588  31.0638  42.4264  -29.43  20
339.6  0  11.157  45.0625  6.70243  -42.183  37
339.6  1  641.831  28.0227  42.4264  -30.411  20
339.7  0  11.8273  40.7461  6.70243  -43.164  37
339.7  1  646.073  24.8835  42.4264  -31.392  20
339.8  0  12.4975  36.3316  6.70243  -44.145  37
339.8  1  650.316  21.6462  42.4264  -32.373  20
339.9  0  13.1678  31.819  6.70243  -45.126  37
339.9  1  654.558  18.3108  42.4264  -33.354  20
340  0  13.838  27.2083  6.70243  -46.107  37
340  1  658.801  14.8773  42.4264  -34.335  20
340.1  0  14.5082  22.4995  6.70243  -47.088  37
340.1  1  663.044  11.3457  42.4264  -35.316  20
340.2  0  15.1785  17.6926  6.70243  -48.069  37
340.2  1  667.286  7.71598  42.4264  -36.297  20
340.3  0  15.8487  12.7876  6.70243  -49.05  37
340.3  1  671.529  3.98818  42.4264  -37.278  20
340.4  0  16.519  7.78448  6.70243  -50.031  37
340.4  1  675.772  0.162275  42.4264  -38.259  20
340.5  0  17.1892  2.68328  6.70243  -51.012  37
340.5  1  680.014  -3.76172  42.4264  39.24  20
340.6  0  17.8595  -2.51602  6.70243  51.993  37
340.6  1  684.257  0.0641751  42.4264  38.259  20
340.7  0  18.5297  2.58518  6.70243  51.012  37
340.7  1  688.5  3.79198  42.4264  37.278  20
340.8  0  19.1999  7.58828  6.70243  50.031  37
340.8  1  692.742  7.42168  42.4264  36.297  20
340.9  0  19.8702  12.4933  6.70243  49.05  37
340.9  1  696.985  10.9533  42.4264  35.316  20
341  0  20.5404  17.3002  6.70243  48.069  37
341  1  701.227  14.3868  42.4264  34.335  20
341.1  0  21.2107  22.009  6.70243  47.088  37
341.1  1  705.47  17.7222  42.4264  33.354  20
341.2  0  21.8809  26.6197  6.70243  46.107  37
341.2  1  709.713  20.9595  42.4264  32.373  20
341.3  0  22.5512  31.1323  6.70243  45.126  37
341.3  1  713.955  24.0987  42.4264  31.392  20
341.4  0  23.2214  35.5468  6.70243  44.145  37
341.4  1  718.198  27.1398  42.4264  30.411  20
341.5  0  23.8916  39.8632  6.70243  43.164  37
341.5  1  722.441  30.0828  42.4264  29.43  20
341.6  0  24.5619  44.0815  6.70243  42.183  37
341.6  1  726.683  32.9277  42.4264  28.449  20
341.7  0  25.2321  48.2017  6.70243  41.202  37
341.7  1  730.926  35.6745  42.4264  27.468  20
341.8  0  25.9024  52.2238  6.70243  40.221  37
341.8  1  735.169  38.3232  42.4264  26.487  20
341.9  0  26.5726  56.1478  6.70243  39.24  37
341.9  1  739.411  40.8738  42.4264  25.506  20
342  0  27.2428  59.9737  6.70243  38.259  37
342  1  743.654  43.3263  42.4264  24.525  20
342.1  0  27.9131  63.7015  6.70243  37.278  37
342.1  1  747.897  45.6807  42.4264  23.544  20
342.2  0  28.5833  67.3312  6.70243  36.297  37
342.2  1  752.139  47.937  42.4264  22.563  20
342.3  0  29.2536  70.8628  6.70243  35.316  37
342.3  1  756.382  50.0952  42.4264  21.582  20
342.4  0  29.9238  74.2963  6.70243  34.335  37
342.4  1  760.624  52.1553  42.4264  20.601  20
342.5  0  30.5941  77.6317  6.70243  33.354  37
342.5  1  764.867  54.1173  42.4264  19.62  20
342.6  0  31.2643  80.869  6.70243  32.373  37
342.6  1  769.11  55.9812  42.4264  18.639  20
342.7  0  31.9345  84.0082  6.70243  31.392  37
342.7  1  773.352  57.747  42.4264  17.658  20
342.8  0  32.6048  87.0493  6.70243  30.411  37
342.8  1  777.595  59.4147  42.4264  16.677  20
342.9  0  33.275  89.9923  6.70243  29.43  37
342.9  1  781.838  60.9843  42.4264  15.696  20
343  0  33.9453  92.8372  6.70243  28.449  37
343  1  786.08  62.4558  42.4264  14.715  20
343.1  0  34.6155  95.584  6.70243  27.468  37
343.1  1  790.323  63.8292  42.4264  13.734  20
343.2  0  35.2858  98.2327  6.70243  26.487  37
343.2  1  794.566  65.1045  42.4264  12.753  20
343.3  0  35.956  100.783  6.70243  25.506  37
343.3  1  798.808  66.2817  42.4264  11.772  20
343.4  0  36.6262  103.236  6.70243  24.525  37
343.4  1  803.051  67.3608  42.4264  10.791  20
343.5  0  37.2965  105.59  6.70243  23.544  37
343.5  1  807.294  68.3418  42.4264  9.81  20
343.6  0  37.9667  107.846  6.70243  22.563  37
343.6  1  811.536  69.2247  42.4264  8.829  20
343.7  0  38.637  110.005  6.70243  21.582  37
343.7  1  815.779  70.0095  42.4264  7.848  20
343.8  0  39.3072  112.065  6.70243  20.601  37
343.8  1  820.021  70.6962  42.4264  6.867  20
343.9  0  39.9775  114.027  6.70243  19.62  37
343.9  1  824.264  71.2848  42.4264  5.886  20
344  0  40.6477  115.891  6.70243  18.639  37
344  1  828.507  71.7753  42.4264  4.905  20
344.1  0  41.3179  117.656  6.70243  17.658  37
344.1  1  832.749  72.1677  42.4264  3.924  20
344.2  0  41.9882  119.324  6.70243  16.677  37
344.2  1  836.992  72.462  42.4264  2.943  20
344.3  0  42.6584  120.894  6.70243  15.696  37
344.3  1  841.235  72.6582  42.4264  1.962  20
344.4  0  43.3287  122.365  6.70243  14.715  37
344.4  1  845.477  72.7563  42.4264  0.981  20
344.5  0  43.9989  123.739  6.70243  13.734  37
344.5  1  849.72  72.7563  42.4264  1.11022e-15  20
344.6  0  44.6692  125.014  6.70243  12.753  37
344.6  1  853.963  72.6582  42.4264  -0.981  20
344.7  0  45.3394  126.191  6.70243  11.772  37
344.7  1  858.205  72.462  42.4264  -1.962  20
344.8  0  46.0096  127.27  6.70243  10.791  37
344.8  1  862.448  72.1677  42.4264  -2.943  20
344.9  0  46.6799  128.251  6.70243  9.81  37
344.9  1  866.69  71.7753  42.4264  -3.924  20
345  0  47.3501  129.134  6.70243  8.829  37
345  1  870.933  71.2848  42.4264  -4.905  20
345.1  0  48.0204  129.919  6.70243  7.848  37
345.1  1  875.176  70.6962  42.4264  -5.886  20
345.2  0  48.6906  130.606  6.70243  6.867  37
345.2  1  879.418  70.0095  42.4264  -6.867  20
345.3  0  49.3609  131.194  6.70243  5.886  37
345.3  1  883.661  69.2247  42.4264  -7.848  20
345.4  0  50.0311  131.685  6.70243  4.905  37
345.4  1  887.904  68.3418  42.4264  -8.829  20
345.5  0  50.7013  132.077  6.70243  3.924  37
345.5  1  892.146  67.3608  42.4264  -9.81  20
345.6  0  51.3716  132.371  6.70243  2.943  37
345.6  1  896.389  66.2817  42.4264  -10.791  20
345.7  0  52.0418  132.568  6.70243  1.962  37
345.7  1  900.632  65.1045  42.4264  -11.772  20
345.8  0  52.7121  132.666  6.70243  0.981  37
345.8  1  904.874  63.8292  42.4264  -12.753  20
345.9  0  53.3823  132.666  6.70243  1.11022e-15  37
345.9  1  909.117  62.4558  42.4264  -13.734  20
346  0  54.0526  132.568  6.70243  -0.981  37
346  1  913.36  60.9843  42.4264  -14.715  20
346.1  0  54.7228  132.371  6.70243  -1.962  37
346.1  1  917.602  59.4147  42.4264  -15.696  20
346.2  0  55.393  132.077  6.70243  -2.943  37
346.2  1  921.845  57.747  42.4264  -16.677  20
346.3  0  56.0633  131.685  6.70243  -3.924  37
346.3  1  926.087  55.9812  42.4264  -17.658  20
346.4  0  56.7335  131.194  6.70243  -4.905  37
346.4  1  930.33  54.1173  42.4264  -18.639  20
346.5  0  57.4038  130.606  6.70243  -5.886  37
346.5  1  934.573  52.1553  42.4264  -19.62  20
346.6  0  58.074  129.919  6.70243  -6.867  37
346.6  1  938.815  50.0952  42.4264  -20.601  20
346.7  0  58.7442  129.134  6.70243  -7.848  37
346.7  1  943.058  47.937  42.4264  -21.582  20
346.8  0  59.4145  128.251  6.70243  -8.829  37
346.8  1  947.301  45.6807  42.4264  -22.563  20
346.9  0  60.0847  127.27  6.70243  -9.81  37
346.9  1  951.543  43.3263  42.4264  -23.544  20
347  0  60.755  126.191  6.70243  -10.791  37
347  1  955.786  40.8738  42.4264  -24.525  20
347.1  0  61.4252  125.014  6.70243  -11.772  37
347.1  1  960.029  38.3232  42.4264  -25.506  20
347.2  0  62.0955  123.739  6.70243  -12.753  37
347.2  1  964.271  35.6745  42.4264  -26.487  20
347.3  0  62.7657  122.365  6.70243  -13.734  37
347.3  1  968.514  32.9277  42.4264  -27.468  20
347.4  0  63.4359  120.894  6.70243  -14.715  37
347.4  1  972.756  30.0828  42.4264  -28.449  20
347.5  0  64.1062  119.324  6.70243  -15.696  37
347.5  1  976.999  27.1398  42.4264  -29.43  20
347.6  0  64.7764  117.656  6.70243  -16.677  37
347.6  1  981.242  24.0987  42.4264  -30.411  20
347.7  0  65.4467  115.891  6.70243  -17.658  37
347.7  1  985.484  20.9595  42.4264  -31.392  20
347.8  0  66.1169  114.027  6.70243  -18.639  37
347.8  1  989.727  17.7222  42.4264  -32.373  20
347.9  0  66.7872  112.065  6.70243  -19.62  37
347.9  1  993.97  14.3868  42.4264  -33.354  20
348  0  67.4574  110.005  6.70243  -20.601  37
348  1  998.212  10.9533  42.4264  -34.335  20
348.1  0  68.1276  107.846  6.70243  -21.582  37
348.1  1  1002.45  7.42168  -42.4264  -35.316  20
348.2  0  68.7979  105.59  6.70243  -22.563  37
348.2  1  998.212  3.79198  -42.4264  -36.297  20
348.3  0  69.4681  103.236  6.70243  -23.544  37
348.3  1  993.97  0.0641751  -42.4264  -37.278  20
348.4  0  70.1384  100.783  6.70243  -24.525  37
348.4  1  989.727  -3.76172  -42.4264  38.259  20
348.5  0  70.8086  98.2327  6.70243  -25.506  37
348.5  1  985.484  -0.0339249  -42.4264  -37.278  20
348.6  0  71.4789  95.584  6.70243  -26.487  37
348.6  1  981.242  -3.85982  -42.4264  38.259  20
348.7  0  72.1491  92.8372  6.70243  -27.468  37
348.7  1  976.999  -0.132025  -42.4264  -37.278  20
348.8  0  72.8193  89.9923  6.70243  -28.449  37
348.8  1  972.756  -3.95792  -42.4264  38.259  20
348.9  0  73.4896  87.0493  6.70243  -29.43  37
348.9  1  968.514  -0.230125  -42.4264  -37.278  20
349  0  74.1598  84.0082  6.70243  -30.411  37
349  1  964.271  -4.05602  -42.4264  38.259  20
349.1  0  74.8301  80.869  6.70243  -31.392  37
349.1  1  960.029  -0.328225  -42.4264  -37.278  20
349.2  0  75.5003  77.6317  6.70243  -32.373  37
349.2  1  955.786  -4.15412  -42.4264  38.259  20
349.3  0  76.1706  74.2963  6.70243  -33.354  37
349.3  1  951.543  -0.426325  -42.4264  -37.278  20
349.4  0  76.8408  70.8628  6.70243  -34.335  37
349.4  1  947.301  -4.25222  -42.4264  38.259  20
349.5  0  77.511  67.3312  6.70243  -35.316  37
349.5  1  943.058  -0.524425  -42.4264  -37.278  20
349.6  0  78.1813  63.7015  6.70243  -36.297  37
349.6  1  938.815  -4.35032  -42.4264  38.259  20
349.7  0  78.8515  59.9737  6.70243  -37.278  37
349.7  1  934.573  -0.622525  -42.4264  -37.278  20
349.8  0  79.5218  56.1478  6.70243  -38.259  37
349.8  1  930.33  -4.44842  -42.4264  38.259  20
349.9  0  80.192  52.2238  6.70243  -39.24  37
349.9  1  926.087  -0.720625  -42.4264  -37.278  20
350  0  80.8623  48.2017  6.70243  -40.221  37
350  1  921.845  -4.54652  -42.4264  38.259  20
350.1  0  81.5325  44.0815  6.70243  -41.202  37
350.1  1  917.602  -0.818725  -42.4264  -37.278  20
350.2  0  82.2027  39.8632  6.70243  -42.183  37
350.2  1  913.36  -4.64462  -42.4264  38.259  20
350.3  0  82.873  35.5468  6.70243  -43.164  37
350.3  1  909.117  -0.916825  -42.4264  -37.278  20
350.4  0  83.5432  31.1323  6.70243  -44.145  37
350.4  1  904.874  -4.74272  -42.4264  38.259  20
350.5  0  84.2135  26.6197  6.70243  -45.126  37
350.5  1  900.632  -1.01492  -42.4264  -37.278  20
350.6  0  84.8837  22.009  6.70243  -46.107  37
350.6  1  896.389  -4.84082  -42.4264  38.259  20
350.7  0  85.554  17.3002  6.70243  -47.088  37
350.7  1  892.146  -1.11302  -42.4264  -37.278  20
350.8  0  86.2242  12.4933  6.70243  -48.069  37
350.8  1  887.904  -4.93892  -42.4264  38.259  20
350.9  0  86.8944  7.58828  6.70243  -49.05  37
350.9  1  883.661  -1.21112  -42.4264  -37.278  20
351  0  87.5647  2.58518  6.70243  -50.031  37
351  1  879.418  -5.03702  -42.4264  38.259  20
351.1  0  88.2349  -2.51602  6.70243  51.012  37
351.1  1  875.176  -1.30922  -42.4264  -37.278  20
351.2  0  88.9052  2.48708  6.70243  50.031  37
351.2  1  870.933  -5.13512  -42.4264  38.259  20
351.3  0  89.5754  7.39208  6.70243  49.05  37
351.3  1  866.69  -1.40732  -42.4264  -37.278  20
351.4  0  90.2457  12.199  6.70243  48.069  37
351.4  1  862.448  -5.23322  -42.4264  38.259  20
351.5  0  90.9159  16.9078  6.70243  47.088  37
351.5  1  858.205  -1.50542  -42.4264  -37.278  20
351.6  0  91.5861  21.5185  6.70243  46.107  37
351.6  1  853.963  -5.33132  -42.4264  38.259  20
351.7  0  92.2564  26.0311  6.70243  45.126  37
351.7  1  849.72  -1.60352  -42.4264  -37.278  20
351.8  0  92.9266  30.4456  6.70243  44.145  37
351.8  1  845.477  -5.42942  -42.4264  38.259  20
351.9  0  93.5969  34.762  6.70243  43.164  37
351.9  1  841.235  -1.70162  -42.4264  -37.278  20
352  0  94.2671  38.9803  6.70243  42.183  37
352  1  836.992  -5.52752  -42.4264  38.259  20
352.1  0  94.9373  43.1005  6.70243  41.202  37
352.1  1  832.749  -1.79972  -42.4264  -37.278  20
352.2  0  95.6076  47.1226  6.70243  40.221  37
352.2  1  828.507  -5.62562  -42.4264  38.259  20
352.3  0  96.2778  51.0466  6.70243  39.24  37
352.3  1  824.264  -1.89782  -42.4264  -37.278  20
352.4  0  96.9481  54.8725  6.70243  38.259  37
352.4  1  820.021  -5.72372  -42.4264  38.259  20
352.5  0  97.6183  58.6003  6.70243  37.278  37
352.5  1  815.779  -1.99592  -42.4264  -37.278  20
352.6  0  98.2886  62.23  6.70243  36.297  37
352.6  1  811.536  -5.82182  -42.4264  38.259  20
352.7  0  98.9588  65.7616  6.70243  35.316  37
352.7  1  807.294  -2.09402  -42.4264  -37.278  20
352.8  0  99.629  69.1951  6.70243  34.335  37
352.8  1  803.051  -5.91992  -42.4264  38.259  20
352.9  0  100.299  72.5305  6.70243  33.354  37
352.9  1  798.808  -2.19212  -42.4264  -37.278  20
353  0  100.97  75.7678  6.70243  32.373  37
353  1  794.566  -6.01802  -42.4264  38.259  20
353.1  0  101.64  78.907  6.70243  31.392  37
353.1  1  790.323  -2.29022  -42.4264  -37.278  20
353.2  0  102.31  81.9481  6.70243  30.411  37
353.2  1  786.08  -6.11612  -42.4264  38.259  20
353.3  0  102.98  84.8911  6.70243  29.43  37
353.3  1  781.838  -2.38832  -42.4264  -37.278  20
353.4  0  103.651  87.736  6.70243  28.449  37
353.4  1  777.595  -6.21422  -42.4264  38.259  20
353.5  0  104.321  90.4828  6.70243  27.468  37
353.5  1  773.352  -2.48642  -42.4264  -37.278  20
353.6  0  104.991  93.1315  6.70243  26.487  37
353.6  1  769.11  -6.31232  -42.4264  38.259  20
353.7  0  105.661  95.6821  6.70243  25.506  37
353.7  1  764.867  -2.58452  -42.4264  -37.278  20
353.8  0  106.331  98.1346  6.70243  24.525  37
353.8  1  760.624  -6.41042  -42.4264  38.259  20
353.9  0  107.002  100.489  6.70243  23.544  37
353.9  1  756.382  -2.68262  -42.4264  -37.278  20
354  0  107.672  102.745  6.70243  22.563  37
354  1  752.139  -6.50852  -42.4264  38.259  20
354.1  0  108.342  104.903  6.70243  21.582  37
354.1  1  747.897  -2.78072  -42.4264  -37.278  20
354.2  0  109.012  106.964  6.70243  20.601  37
354.2  1  743.654  -6.60662  -42.4264  38.259  20
354.3  0  109.683  108.926  6.70243  19.62  37
354.3  1  739.411  -2.87882  -42.4264  -37.278  20
354.4  0  110.353  110.789  6.70243  18.639  37
354.4  1  735.169  -6.70472  -42.4264  38.259  20
354.5  0  111.023  112.555  6.70243  17.658  37
354.5  1  730.926  -2.97692  -42.4264  -37.278  20
354.6  0  111.693  114.223  6.70243  16.677  37
354.6  1  726.683  -6.80282  -42.4264  38.259  20
354.7  0  112.364  115.793  6.70243  15.696  37
354.7  1  722.441  -3.07502  -42.4264  -37.278  20
354.8  0  113.034  117.264  6.70243  14.715  37
354.8  1  718.198  -6.90092  -42.4264  38.259  20
354.9  0  113.704  118.637  6.70243  13.734  37
354.9  1  713.955  -3.17312  -42.4264  -37.278  20
355  0  114.374  119.913  6.70243  12.753  37
355  1  709.713  -6.99902  -42.4264  38.259  20
355.1  0  115.045  121.09  6.70243  11.772  37
355.1  1  705.47  -3.27122  -42.4264  -37.278  20
355.2  0  115.715  122.169  6.70243  10.791  37
355.2  1  701.227  -7.09712  -42.4264  38.259  20
355.3  0  116.385  123.15  6.70243  9.81  37
355.3  1  696.985  -3.36932  -42.4264  -37.278  20
355.4  0  117.055  124.033  6.70243  8.829  37
355.4  1  692.742  -7.19522  -42.4264  38.259  20
355.5  0  117.726  124.818  6.70243  7.848  37
355.5  1  688.5  -3.46742  -42.4264  -37.278  20
355.6  0  118.396  125.504  6.70243  6.867  37
355.6  1  684.257  -7.29332  -42.4264  38.259  20
355.7  0  119.066  126.093  6.70243  5.886  37
355.7  1  680.014  -3.56552  -42.4264  -37.278  20
355.8  0  119.736  126.584  6.70243  4.905  37
355.8  1  675.772  -7.39142  -42.4264  38.259  20
355.9  0  120.407  126.976  6.70243  3.924  37
355.9  1  671.529  -3.66362  -42.4264  -37.278  20
356  0  121.077  127.27  6.70243  2.943  37
356  1  667.286  -7.48952  -42.4264  38.259  20
356.1  0  121.747  127.466  6.70243  1.962  37
356.1  1  663.044  -3.76172  -42.4264  -37.278  20
356.2  0  122.417  127.565  6.70243  0.981  37
356.2  1  658.801  -7.58762  -42.4264  38.259  20
356.3  0  123.088  127.565  6.70243  1.11022e-15  37
356.3  1  654.558  -3.85982  -42.4264  -37.278  20
356.4  0  123.758  127.466  6.70243  -0.981  37
356.4  1  650.316  -7.68572  -42.4264  38.259  20
356.5  0  124.428  127.27  6.70243  -1.962  37
356.5  1  646.073  -3.95792  -42.4264  -37.278  20
356.6  0  125.098  126.976  6.70243  -2.943  37
356.6  1  641.831  -7.78382  -42.4264  38.259  20
356.7  0  125.769  126.584  6.70243  -3.924  37
356.7  1  637.588  -4.05602  -42.4264  -37.278  20
356.8  0  126.439  126.093  6.70243  -4.905  37
356.8  1  633.345  -7.88192  -42.4264  38.259  20
356.9  0  127.109  125.504  6.70243  -5.886  37
356.9  1  629.103  -4.15412  -42.4264  -37.278  20
357  0  127.779  124.818  6.70243  -6.867  37
357  1  624.86  -7.98002  -42.4264  38.259  20
357.1  0  128.449  124.033  6.70243  -7.848  37
357.1  1  620.617  -4.25222  -42.4264  -37.278  20
357.2  0  129.12  123.15  6.70243  -8.829  37
357.2  1  616.375  -8.07812  -42.4264  38.259  20
357.3  0  129.79  122.169  6.70243  -9.81  37
357.3  1  612.132  -4.35032  -42.4264  -37.278  20
357.4  0  130.46  121.09  6.70243  -10.791  37
357.4  1  607.889  -8.17622  -42.4264  38.259  20
357.5  0  131.13  119.913  6.70243  -11.772  37
357.5  1  603.647  -4.44842  -42.4264  -37.278  20
357.6  0  131.801  118.637  6.70243  -12.753  37
357.6  1  599.404  -8.27432  -42.4264  38.259  20
357.7  0  132.471  117.264  6.70243  -13.734  37
357.7  1  595.161  -4.54652  -42.4264  -37.278  20
357.8  0  133.141  115.793  6.70243  -14.715  37
357.8  1  590.919  -8.37242  -42.4264  38.259  20
357.9  0  133.811  114.223  6.70243  -15.696  37
357.9  1  586.676  -4.64462  -42.4264  -37.278  20
358  0  134.482  112.555  6.70243  -16.677  37
358  1  582.434  -8.47052  -42.4264  38.259  20
358.1  0  135.152  110.789  6.70243  -17.658  37
358.1  1  578.191  -4.74272  -42.4264  -37.278  20
358.2  0  135.822  108.926  6.70243  -18.639  37
358.2  1  573.948  -8.56862  -42.4264  38.259  20
358.3  0  136.492  106.964  6.70243  -19.62  37
358.3  1  569.706  -4.84082  -42.4264  -37.278  20
358.4  0  137.163  104.903  6.70243  -20.601  37
358.4  1  565.463  -8.66672  -42.4264  38.259  20
358.5  0  137.833  102.745  6.70243  -21.582  37
358.5  1  561.22  -4.93892  -42.4264  -37.278  20
358.6  0  138.503  100.489  6.70243  -22.563  37
358.6  1  556.978  -8.76482  -42.4264  38.259  20
358.7  0  139.173  98.1346  6.70243  -23.544  37
358.7  1  552.735  -5.03702  -42.4264  -37.278  20
358.8  0  139.844  95.6821  6.70243  -24.525  37
358.8  1  548.492  -8.86292  -42.4264  38.259  20
358.9  0  140.514  93.1315  6.70243  -25.506  37
358.9  1  544.25  -5.13512  -42.4264  -37.278  20
359  0  141.184  90.4828  6.70243  -26.487  37
359  1  540.007  -8.96102  -42.4264  38.259  20
359.1  0  141.854  87.736  6.70243  -27.468  37
359.1  1  535.765  -5.23322  -42.4264  -37.278  20
359.2  0  142.525  84.8911  6.70243  -28.449  37
359.2  1  531.522  -9.05912  -42.4264  38.259  20
359.3  0  143.195  81.9481  6.70243  -29.43  37
359.3  1  527.279  -5.33132  -42.4264  -37.278  20
359.4  0  143.865  78.907  6.70243  -30.411  37
359.4  1  523.037  -9.15722  -42.4264  38.259  20
359.5  0  144.535  75.7678  6.70243  -31.392  37
359.5  1  518.794  -5.42942  -42.4264  -37.278  20
359.6  0  145.206  72.5305  6.70243  -32.373  37
359.6  1  514.551  -9.25532  -42.4264  38.259  20
359.7  0  145.876  69.1951  6.70243  -33.354  37
359.7  1  510.309  -5.52752  -42.4264  -37.278  20
359.8  0  146.546  65.7616  6.70243  -34.335  37
359.8  1  506.066  -9.35342  -42.4264  38.259  20
359.9  0  147.216  62.23  6.70243  -35.316  37
359.9  1  501.823  -5.62562  -42.4264  -37.278  20
360  0  147.887  58.6003  6.70243  -36.297  37
360  1  497.581  -9.45152  -42.4264  38.259  20
360.1  0  148.557  54.8725  6.70243  -37.278  37
360.1  1  493.338  -5.72372  -42.4264  -37.278  20
360.2  0  149.227  51.0466  6.70243  -38.259  37
360.2  1  489.095  -9.54962  -42.4264  38.259  20
360.3  0  149.897  47.1226  6.70243  -39.24  37
360.3  1  484.853  -5.82182  -42.4264  -37.278  20
360.4  0  150.567  43.1005  6.70243  -40.221  37
360.4  1  480.61  -9.64772  -42.4264  38.259  20
360.5  0  151.238  38.9803  6.70243  -41.202  37
360.5  1  476.368  -5.91992  -42.4264  -37.278  20
360.6  0  151.908  34.762  6.70243  -42.183  37
360.6  1  472.125  -9.74582  -42.4264  38.259  20
360.7  0  152.578  30.4456  6.70243  -43.164  37
360.7  1  467.882  -6.01802  -42.4264  -37.278  20
360.8  0  153.248  26.0311  6.70243  -44.145  37
360.8  1  463.64  -9.84392  -42.4264  38.259  20
360.9  0  153.919  21.5185  6.70243  -45.126  37
360.9  1  459.397  -6.11612  -42.4264  -37.278  20
361  0  154.589  16.9078  6.70243  -46.107  37
361  1  455.154  -9.94202  -42.4264  38.259  20
361.1  0  155.259  12.199  6.70243  -47.088  37
361.1  1  450.912  -6.21422  -42.4264  -37.278  20
361.2  0  155.929  7.39208  6.70243  -48.069  37
361.2  1  446.669  -10.0401  -42.4264  38.259  20
361.3  0  156.6  2.48708  6.70243  -49.05  37
361.3  1  442.426  -6.31232  -42.4264  -37.278  20
361.4  0  157.27  -2.51602  6.70243  50.031  37
361.4  1  438.184  -10.1382  -42.4264  38.259  20
361.5  0  157.94  2.38898  6.70243  49.05  37
361.5  1  433.941  -6.41042  -42.4264  -37.278  20
361.6  0  158.61  7.19588  6.70243  48.069  37
361.6  1  429.698  -10.2363  -42.4264  38.259  20
361.7  0  159.281  11.9047  6.70243  47.088  37
361.7  1  425.456  -6.50852  -42.4264  -37.278  20
361.8  0  159.951  16.5154  6.70243  46.107  37
361.8  1  421.213  -10.3344  -42.4264  38.259  20
361.9  0  160.621  21.028  6.70243  45.126  37
361.9  1  416.971  -6.60662  -42.4264  -37.278  20
362  0  161.291  25.4425  6.70243  44.145  37
362  1  412.728  -10.4325  -42.4264  38.259  20
362.1  0  161.962  29.7589  6.70243  43.164  37
362.1  1  408.485  -6.70472  -42.4264  -37.278  20
362.2  0  162.632  33.9772  6.70243  42.183  37
362.2  1  404.243  -10.5306  -42.4264  38.259  20
362.3  0  163.302  38.0974  6.70243  41.202  37
362.3  1  400  -6.80282  -42.4264  -37.278  20
362.4  0  163.972  42.1195  6.70243  40.221  37
362.4  1  395.757  -10.6287  -42.4264  38.259  20
362.5  0  164.643  46.0435  6.70243  39.24  37
362.5  1  391.515  -6.90092  -42.4264  -37.278  20
362.6  0  165.313  49.8694  6.70243  38.259  37
362.6  1  387.272  -10.7268  -42.4264  38.259  20
362.7  0  165.983  53.5972  6.70243  37.278  37
362.7  1  383.029  -6.99902  -42.4264  -37.278  20
362.8  0  166.653  57.2269  6.70243  36.297  37
362.8  1  378.787  -10.8249  -42.4264  38.259  20
362.9  0  167.324  60.7585  6.70243  35.316  37
362.9  1  374.544  -7.09712  -42.4264  -37.278  20
363  0  167.994  64.192  6.70243  34.335  37
363  1  370.302  -10.923  -42.4264  38.259  20
363.1  0  168.664  67.5274  6.70243  33.354  37
363.1  1  366.059  -7.19522  -42.4264  -37.278  20
363.2  0  169.334  70.7647  6.70243  32.373  37
363.2  1  361.816  -11.0211  -42.4264  38.259  20
363.3  0  170.005  73.9039  6.70243  31.392  37
363.3  1  357.574  -7.29332  -42.4264  -37.278  20
363.4  0  170.675  76.945  6.70243  30.411  37
363.4  1  353.331  -11.1192  -42.4264  38.259  20
363.5  0  171.345  79.888  6.70243  29.43  37
363.5  1  349.088  -7.39142  -42.4264  -37.278  20
363.6  0  172.015  82.7329  6.70243  28.449  37
363.6  1  344.846  -11.2173  -42.4264  38.259  20
363.7  0  172.685  85.4797  6.70243  27.468  37
363.7  1  340.603  -7.48952  -42.4264  -37.278  20
363.8  0  173.356  88.1284  6.70243  26.487  37
363.8  1  336.36  -11.3154  -42.4264  38.259  20
363.9  0  174.026  90.679  6.70243  25.506  37
363.9  1  332.118  -7.58762  -42.4264  -37.278  20
364  0  174.696  93.1315  6.70243  24.525  37
364  1  327.875  -11.4135  -42.4264  38.259  20
364.1  0  175.366  95.4859  6.70243  23.544  37
364.1  1  323.632  -7.68572  -42.4264  -37.278  20
364.2  0  176.037  97.7422  6.70243  22.563  37
364.2  1  319.39  -11.5116  -42.4264  38.259  20
364.3  0  176.707  99.9004  6.70243  21.582  37
364.3  1  315.147  -7.78382  -42.4264  -37.278  20
364.4  0  177.377  101.96  6.70243  20.601  37
364.4  1  310.905  -11.6097  -42.4264  38.259  20
364.5  0  178.047  103.922  6.70243  19.62  37
364.5  1  306.662  -7.88192  -42.4264  -37.278  20
364.6  0  178.718  105.786  6.70243  18.639  37
364.6  1  302.419  -11.7078  -42.4264  38.259  20
364.7  0  179.388  107.552  6.70243  17.658  37
364.7  1  298.177  -7.98002  -42.4264  -37.278  20
364.8  0  180.058  109.22  6.70243  16.677  37
364.8  1  293.934  -11.8059  -42.4264  38.259  20
364.9  0  180.728  110.789  6.70243  15.696  37
364.9  1  289.691  -8.07812  -42.4264  -37.278  20
365  0  181.399  112.261  6.70243  14.715  37
365  1  285.449  -11.904  -42.4264  38.259  20
365.1  0  182.069  113.634  6.70243  13.734  37
365.1  1  281.206  -8.17622  -42.4264  -37.278  20
365.2  0  182.739  114.91  6.70243  12.753  37
365.2  1  276.963  -12.0021  -42.4264  38.259  20
365.3  0  183.409  116.087  6.70243  11.772  37
365.3  1  272.721  -8.27432  -42.4264  -37.278  20
365.4  0  184.08  117.166  6.70243  10.791  37
365.4  1  268.478  -12.1002  -42.4264  38.259  20
365.5  0  184.75  118.147  6.70243  9.81  37
365.5  1  264.235  -8.37242  -42.4264  -37.278  20
365.6  0  185.42  119.03  6.70243  8.829  37
365.6  1  259.993  -12.1983  -42.4264  38.259  20
365.7  0  186.09  119.815  6.70243  7.848  37
365.7  1  255.75  -8.47052  -42.4264  -37.278  20
365.8  0  186.761  120.501  6.70243  6.867  37
365.8  1  251.508  -12.2964  -42.4264  38.259  20
365.9  0  187.431  121.09  6.70243  5.886  37
365.9  1  247.265  -8.56862  -42.4264  -37.278  20
366  0  188.101  121.58  6.70243  4.905  37
366  1  243.022  -12.3945  -42.4264  38.259  20
366.1  0  188.771  121.973  6.70243  3.924  37
366.1  1  238.78  -8.66672  -42.4264  -37.278  20
366.2  0  189.442  122.267  6.70243  2.943  37
366.2  1  234.537  -12.4926  -42.4264  38.259  20
366.3  0  190.112  122.463  6.70243  1.962  37
366.3  1  230.294  -8.76482  -42.4264  -37.278  20
366.4  0  190.782  122.561  6.70243  0.981  37
366.4  1  226.052  -12.5907  -42.4264  38.259  20
366.5  0  191.452  122.561  6.70243  1.11022e-15  37
366.5  1  221.809  -8.86292  -42.4264  -37.278  20
366.6  0  192.123  122.463  6.70243  -0.981  37
366.6  1  217.566  -12.6888  -42.4264  38.259  20
366.7  0  192.793  122.267  6.70243  -1.962  37
366.7  1  213.324  -8.96102  -42.4264  -37.278  20
366.8  0  193.463  121.973  6.70243  -2.943  37
366.8  1  209.081  -12.7869  -42.4264  38.259  20
366.9  0  194.133  121.58  6.70243  -3.924  37
366.9  1  204.839  -9.05912  -42.4264  -37.278  20
367  0  194.803  121.09  6.70243  -4.905  37
367  1  200.596  -12.885  -42.4264  38.259  20
367.1  0  195.474  120.501  6.70243  -5.886  37
367.1  1  196.353  -9.15722  -42.4264  -37.278  20
367.2  0  196.144  119.815  6.70243  -6.867  37
367.2  1  192.111  -12.9831  -42.4264  38.259  20
367.3  0  196.814  119.03  6.70243  -7.848  37
367.3  1  187.868  -9.25532  -42.4264  -37.278  20
367.4  0  197.484  118.147  6.70243  -8.829  37
367.4  1  183.625  -13.0812  -42.4264  38.259  20
367.5  0  198.155  117.166  6.70243  -9.81  37
367.5  1  179.383  -9.35342  -42.4264  -37.278  20
367.6  0  198.825  116.087  6.70243  -10.791  37
367.6  1  175.14  -13.1793  -42.4264  38.259  20
367.7  0  199.495  114.91  6.70243  -11.772  37
367.7  1  170.897  -9.45152  -42.4264  -37.278  20
367.8  0  200.165  113.634  6.70243  -12.753  37
367.8  1  166.655  -13.2774  -42.4264  38.259  20
367.9  0  200.836  112.261  6.70243  -13.734  37
367.9  1  162.412  -9.54962  -42.4264  -37.278  20
368  0  201.506  110.789  6.70243  -14.715  37
368  1  158.169  -13.3755  -42.4264  38.259  20
368.1  0  202.176  109.22  6.70243  -15.696  37
368.1  1  153.927  -9.64772  -42.4264  -37.278  20
368.2  0  202.846  107.552  6.70243  -16.677  37
368.2  1  149.684  -13.4736  -42.4264  38.259  20
368.3  0  203.517  105.786  6.70243  -17.658  37
368.3  1  145.442  -9.74582  -42.4264  -37.278  20
368.4  0  204.187  103.922  6.70243  -18.639  37
368.4  1  141.199  -13.5717  -42.4264  38.259  20
368.5  0  204.857  101.96  6.70243  -19.62  37
368.5  1  136.956  -9.84392  -42.4264  -37.278  20
368.6  0  205.527  99.9004  6.70243  -20.601  37
368.6  1  132.714  -13.6698  -42.4264  38.259  20
368.7  0  206.198  97.7422  6.70243  -21.582  37
368.7  1  128.471  -9.94202  -42.4264  -37.278  20
368.8  0  206.868  95.4859  6.70243  -22.563  37
368.8  1  124.228  -13.7679  -42.4264  38.259  20
368.9  0  207.538  93.1315  6.70243  -23.544  37
368.9  1  119.986  -10.0401  -42.4264  -37.278  20
369  0  208.208  90.679  6.70243  -24.525  37
369  1  115.743  -13.866  -42.4264  38.259  20
369.1  0  208.879  88.1284  6.70243  -25.506  37
369.1  1  111.5  -10.1382  -42.4264  -37.278  20
369.2  0  209.549  85.4797  6.70243  -26.487  37
369.2  1  107.258  -13.9641  -42.4264  38.259  20
369.3  0  210.219  82.7329  6.70243  -27.468  37
369.3  1  103.015  -10.2363  -42.4264  -37.278  20
369.4  0  210.889  79.888  6.70243  -28.449  37
369.4  1  98.7725  -14.0622  -42.4264  38.259  20
369.5  0  211.56  76.945  6.70243  -29.43  37
369.5  1  94.5299  -10.3344  -42.4264  -37.278  20
369.6  0  212.23  73.9039  6.70243  -30.411  37
369.6  1  90.2872  -14.1603  -42.4264  38.259  20
369.7  0  212.9  70.7647  6.70243  -31.392  37
369.7  1  86.0446  -10.4325  -42.4264  -37.278  20
369.8  0  213.57  67.5274  6.70243  -32.373  37
369.8  1  81.8019  -14.2584  -42.4264  38.259  20
369.9  0  214.241  64.192  6.70243  -33.354  37
369.9  1  77.5593  -10.5306  -42.4264  -37.278  20
370  0  214.911  60.7585  6.70243  -34.335  37
370  1  73.3167  -14.3565  -42.4264  38.259  20
370.1  0  215.581  57.2269  6.70243  -35.316  37
370.1  1  69.074  -10.6287  -42.4264  -37.278  20
370.2  0  216.251  53.5972  6.70243  -36.297  37
370.2  1  64.8314  -14.4546  -42.4264  38.259  20
370.3  0  216.921  49.8694  6.70243  -37.278  37
370.3  1  60.5887  -10.7268  -42.4264  -37.278  20
370.4  0  217.592  46.0435  6.70243  -38.259  37
370.4  1  56.3461  -14.5527  -42.4264  38.259  20
370.5  0  218.262  42.1195  6.70243  -39.24  37
370.5  1  52.1035  -10.8249  -42.4264  -37.278  20
370.6  0  218.932  38.0974  6.70243  -40.221  37
370.6  1  47.8608  -14.6508  -42.4264  38.259  20
370.7  0  219.602  33.9772  6.70243  -41.202  37
370.7  1  43.6182  -10.923  -42.4264  -37.278  20
370.8  0  220.273  29.7589  6.70243  -42.183  37
370.8  1  39.3755  -14.7489  -42.4264  38.259  20
370.9  0  220.943  25.4425  6.70243  -43.164  37
370.9  1  35.1329  -11.0211  -42.4264  -37.278  20
371  0  221.613  21.028  6.70243  -44.145  37
371  1  30.8903  -14.847  -42.4264  38.259  20
371.1  0  222.283  16.5154  6.70243  -45.126  37
371.1  1  26.6476  -11.1192  -42.4264  -37.278  20
371.2  0  222.954  11.9047  6.70243  -46.107  37
371.2  1  22.405  -14.9451  -42.4264  38.259  20
371.3  0  223.624  7.19588  6.70243  -47.088  37
371.3  1  18.1623  -11.2173  -42.4264  -37.278  20
371.4  0  224.294  2.38898  6.70243  -48.069  37
371.4  1  13.9197  -15.0432  -42.4264  38.259  20
371.5  0  224.964  -2.51602  6.70243  49.05  37
371.5  1  9.67706  -11.3154  -42.4264  -37.278  20
371.6  0  225.635  2.29088  6.70243  48.069  37
371.6  1  5.43442  -15.1413  -42.4264  38.259  20
371.7  0  226.305  6.99968  6.70243  47.088  37
371.7  1  1.19178  -11.4135  -42.4264  -37.278  20
371.8  0  226.975  11.6104  6.70243  46.107  37
371.8  1  -3.05087  -15.2394  42.4264  38.259  20
371.9  0  227.645  16.123  6.70243  45.126  37
371.9  1  1.19178  -11.5116  42.4264  -37.278  20
372  0  228.316  20.5375  6.70243  44.145  37
372  1  5.43442  -15.3375  42.4264  38.259  20
372.1  0  228.986  24.8539  6.70243  43.164  37
372.1  1  9.67706  -11.6097  42.4264  -37.278  20
372.2  0  229.656  29.0722  6.70243  42.183  37
372.2  1  13.9197  -15.4356  42.4264  38.259  20
372.3  0  230.326  33.1924  6.70243  41.202  37
372.3  1  18.1623  -11.7078  42.4264  -37.278  20
372.4  0  230.997  37.2145  6.70243  40.221  37
372.4  1  22.405  -15.5337  42.4264  38.259  20
372.5  0  231.667  41.1385  6.70243  39.24  37
372.5  1  26.6476  -11.8059  42.4264  -37.278  20
372.6  0  232.337  44.9644  6.70243  38.259  37
372.6  1  30.8903  -15.6318  42.4264  38.259  20
372.7  0  233.007  48.6922  6.70243  37.278  37
372.7  1  35.1329  -11.904  42.4264  -37.278  20
372.8  0  233.678  52.3219  6.70243  36.297  37
372.8  1  39.3755  -15.7299  42.4264  38.259  20
372.9  0  234.348  55.8535  6.70243  35.316  37
372.9  1  43.6182  -12.0021  42.4264  -37.278  20
373  0  235.018  59.287  6.70243  34.335  37
373  1  47.8608  -15.828  42.4264  38.259  20
373.1  0  235.688  62.6224  6.70243  33.354  37
373.1  1  52.1035  -12.1002  42.4264  -37.278  20
373.2  0  236.359  65.8597  6.70243  32.373  37
373.2  1  56.3461  -15.9261  42.4264  38.259  20
373.3  0  237.029  68.9989  6.70243  31.392  37
373.3  1  60.5887  -12.1983  42.4264  -37.278  20
373.4  0  237.699  72.04  6.70243  30.411  37
373.4  1  64.8314  -16.0242  42.4264  38.259  20
373.5  0  238.369  74.983  6.70243  29.43  37
373.5  1  69.074  -12.2964  42.4264  -37.278  20
373.6  0  239.04  77.8279  6.70243  28.449  37
373.6  1  73.3167  -16.1223  42.4264  38.259  20
373.7  0  239.71  80.5747  6.70243  27.468  37
373.7  1  77.5593  -12.3945  42.4264  -37.278  20
373.8  0  240.38  83.2234  6.70243  26.487  37
373.8  1  81.8019  -16.2204  42.4264  38.259  20
373.9  0  241.05  85.774  6.70243  25.506  37
373.9  1  86.0446  -12.4926  42.4264  -37.278  20
374  0  241.72  88.2265  6.70243  24.525  37
374  1  90.2872  -16.3185  42.4264  38.259  20
374.1  0  242.391  90.5809  6.70243  23.544  37
374.1  1  94.5299  -12.5907  42.4264  -37.278  20
374.2  0  243.061  92.8372  6.70243  22.563  37
374.2  1  98.7725  -16.4166  42.4264  38.259  20
374.3  0  243.731  94.9954  6.70243  21.582  37
374.3  1  103.015  -12.6888  42.4264  -37.278  20
374.4  0  244.401  97.0555  6.70243  20.601  37
374.4  1  107.258  -16.5147  42.4264  38.259  20
374.5  0  245.072  99.0175  6.70243  19.62  37
374.5  1  111.5  -12.7869  42.4264  -37.278  20
374.6  0  245.742  100.881  6.70243  18.639  37
374.6  1  115.743  -16.6128  42.4264  38.259  20
374.7  0  246.412  102.647  6.70243  17.658  37
374.7  1  119.986  -12.885  42.4264  -37.278  20
374.8  0  247.082  104.315  6.70243  16.677  37
374.8  1  124.228  -16.7109  42.4264  38.259  20
374.9  0  247.753  105.884  6.70243  15.696  37
374.9  1  128.471  -12.9831  42.4264  -37.278  20
375  0  248.423  107.356  6.70243  14.715  37
375  1  132.714  -16.809  42.4264  38.259  20
375.1  0  249.093  108.729  6.70243  13.734  37
375.1  1  136.956  -13.0812  42.4264  -37.278  20
375.2  0  249.763  110.005  6.70243  12.753  37
375.2  1  141.199  -16.9071  42.4264  38.259  20
375.3  0  250.434  111.182  6.70243  11.772  37
375.3  1  145.442  -13.1793  42.4264  -37.278  20
375.4  0  251.104  112.261  6.70243  10.791  37
375.4  1  149.684  -17.0052  42.4264  38.259  20
375.5  0  251.774  113.242  6.70243  9.81  37
375.5  1  153.927  -13.2774  42.4264  -37.278  20
375.6  0  252.444  114.125  6.70243  8.829  37
375.6  1  158.169  -17.1033  42.4264  38.259  20
375.7  0  253.115  114.91  6.70243  7.848  37
375.7  1  162.412  -13.3755  42.4264  -37.278  20
375.8  0  253.785  115.596  6.70243  6.867  37
375.8  1  166.655  -17.2014  42.4264  38.259  20
375.9  0  254.455  116.185  6.70243  5.886  37
375.9  1  170.897  -13.4736  42.4264  -37.278  20
376  0  255.125  116.675  6.70243  4.905  37
376  1  175.14  -17.2995  42.4264  38.259  20
376.1  0  255.796  117.068  6.70243  3.924  37
376.1  1  179.383  -13.5717  42.4264  -37.278  20
376.2  0  256.466  117.362  6.70243  2.943  37
376.2  1  183.625  -17.3976  42.4264  38.259  20
376.3  0  257.136  117.558  6.70243  1.962  37
376.3  1  187.868  -13.6698  42.4264  -37.278  20
376.4  0  257.806  117.656  6.70243  0.981  37
376.4  1  192.111  -17.4957  42.4264  38.259  20
376.5  0  258.477  117.656  6.70243  1.11022e-15  37
376.5  1  196.353  -13.7679  42.4264  -37.278  20
376.6  0  259.147  117.558  6.70243  -0.981  37
376.6  1  200.596  -17.5938  42.4264  38.259  20
376.7  0  259.817  117.362  6.70243  -1.962  37
376.7  1  204.839  -13.866  42.4264  -37.278  20
376.8  0  260.487  117.068  6.70243  -2.943  37
376.8  1  209.081  -17.6919  42.4264  38.259  20
376.9  0  261.158  116.675  6.70243  -3.924  37
376.9  1  213.324  -13.9641  42.4264  -37.278  20
377  0  261.828  116.185  6.70243  -4.905  37
377  1  217.566  -17.79  42.4264  38.259  20
377.1  0  262.498  115.596  6.70243  -5.886  37
377.1  1  221.809  -14.0622  42.4264  -37.278  20
377.2  0  263.168  114.91  6.70243  -6.867  37
377.2  1  226.052  -17.8881  42.4264  38.259  20
377.3  0  263.838  114.125  6.70243  -7.848  37
377.3  1  230.294  -14.1603  42.4264  -37.278  20
377.4  0  264.509  113.242  6.70243  -8.829  37
377.4  1  234.537  -17.9862  42.4264  38.259  20
377.5  0  265.179  112.261  6.70243  -9.81  37
377.5  1  238.78  -14.2584  42.4264  -37.278  20
377.6  0  265.849  111.182  6.70243  -10.791  37
377.6  1  243.022  -18.0843  42.4264  38.259  20
377.7  0  266.519  110.005  6.70243  -11.772  37
377.7  1  247.265  -14.3565  42.4264  -37.278  20
377.8  0  267.19  108.729  6.70243  -12.753  37
377.8  1  251.508  -18.1824  42.4264  38.259  20
377.9  0  267.86  107.356  6.70243  -13.734  37
377.9  1  255.75  -14.4546  42.4264  -37.278  20
378  0  268.53  105.884  6.70243  -14.715  37
378  1  259.993  -18.2805  42.4264  38.259  20
378.1  0  269.2  104.315  6.70243  -15.696  37
378.1  1  264.235  -14.5527  42.4264  -37.278  20
378.2  0  269.871  102.647  6.70243  -16.677  37
378.2  1  268.478  -18.3786  42.4264  38.259  20
378.3  0  270.541  100.881  6.70243  -17.658  37
378.3  1  272.721  -14.6508  42.4264  -37.278  20
378.4  0  271.211  99.0175  6.70243  -18.639  37
378.4  1  276.963  -18.4767  42.4264  38.259  20
378.5  0  271.881  97.0555  6.70243  -19.62  37
378.5  1  281.206  -14.7489  42.4264  -37.278  20
378.6  0  272.552  94.9954  6.70243  -20.601  37
378.6  1  285.449  -18.5748  42.4264  38.259  20
378.7  0  273.222  92.8372  6.70243  -21.582  37
378.7  1  289.691  -14.847  42.4264  -37.278  20
378.8  0  273.892  90.5809  6.70243  -22.563  37
378.8  1  293.934  -18.6729  42.4264  38.259  20
378.9  0  274.562  88.2265  6.70243  -23.544  37
378.9  1  298.177  -14.9451  42.4264  -37.278  20
379  0  275.233  85.774  6.70243  -24.525  37
379  1  302.419  -18.771  42.4264  38.259  20
379.1  0  275.903  83.2234  6.70243  -25.506  37
379.1  1  306.662  -15.0432  42.4264  -37.278  20
379.2  0  276.573  80.5747  6.70243  -26.487  37
379.2  1  310.905  -18.8691  42.4264  38.259  20
379.3  0  277.243  77.8279  6.70243  -27.468  37
379.3  1  315.147  -15.1413  42.4264  -37.278  20
379.4  0  277.914  74.983  6.70243  -28.449  37
379.4  1  319.39  -18.9672  42.4264  38.259  20
379.5  0  278.584  72.04  6.70243  -29.43  37
379.5  1  323.632  -15.2394  42.4264  -37.278  20
379.6  0  279.254  68.9989  6.70243  -30.411  37
379.6  1  327.875  -19.0653  42.4264  38.259  20
379.7  0  279.924  65.8597  6.70243  -31.392  37
379.7  1  332.118  -15.3375  42.4264  -37.278  20
379.8  0  280.595  62.6224  6.70243  -32.373  37
379.8  1  336.36  -19.1634  42.4264  38.259  20
379.9  0  281.265  59.287  6.70243  -33.354  37
379.9  1  340.603  -15.4356  42.4264  -37.278  20
380  0  281.935  55.8535  6.70243  -34.335  37
380  1  344.846  -19.2615  42.4264  38.259  20
380.1  0  282.605  52.3219  6.70243  -35.316  37
380.1  1  349.088  -15.5337  42.4264  -37.278  20
380.2  0  283.276  48.6922  6.70243  -36.297  37
380.2  1  353.331  -19.3596  42.4264  38.259  20
380.3  0  283.946  44.9644  6.70243  -37.278  37
380.3  1  357.574  -15.6318  42.4264  -37.278  20
380.4  0  284.616  41.1385  6.70243  -38.259  37
380.4  1  361.816  -19.4577  42.4264  38.259  20
380.5  0  285.286  37.2145  6.70243  -39.24  37
380.5  1  366.059  -15.7299  42.4264  -37.278  20
380.6  0  285.956  33.1924  6.70243  -40.221  37
380.6  1  370.302  -19.5558  42.4264  38.259  20
380.7  0  286.627  29.0722  6.70243  -41.202  37
380.7  1  374.544  -15.828  42.4264  -37.278  20
380.8  0  287.297  24.8539  6.70243  -42.183  37
380.8  1  378.787  -19.6539  42.4264  38.259  20
380.9  0  287.967  20.5375  6.70243  -43.164  37
380.9  1  383.029  -15.9261  42.4264  -37.278  20
381  0  288.637  16.123  6.70243  -44.145  37
381  1  387.272  -19.752  42.4264  38.259  20
381.1  0  289.308  11.6104  6.70243  -45.126  37
381.1  1  391.515  -16.0242  42.4264  -37.278  20
381.2  0  289.978  6.99968  6.70243  -46.107  37
381.2  1  395.757  -19.8501  42.4264  38.259  20
381.3  0  290.648  2.29088  6.70243  -47.088  37
381.3  1  400  -16.1223  42.4264  -37.278  20
381.4  0  291.318  -2.51602  6.70243  48.069  37
381.4  1  404.243  -19.9482  42.4264  38.259  20
381.5  0  291.989  2.19278  6.70243  47.088  37
381.5  1  408.485  -16.2204  42.4264  -37.278  20
381.6  0  292.659  6.80348  6.70243  46.107  37
381.6  1  412.728  -20.0463  42.4264  38.259  20
381.7  0  293.329  11.3161  6.70243  45.126  37
381.7  1  416.971  -16.3185  42.4264  -37.278  20
381.8  0  293.999  15.7306  6.70243  44.145  37
381.8  1  421.213  -20.1444  42.4264  38.259  20
381.9  0  294.67  20.047  6.70243  43.164  37
381.9  1  425.456  -16.4166  42.4264  -37.278  20
382  0  295.34  24.2653  6.70243  42.183  37
382  1  429.698  -20.2425  42.4264  38.259  20
382.1  0  296.01  28.3855  6.70243  41.202  37
382.1  1  433.941  -16.5147  42.4264  -37.278  20
382.2  0  296.68  32.4076  6.70243  40.221  37
382.2  1  438.184  -20.3406  42.4264  38.259  20
382.3  0  297.351  36.3316  6.70243  39.24  37
382.3  1  442.426  -16.6128  42.4264  -37.278  20
382.4  0  298.021  40.1575  6.70243  38.259  37
382.4  1  446.669  -20.4387  42.4264  38.259  20
382.5  0  298.691  43.8853  6.70243  37.278  37
382.5  1  450.912  -16.7109  42.4264  -37.278  20
382.6  0  299.361  47.515  6.70243  36.297  37
382.6  1  455.154  -20.5368  42.4264  38.259  20
382.7  0  300.032  51.0466  6.70243  35.316  37
382.7  1  459.397  -16.809  42.4264  -37.278  20
382.8  0  300.702  54.4801  6.70243  34.335  37
382.8  1  463.64  -20.6349  42.4264  38.259  20
382.9  0  301.372  57.8155  6.70243  33.354  37
382.9  1  467.882  -16.9071  42.4264  -37.278  20
383  0  302.042  61.0528  6.70243  32.373  37
383  1  472.125  -20.733  42.4264  38.259  20
383.1  0  302.713  64.192  6.70243  31.392  37
383.1  1  476.368  -17.0052  42.4264  -37.278  20
383.2  0  303.383  67.2331  6.70243  30.411  37
383.2  1  480.61  -20.8311  42.4264  38.259  20
383.3  0  304.053  70.1761  6.70243  29.43  37
383.3  1  484.853  -17.1033  42.4264  -37.278  20
383.4  0  304.723  73.021  6.70243  28.449  37
383.4  1  489.095  -20.9292  42.4264  38.259  20
383.5  0  305.394  75.7678  6.70243  27.468  37
383.5  1  493.338  -17.2014  42.4264  -37.278  20
383.6  0  306.064  78.4165  6.70243  26.487  37
383.6  1  497.581  -21.0273  42.4264  38.259  20
383.7  0  306.734  80.9671  6.70243  25.506  37
383.7  1  501.823  -17.2995  42.4264  -37.278  20
383.8  0  307.404  83.4196  6.70243  24.525  37
383.8  1  506.066  -21.1254  42.4264  38.259  20
383.9  0  308.074  85.774  6.70243  23.544  37
383.9  1  510.309  -17.3976  42.4264  -37.278  20
384  0  308.745  88.0303  6.70243  22.563  37
384  1  514.551  -21.2235  42.4264  38.259  20
384.1  0  309.415  90.1885  6.70243  21.582  37
384.1  1  518.794  -17.4957  42.4264  -37.278  20
384.2  0  310.085  92.2486  6.70243  20.601  37
384.2  1  523.037  -21.3216  42.4264  38.259  20
384.3  0  310.755  94.2106  6.70243  19.62  37
384.3  1  527.279  -17.5938  42.4264  -37.278  20
384.4  0  311.426  96.0745  6.70243  18.639  37
384.4  1  531.522  -21.4197  42.4264  38.259  20
384.5  0  312.096  97.8403  6.70243  17.658  37
384.5  1  535.765  -17.6919  42.4264  -37.278  20
384.6  0  312.766  99.508  6.70243  16.677  37
384.6  1  540.007  -21.5178  42.4264  38.259  20
384.7  0  313.436  101.078  6.70243  15.696  37
384.7  1  544.25  -17.79  42.4264  -37.278  20
384.8  0  314.107  102.549  6.70243  14.715  37
384.8  1  548.492  -21.6159  42.4264  38.259  20
384.9  0  314.777  103.922  6.70243  13.734  37
384.9  1  552.735  -17.8881  42.4264  -37.278  20
385  0  315.447  105.198  6.70243  12.753  37
385  1  556.978  -21.714  42.4264  38.259  20
385.1  0  316.117  106.375  6.70243  11.772  37
385.1  1  561.22  -17.9862  42.4264  -37.278  20
385.2  0  316.788  107.454  6.70243  10.791  37
385.2  1  565.463  -21.8121  42.4264  38.259  20
385.3  0  317.458  108.435  6.70243  9.81  37
385.3  1  569.706  -18.0843  42.4264  -37.278  20
385.4  0  318.128  109.318  6.70243  8.829  37
385.4  1  573.948  -21.9102  42.4264  38.259  20
385.5  0  318.798  110.103  6.70243  7.848  37
385.5  1  578.191  -18.1824  42.4264  -37.278  20
385.6  0  319.469  110.789  6.70243  6.867  37
385.6  1  582.434  -22.0083  42.4264  38.259  20
385.7  0  320.139  111.378  6.70243  5.886  37
385.7  1  586.676  -18.2805  42.4264  -37.278  20
385.8  0  320.809  111.869  6.70243  4.905  37
385.8  1  590.919  -22.1064  42.4264  38.259  20
385.9  0  321.479  112.261  6.70243  3.924  37
385.9  1  595.161  -18.3786  42.4264  -37.278  20
386  0  322.15  112.555  6.70243  2.943  37
386  1  599.404  -22.2045  42.4264  38.259  20
386.1  0  322.82  112.751  6.70243  1.962  37
386.1  1  603.647  -18.4767  42.4264  -37.278  20
386.2  0  323.49  112.85  6.70243  0.981  37
386.2  1  607.889  -22.3026  42.4264  38.259  20
386.3  0  324.16  112.85  6.70243  1.11022e-15  37
386.3  1  612.132  -18.5748  42.4264  -37.278  20
386.4  0  324.831  112.751  6.70243  -0.981  37
386.4  1  616.375  -22.4007  42.4264  38.259  20
386.5  0  325.501  112.555  6.70243  -1.962  37
386.5  1  620.617  -18.6729  42.4264  -37.278  20
386.6  0  326.171  112.261  6.70243  -2.943  37
386.6  1  624.86  -22.4988  42.4264  38.259  20
386.7  0  326.841  111.869  6.70243  -3.924  37
386.7  1  629.103  -18.771  42.4264  -37.278  20
386.8  0  327.512  111.378  6.70243  -4.905  37
386.8  1  633.345  -22.5969  42.4264  38.259  20
386.9  0  328.182  110.789  6.70243  -5.886  37
386.9  1  637.588  -18.8691  42.4264  -37.278  20
387  0  328.852  110.103  6.70243  -6.867  37
387  1  641.831  -22.695  42.4264  38.259  20
387.1  0  329.522  109.318  6.70243  -7.848  37
387.1  1  646.073  -18.9672  42.4264  -37.278  20
387.2  0  330.192  108.435  6.70243  -8.829  37
387.2  1  650.316  -22.7931  42.4264  38.259  20
387.3  0  330.863  107.454  6.70243  -9.81  37
387.3  1  654.558  -19.0653  42.4264  -37.278  20
387.4  0  331.533  106.375  6.70243  -10.791  37
387.4  1  658.801  -22.8912  42.4264  38.259  20
387.5  0  332.203  105.198  6.70243  -11.772  37
387.5  1  663.044  -19.1634  42.4264  -37.278  20
387.6  0  332.873  103.922  6.70243  -12.753  37
387.6  1  667.286  -22.9893  42.4264  38.259  20
387.7  0  333.544  102.549  6.70243  -13.734  37
387.7  1  671.529  -19.2615  42.4264  -37.278  20
387.8  0  334.214  101.078  6.70243  -14.715  37
387.8  1  675.772  -23.0874  42.4264  38.259  20
387.9  0  334.884  99.508  6.70243  -15.696  37
387.9  1  680.014  -19.3596  42.4264  -37.278  20
388  0  335.554  97.8403  6.70243  -16.677  37
388  1  684.257  -23.1855  42.4264  38.259  20
388.1  0  336.225  96.0745  6.70243  -17.658  37
388.1  1  688.5  -19.4577  42.4264  -37.278  20
388.2  0  336.895  94.2106  6.70243  -18.639  37
388.2  1  692.742  -23.2836  42.4264  38.259  20
388.3  0  337.565  92.2486  6.70243  -19.62  37
388.3  1  696.985  -19.5558  42.4264  -37.278  20
388.4  0  338.235  90.1885  6.70243  -20.601  37
388.4  1  701.227  -23.3817  42.4264  38.259  20
388.5  0  338.906  88.0303  6.70243  -21.582  37
388.5  1  705.47  -19.6539  42.4264  -37.278  20
388.6  0  339.576  85.774  6.70243  -22.563  37
388.6  1  709.713  -23.4798  42.4264  38.259  20
388.7  0  340.246  83.4196  6.70243  -23.544  37
388.7  1  713.955  -19.752  42.4264  -37.278  20
388.8  0  340.916  80.9671  6.70243  -24.525  37
388.8  1  718.198  -23.5779  42.4264  38.259  20
388.9  0  341.587  78.4165  6.70243  -25.506  37
388.9  1  722.441  -19.8501  42.4264  -37.278  20
389  0  342.257  75.7678  6.70243  -26.487  37
389  1  726.683  -23.676  42.4264  38.259  20
389.1  0  342.927  73.021  6.70243  -27.468  37
389.1  1  730.926  -19.9482  42.4264  -37.278  20
389.2  0  343.597  70.1761  6.70243  -28.449  37
389.2  1  735.169  -23.7741  42.4264  38.259  20
389.3  0  344.268  67.2331  6.70243  -29.43  37
389.3  1  739.411  -20.0463  42.4264  -37.278  20
389.4  0  344.938  64.192  6.70243  -30.411  37
389.4  1  743.654  -23.8722  42.4264  38.259  20
389.5  0  345.608  61.0528  6.70243  -31.392  37
389.5  1  747.897  -20.1444  42.4264  -37.278  20
389.6  0  346.278  57.8155  6.70243  -32.373  37
389.6  1  752.139  -23.9703  42.4264  38.259  20
389.7  0  346.949  54.4801  6.70243  -33.354  37
389.7  1  756.382  -20.2425  42.4264  -37.278  20
389.8  0  347.619  51.0466  6.70243  -34.335  37
389.8  1  760.624  -24.0684  42.4264  38.259  20
389.9  0  348.289  47.515  6.70243  -35.316  37
389.9  1  764.867  -20.3406  42.4264  -37.278  20
390  0  348.959  43.8853  6.70243  -36.297  37
390  1  769.11  -24.1665  42.4264  38.259  20
390.1  0  349.63  40.1575  6.70243  -37.278  37
390.1  1  773.352  -20.4387  42.4264  -37.278  20
390.2  0  350.3  36.3316  6.70243  -38.259  37
390.2  1  777.595  -24.2646  42.4264  38.259  20
390.3  0  350.97  32.4076  6.70243  -39.24  37
390.3  1  781.838  -20.5368  42.4264  -37.278  20
390.4  0  351.64  28.3855  6.70243  -40.221  37
390.4  1  786.08  -24.3627  42.4264  38.259  20
390.5  0  352.311  24.2653  6.70243  -41.202  37
390.5  1  790.323  -20.6349  42.4264  -37.278  20
390.6  0  352.981  20.047  6.70243  -42.183  37
390.6  1  794.566  -24.4608  42.4264  38.259  20
390.7  0  353.651  15.7306  6.70243  -43.164  37
390.7  1  798.808  -20.733  42.4264  -37.278  20
390.8  0  354.321  11.3161  6.70243  -44.145  37
390.8  1  803.051  -24.5589  42.4264  38.259  20
390.9  0  354.991  6.80348  6.70243  -45.126  37
390.9  1  807.294  -20.8311  42.4264  -37.278  20
391  0  355.662  2.19278  6.70243  -46.107  37
391  1  811.536  -24.657  42.4264  38.259  20
391.1  0  356.332  -2.51602  6.70243  47.088  37
391.1  1  815.779  -20.9292  42.4264  -37.278  20
391.2  0  357.002  2.09468  6.70243  46.107  37
391.2  1  820.021  -24.7551  42.4264  38.259  20
391.3  0  357.672  6.60728  6.70243  45.126  37
391.3  1  824.264  -21.0273  42.4264  -37.278  20
391.4  0  358.343  11.0218  6.70243  44.145  37
391.4  1  828.507  -24.8532  42.4264  38.259  20
391.5  0  359.013  15.3382  6.70243  43.164  37
391.5  1  832.749  -21.1254  42.4264  -37.278  20
391.6  0  359.683  19.5565  6.70243  42.183  37
391.6  1  836.992  -24.9513  42.4264  38.259  20
391.7  0  360.353  23.6767  6.70243  41.202  37
391.7  1  841.235  -21.2235  42.4264  -37.278  20
391.8  0  361.024  27.6988  6.70243  40.221  37
391.8  1  845.477  -25.0494  42.4264  38.259  20
391.9  0  361.694  31.6228  6.70243  39.24  37
391.9  1  849.72  -21.3216  42.4264  -37.278  20
392  0  362.364  35.4487  6.70243  38.259  37
392  1  853.963  -25.1475  42.4264  38.259  20
392.1  0  363.034  39.1765  6.70243  37.278  37
392.1  1  858.205  -21.4197  42.4264  -37.278  20
392.2  0  363.705  42.8062  6.70243  36.297  37
392.2  1  862.448  -25.2456  42.4264  38.259  20
392.3  0  364.375  46.3378  6.70243  35.316  37
392.3  1  866.69  -21.5178  42.4264  -37.278  20
392.4  0  365.045  49.7713  6.70243  34.335  37
392.4  1  870.933  -25.3437  42.4264  38.259  20
392.5  0  365.715  53.1067  6.70243  33.354  37
392.5  1  875.176  -21.6159  42.4264  -37.278  20
392.6  0  366.386  56.344  6.70243  32.373  37
392.6  1  879.418  -25.4418  42.4264  38.259  20
392.7  0  367.056  59.4832  6.70243  31.392  37
392.7  1  883.661  -21.714  42.4264  -37.278  20
392.8  0  367.726  62.5243  6.70243  30.411  37
392.8  1  887.904  -25.5399  42.4264  38.259  20
392.9  0  368.396  65.4673  6.70243  29.43  37
392.9  1  892.146  -21.8121  42.4264  -37.278  20
393  0  369.067  68.3122  6.70243  28.449  37
393  1  896.389  -25.638  42.4264  38.259  20
393.1  0  369.737  71.059  6.70243  27.468  37
393.1  1  900.632  -21.9102  42.4264  -37.278  20
393.2  0  370.407  73.7077  6.70243  26.487  37
393.2  1  904.874  -25.7361  42.4264  38.259  20
393.3  0  371.077  76.2583  6.70243  25.506  37
393.3  1  909.117  -22.0083  42.4264  -37.278  20
393.4  0  371.748  78.7108  6.70243  24.525  37
393.4  1  913.36  -25.8342  42.4264  38.259  20
393.5  0  372.418  81.0652  6.70243  23.544  37
393.5  1  917.602  -22.1064  42.4264  -37.278  20
393.6  0  373.088  83.3215  6.70243  22.563  37
393.6  1  921.845  -25.9323  42.4264  38.259  20
393.7  0  373.758  85.4797  6.70243  21.582  37
393.7  1  926.087  -22.2045  42.4264  -37.278  20
393.8  0  374.429  87.5398  6.70243  20.601  37
393.8  1  930.33  -26.0304  42.4264  38.259  20
393.9  0  375.099  89.5018  6.70243  19.62  37
393.9  1  934.573  -22.3026  42.4264  -37.278  20
394  0  375.769  91.3657  6.70243  18.639  37
394  1  938.815  -26.1285  42.4264  38.259  20
394.1  0  376.439  93.1315  6.70243  17.658  37
394.1  1  943.058  -22.4007  42.4264  -37.278  20
394.2  0  377.109  94.7992  6.70243  16.677  37
394.2  1  947.301  -26.2266  42.4264  38.259  20
394.3  0  377.78  96.3688  6.70243  15.696  37
394.3  1  951.543  -22.4988  42.4264  -37.278  20
394.4  0  378.45  97.8403  6.70243  14.715  37
394.4  1  955.786  -26.3247  42.4264  38.259  20
394.5  0  379.12  99.2137  6.70243  13.734  37
394.5  1  960.029  -22.5969  42.4264  -37.278  20
394.6  0  379.79  100.489  6.70243  12.753  37
394.6  1  964.271  -26.4228  42.4264  38.259  20
394.7  0  380.461  101.666  6.70243  11.772  37
394.7  1  968.514  -22.695  42.4264  -37.278  20
394.8  0  381.131  102.745  6.70243  10.791  37
394.8  1  972.756  -26.5209  42.4264  38.259  20
394.9  0  381.801  103.726  6.70243  9.81  37
394.9  1  976.999  -22.7931  42.4264  -37.278  20
395  0  382.471  104.609  6.70243  8.829  37
395  1  981.242  -26.619  42.4264  38.259  20
395.1  0  383.142  105.394  6.70243  7.848  37
395.1  1  985.484  -22.8912  42.4264  -37.278  20
395.2  0  383.812  106.081  6.70243  6.867  37
395.2  1  989.727  -26.7171  42.4264  38.259  20
395.3  0  384.482  106.669  6.70243  5.886  37
395.3  1  993.97  -22.9893  42.4264  -37.278  20
395.4  0  385.152  107.16  6.70243  4.905  37
395.4  1  998.212  -26.8152  42.4264  38.259  20
395.5  0  385.823  107.552  6.70243  3.924  37
395.5  1  1002.45  -23.0874  -42.4264  -37.278  20
395.6  0  386.493  107.846  6.70243  2.943  37
395.6  1  998.212  -26.9133  -42.4264  38.259  20
395.7  0  387.163  108.043  6.70243  1.962  37
395.7  1  993.97  -23.1855  -42.4264  -37.278  20
395.8  0  387.833  108.141  6.70243  0.981  37
395.8  1  989.727  -27.0114  -42.4264  38.259  20
395.9  0  388.504  108.141  6.70243  1.11022e-15  37
395.9  1  985.484  -23.2836  -42.4264  -37.278  20
396  0  389.174  108.043  6.70243  -0.981  37
396  1  981.242  -27.1095  -42.4264  38.259  20
396.1  0  389.844  107.846  6.70243  -1.962  37
396.1  1  976.999  -23.3817  -42.4264  -37.278  20
396.2  0  390.514  107.552  6.70243  -2.943  37
396.2  1  972.756  -27.2076  -42.4264  38.259  20
396.3  0  391.185  107.16  6.70243  -3.924  37
396.3  1  968.514  -23.4798  -42.4264  -37.278  20
396.4  0  391.855  106.669  6.70243  -4.905  37
396.4  1  964.271  -27.3057  -42.4264  38.259  20
396.5  0  392.525  106.081  6.70243  -5.886  37
396.5  1  960.029  -23.5779  -42.4264  -37.278  20
396.6  0  393.195  105.394  6.70243  -6.867  37
396.6  1  955.786  -27.4038  -42.4264  38.259  20
396.7  0  393.866  104.609  6.70243  -7.848  37
396.7  1  951.543  -23.676  -42.4264  -37.278  20
396.8  0  394.536  103.726  6.70243  -8.829  37
396.8  1  947.301  -27.5019  -42.4264  38.259  20
396.9  0  395.206  102.745  6.70243  -9.81  37
396.9  1  943.058  -23.7741  -42.4264  -37.278  20
397  0  395.876  101.666  6.70243  -10.791  37
397  1  938.815  -27.6  -42.4264  38.259  20
397.1  0  396.547  100.489  6.70243  -11.772  37
397.1  1  934.573  -23.8722  -42.4264  -37.278  20
397.2  0  397.217  99.2137  6.70243  -12.753  37
397.2  1  930.33  -27.6981  -42.4264  38.259  20
397.3  0  397.887  97.8403  6.70243  -13.734  37
397.3  1  926.087  -23.9703  -42.4264  -37.278  20
397.4  0  398.557  96.3688  6.70243  -14.715  37
397.4  1  921.845  -27.7962  -42.4264  38.259  20
397.5  0  399.227  94.7992  6.70243  -15.696  37
397.5  1  917.602  -24.0684  -42.4264  -37.278  20
397.6  0  399.898  93.1315  6.70243  -16.677  37
397.6  1  913.36  -27.8943  -42.4264  38.259  20
397.7  0  400.568  91.3657  6.70243  -17.658  37
397.7  1  909.117  -24.1665  -42.4264  -37.278  20
397.8  0  401.238  89.5018  6.70243  -18.639  37
397.8  1  904.874  -27.9924  -42.4264  38.259  20
397.9  0  401.908  87.5398  6.70243  -19.62  37
397.9  1  900.632  -24.2646  -42.4264  -37.278  20
398  0  402.579  85.4797  6.70243  -20.601  37
398  1  896.389  -28.0905  -42.4264  38.259  20
398.1  0  403.249  83.3215  6.70243  -21.582  37
398.1  1  892.146  -24.3627  -42.4264  -37.278  20
398.2  0  403.919  81.0652  6.70243  -22.563  37
398.2  1  887.904  -28.1886  -42.4264  38.259  20
398.3  0  404.589  78.7108  6.70243  -23.544  37
398.3  1  883.661  -24.4608  -42.4264  -37.278  20
398.4  0  405.26  76.2583  6.70243  -24.525  37
398.4  1  879.418  -28.2867  -42.4264  38.259  20
398.5  0  405.93  73.7077  6.70243  -25.506  37
398.5  1  875.176  -24.5589  -42.4264  -37.278  20
398.6  0  406.6  71.059  6.70243  -26.487  37
398.6  1  870.933  -28.3848  -42.4264  38.259  20
398.7  0  407.27  68.3122  6.70243  -27.468  37
398.7  1  866.69  -24.657  -42.4264  -37.278  20
398.8  0  407.941  65.4673  6.70243  -28.449  37
398.8  1  862.448  -28.4829  -42.4264  38.259  20
398.9  0  408.611  62.5243  6.70243  -29.43  37
398.9  1  858.205  -24.7551  -42.4264  -37.278  20
399  0  409.281  59.4832  6.70243  -30.411  37
399  1  853.963  -28.581  -42.4264  38.259  20
399.1  0  409.951  56.344  6.70243  -31.392  37
399.1  1  849.72  -24.8532  -42.4264  -37.278  20
399.2  0  410.622  53.1067  6.70243  -32.373  37
399.2  1  845.477  -28.6791  -42.4264  38.259  20
399.3  0  411.292  49.7713  6.70243  -33.354  37
399.3  1  841.235  -24.9513  -42.4264  -37.278  20
399.4  0  411.962  46.3378  6.70243  -34.335  37
399.4  1  836.992  -28.7772  -42.4264  38.259  20
399.5  0  412.632  42.8062  6.70243  -35.316  37
399.5  1  832.749  -25.0494  -42.4264  -37.278  20
399.6  0  413.303  39.1765  6.70243  -36.297  37
399.6  1  828.507  -28.8753  -42.4264  38.259  20
399.7  0  413.973  35.4487  6.70243  -37.278  37
399.7  1  824.264  -25.1475  -42.4264  -37.278  20
399.8  0  414.643  31.6228  6.70243  -38.259  37
399.8  1  820.021  -28.9734  -42.4264  38.259  20
399.9  0  415.313  27.6988  6.70243  -39.24  37
399.9  1  815.779  -25.2456  -42.4264  -37.278  20
400  0  415.984  23.6767  6.70243  -40.221  37
400  1  811.536  -29.0715  -42.4264  38.259  20
400.1  0  416.654  19.5565  6.70243  -41.202  37
400.1  1  807.294  -25.3437  -42.4264  -37.278  20
400.2  0  417.324  15.3382  6.70243  -42.183  37
400.2  1  803.051  -29.1696  -42.4264  38.259  20
400.3  0  417.994  11.0218  6.70243  -43.164  37
400.3  1  798.808  -25.4418  -42.4264  -37.278  20
400.4  0  418.665  6.60728  6.70243  -44.145  37
400.4  1  794.566  -29.2677  -42.4264  38.259  20
400.5  0  419.335  2.09468  6.70243  -45.126  37
400.5  1  790.323  -25.5399  -42.4264  -37.278  20
400.6  0  420.005  -2.51602  6.70243  46.107  37
400.6  1  786.08  -29.3658  -42.4264  38.259  20
400.7  0  420.675  1.99658  6.70243  45.126  37
400.7  1  781.838  -25.638  -42.4264  -37.278  20
400.8  0  421.345  6.41108  6.70243  44.145  37
400.8  1  777.595  -29.4639  -42.4264  38.259  20
400.9  0  422.016  10.7275  6.70243  43.164  37
400.9  1  773.352  -25.7361  -42.4264  -37.278  20
401  0  422.686  14.9458  6.70243  42.183  37
401  1  769.11  -29.562  -42.4264  38.259  20
401.1  0  423.356  19.066  6.70243  41.202  37
401.1  1  764.867  -25.8342  -42.4264  -37.278  20
401.2  0  424.026  23.0881  6.70243  40.221  37
401.2  1  760.624  -29.6601  -42.4264  38.259  20
401.3  0  424.697  27.0121  6.70243  39.24  37
401.3  1  756.382  -25.9323  -42.4264  -37.278  20
401.4  0  425.367  30.838  6.70243  38.259  37
401.4  1  752.139  -29.7582  -42.4264  38.259  20
401.5  0  426.037  34.5658  6.70243  37.278  37
401.5  1  747.897  -26.0304  -42.4264  -37.278  20
401.6  0  426.707  38.1955  6.70243  36.297  37
401.6  1  743.654  -29.8563  -42.4264  38.259  20
401.7  0  427.378  41.7271  6.70243  35.316  37
401.7  1  739.411  -26.1285  -42.4264  -37.278  20
401.8  0  428.048  45.1606  6.70243  34.335  37
401.8  1  735.169  -29.9544  -42.4264  38.259  20
401.9  0  428.718  48.496  6.70243  33.354  37
401.9  1  730.926  -26.2266  -42.4264  -37.278  20
402  0  429.388  51.7333  6.70243  32.373  37
402  1  726.683  -30.0525  -42.4264  38.259  20
402.1  0  430.059  54.8725  6.70243  31.392  37
402.1  1  722.441  -26.3247  -42.4264  -37.278  20
402.2  0  430.729  57.9136  6.70243  30.411  37
402.2  1  718.198  -30.1506  -42.4264  38.259  20
402.3  0  431.399  60.8566  6.70243  29.43  37
402.3  1  713.955  -26.4228  -42.4264  -37.278  20
402.4  0  432.069  63.7015  6.70243  28.449  37
402.4  1  709.713  -30.2487  -42.4264  38.259  20
402.5  0  432.74  66.4483  6.70243  27.468  37
402.5  1  705.47  -26.5209  -42.4264  -37.278  20
402.6  0  433.41  69.097  6.70243  26.487  37
402.6  1  701.227  -30.3468  -42.4264  38.259  20
402.7  0  434.08  71.6476  6.70243  25.506  37
402.7  1  696.985  -26.619  -42.4264  -37.278  20
402.8  0  434.75  74.1001  6.70243  24.525  37
402.8  1  692.742  -30.4449  -42.4264  38.259  20
402.9  0  435.421  76.4545  6.70243  23.544  37
402.9  1  688.5  -26.7171  -42.4264  -37.278  20
403  0  436.091  78.7108  6.70243  22.563  37
403  1  684.257  -30.543  -42.4264  38.259  20
403.1  0  436.761  80.869  6.70243  21.582  37
403.1  1  680.014  -26.8152  -42.4264  -37.278  20
403.2  0  437.431  82.9291  6.70243  20.601  37
403.2  1  675.772  -30.6411  -42.4264  38.259  20
403.3  0  438.102  84.8911  6.70243  19.62  37
403.3  1  671.529  -26.9133  -42.4264  -37.278  20
403.4  0  438.772  86.755  6.70243  18.639  37
403.4  1  667.286  -30.7392  -42.4264  38.259  20
403.5  0  439.442  88.5208  6.70243  17.658  37
403.5  1  663.044  -27.0114  -42.4264  -37.278  20
403.6  0  440.112  90.1885  6.70243  16.677  37
403.6  1  658.801  -30.8373  -42.4264  38.259  20
403.7  0  440.783  91.7581  6.70243  15.696  37
403.7  1  654.558  -27.1095  -42.4264  -37.278  20
403.8  0  441.453  93.2296  6.70243  14.715  37
403.8  1  650.316  -30.9354  -42.4264  38.259  20
403.9  0  442.123  94.603  6.70243  13.734  37
403.9  1  646.073  -27.2076  -42.4264  -37.278  20
404  0  442.793  95.8783  6.70243  12.753  37
404  1  641.831  -31.0335  -42.4264  38.259  20
404.1  0  443.463  97.0555  6.70243  11.772  37
404.1  1  637.588  -27.3057  -42.4264  -37.278  20
404.2  0  444.134  98.1346  6.70243  10.791  37
404.2  1  633.345  -31.1316  -42.4264  38.259  20
404.3  0  444.804  99.1156  6.70243  9.81  37
404.3  1  629.103  -27.4038  -42.4264  -37.278  20
404.4  0  445.474  99.9985  6.70243  8.829  37
404.4  1  624.86  -31.2297  -42.4264  38.259  20
404.5  0  446.144  100.783  6.70243  7.848  37
404.5  1  620.617  -27.5019  -42.4264  -37.278  20
404.6  0  446.815  101.47  6.70243  6.867  37
404.6  1  616.375  -31.3278  -42.4264  38.259  20
404.7  0  447.485  102.059  6.70243  5.886  37
404.7  1  612.132  -27.6  -42.4264  -37.278  20
404.8  0  448.155  102.549  6.70243  4.905  37
404.8  1  607.889  -31.4259  -42.4264  38.259  20
404.9  0  448.825  102.941  6.70243  3.924  37
404.9  1  603.647  -27.6981  -42.4264  -37.278  20
405  0  449.496  103.236  6.70243  2.943  37
405  1  599.404  -31.524  -42.4264  38.259  20
405.1  0  450.166  103.432  6.70243  1.962  37
405.1  1  595.161  -27.7962  -42.4264  -37.278  20
405.2  0  450.836  103.53  6.70243  0.981  37
405.2  1  590.919  -31.6221  -42.4264  38.259  20
405.3  0  451.506  103.53  6.70243  1.11022e-15  37
405.3  1  586.676  -27.8943  -42.4264  -37.278  20
405.4  0  452.177  103.432  6.70243  -0.981  37
405.4  1  582.434  -31.7202  -42.4264  38.259  20
405.5  0  452.847  103.236  6.70243  -1.962  37
405.5  1  578.191  -27.9924  -42.4264  -37.278  20
405.6  0  453.517  102.941  6.70243  -2.943  37
405.6  1  573.948  -31.8183  -42.4264  38.259  20
405.7  0  454.187  102.549  6.70243  -3.924  37
405.7  1  569.706  -28.0905  -42.4264  -37.278  20
405.8  0  454.858  102.059  6.70243  -4.905  37
405.8  1  565.463  -31.9164  -42.4264  38.259  20
405.9  0  455.528  101.47  6.70243  -5.886  37
405.9  1  561.22  -28.1886  -42.4264  -37.278  20
406  0  456.198  100.783  6.70243  -6.867  37
406  1  556.978  -32.0145  -42.4264  38.259  20
406.1  0  456.868  99.9985  6.70243  -7.848  37
406.1  1  552.735  -28.2867  -42.4264  -37.278  20
406.2  0  457.539  99.1156  6.70243  -8.829  37
406.2  1  548.492  -32.1126  -42.4264  38.259  20
406.3  0  458.209  98.1346  6.70243  -9.81  37
406.3  1  544.25  -28.3848  -42.4264  -37.278  20
406.4  0  458.879  97.0555  6.70243  -10.791  37
406.4  1  540.007  -32.2107  -42.4264  38.259  20
406.5  0  459.549  95.8783  6.70243  -11.772  37
406.5  1  535.765  -28.4829  -42.4264  -37.278  20
406.6  0  460.22  94.603  6.70243  -12.753  37
406.6  1  531.522  -32.3088  -42.4264  38.259  20
406.7  0  460.89  93.2296  6.70243  -13.734  37
406.7  1  527.279  -28.581  -42.4264  -37.278  20
406.8  0  461.56  91.7581  6.70243  -14.715  37
406.8  1  523.037  -32.4069  -42.4264  38.259  20
406.9  0  462.23  90.1885  6.70243  -15.696  37
406.9  1  518.794  -28.6791  -42.4264  -37.278  20
407  0  462.901  88.5208  6.70243  -16.677  37
407  1  514.551  -32.505  -42.4264  38.259  20
407.1  0  463.571  86.755  6.70243  -17.658  37
407.1  1  510.309  -28.7772  -42.4264  -37.278  20
407.2  0  464.241  84.8911  6.70243  -18.639  37
407.2  1  506.066  -32.6031  -42.4264  38.259  20
407.3  0  464.911  82.9291  6.70243  -19.62  37
407.3  1  501.823  -28.8753  -42.4264  -37.278  20
407.4  0  465.581  80.869  6.70243  -20.601  37
407.4  1  497.581  -32.7012  -42.4264  38.259  20
407.5  0  466.252  78.7108  6.70243  -21.582  37
407.5  1  493.338  -28.9734  -42.4264  -37.278  20
407.6  0  466.922  76.4545  6.70243  -22.563  37
407.6  1  489.095  -32.7993  -42.4264  38.259  20
407.7  0  467.592  74.1001  6.70243  -23.544  37
407.7  1  484.853  -29.0715  -42.4264  -37.278  20
407.8  0  468.262  71.6476  6.70243  -24.525  37
407.8  1  480.61  -32.8974  -42.4264  38.259  20
407.9  0  468.933  69.097  6.70243  -25.506  37
407.9  1  476.368  -29.1696  -42.4264  -37.278  20
408  0  469.603  66.4483  6.70243  -26.487  37
408  1  472.125  -32.9955  -42.4264  38.259  20
408.1  0  470.273  63.7015  6.70243  -27.468  37
408.1  1  467.882  -29.2677  -42.4264  -37.278  20
408.2  0  470.943  60.8566  6.70243  -28.449  37
408.2  1  463.64  -33.0936  -42.4264  38.259  20
408.3  0  471.614  57.9136  6.70243  -29.43  37
408.3  1  459.397  -29.3658  -42.4264  -37.278  20
408.4  0  472.284  54.8725  6.70243  -30.411  37
408.4  1  455.154  -33.1917  -42.4264  38.259  20
408.5  0  472.954  51.7333  6.70243  -31.392  37
408.5  1  450.912  -29.4639  -42.4264  -37.278  20
408.6  0  473.624  48.496  6.70243  -32.373  37
408.6  1  446.669  -33.2898  -42.4264  38.259  20
408.7  0  474.295  45.1606  6.70243  -33.354  37
408.7  1  442.426  -29.562  -42.4264  -37.278  20
408.8  0  474.965  41.7271  6.70243  -34.335  37
408.8  1  438.184  -33.3879  -42.4264  38.259  20
408.9  0  475.635  38.1955  6.70243  -35.316  37
408.9  1  433.941  -29.6601  -42.4264  -37.278  20
409  0  476.305  34.5658  6.70243  -36.297  37
409  1  429.698  -33.486  -42.4264  38.259  20
409.1  0  476.976  30.838  6.70243  -37.278  37
409.1  1  425.456  -29.7582  -42.4264  -37.278  20
409.2  0  477.646  27.0121  6.70243  -38.259  37
409.2  1  421.213  -33.5841  -42.4264  38.259  20
409.3  0  478.316  23.0881  6.70243  -39.24  37
409.3  1  416.971  -29.8563  -42.4264  -37.278  20
409.4  0  478.986  19.066  6.70243  -40.221  37
409.4  1  412.728  -33.6822  -42.4264  38.259  20
409.5  0  479.657  14.9458  6.70243  -41.202  37
409.5  1  408.485  -29.9544  -42.4264  -37.278  20
409.6  0  480.327  10.7275  6.70243  -42.183  37
409.6  1  404.243  -33.7803  -42.4264  38.259  20
409.7  0  480.997  6.41108  6.70243  -43.164  37
409.7  1  400  -30.0525  -42.4264  -37.278  20
409.8  0  481.667  1.99658  6.70243  -44.145  37
409.8  1  395.757  -33.8784  -42.4264  38.259  20
409.9  0  482.338  -2.51602  6.70243  45.126  37
409.9  1  391.515  -30.1506  -42.4264  -37.278  20
410  0  483.008  1.89848  6.70243  44.145  37
410  1  387.272  -33.9765  -42.4264  38.259  20
410.1  0  483.678  6.21488  6.70243  43.164  37
410.1  1  383.029  -30.2487  -42.4264  -37.278  20
410.2  0  484.348  10.4332  6.70243  42.183  37
410.2  1  378.787  -34.0746  -42.4264  38.259  20
410.3  0  485.019  14.5534  6.70243  41.202  37
410.3  1  374.544  -30.3468  -42.4264  -37.278  20
410.4  0  485.689  18.5755  6.70243  40.221  37
410.4  1  370.302  -34.1727  -42.4264  38.259  20
410.5  0  486.359  22.4995  6.70243  39.24  37
410.5  1  366.059  -30.4449  -42.4264  -37.278  20
410.6  0  487.029  26.3254  6.70243  38.259  37
410.6  1  361.816  -34.2708  -42.4264  38.259  20
410.7  0  487.7  30.0532  6.70243  37.278  37
410.7  1  357.574  -30.543  -42.4264  -37.278  20
410.8  0  488.37  33.6829  6.70243  36.297  37
410.8  1  353.331  -34.3689  -42.4264  38.259  20
410.9  0  489.04  37.2145  6.70243  35.316  37
410.9  1  349.088  -30.6411  -42.4264  -37.278  20
411  0  489.71  40.648  6.70243  34.335  37
411  1  344.846  -34.467  -42.4264  38.259  20
411.1  0  490.38  43.9834  6.70243  33.354  37
411.1  1  340.603  -30.7392  -42.4264  -37.278  20
411.2  0  491.051  47.2207  6.70243  32.373  37
411.2  1  336.36  -34.5651  -42.4264  38.259  20
411.3  0  491.721  50.3599  6.70243  31.392  37
411.3  1  332.118  -30.8373  -42.4264  -37.278  20
411.4  0  492.391  53.401  6.70243  30.411  37
411.4  1  327.875  -34.6632  -42.4264  38.259  20
411.5  0  493.061  56.344  6.70243  29.43  37
411.5  1  323.632  -30.9354  -42.4264  -37.278  20
411.6  0  493.732  59.1889  6.70243  28.449  37
411.6  1  319.39  -34.7613  -42.4264  38.259  20
411.7  0  494.402  61.9357  6.70243  27.468  37
411.7  1  315.147  -31.0335  -42.4264  -37.278  20
411.8  0  495.072  64.5844  6.70243  26.487  37
411.8  1  310.905  -34.8594  -42.4264  38.259  20
411.9  0  495.742  67.135  6.70243  25.506  37
411.9  1  306.662  -31.1316  -42.4264  -37.278  20
412  0  496.413  69.5875  6.70243  24.525  37
412  1  302.419  -34.9575  -42.4264  38.259  20
412.1  0  497.083  71.9419  6.70243  23.544  37
412.1  1  298.177  -31.2297  -42.4264  -37.278  20
412.2  0  497.753  74.1982  6.70243  22.563  37
412.2  1  293.934  -35.0556  -42.4264  38.259  20
412.3  0  498.423  76.3564  6.70243  21.582  37
412.3  1  289.691  -31.3278  -42.4264  -37.278  20
412.4  0  499.094  78.4165  6.70243  20.601  37
412.4  1  285.449  -35.1537  -42.4264  38.259  20
412.5  0  499.764  80.3785  6.70243  19.62  37
412.5  1  281.206  -31.4259  -42.4264  -37.278  20
412.6  0  500.434  82.2424  6.70243  18.639  37
412.6  1  276.963  -35.2518  -42.4264  38.259  20
412.7  0  501.104  84.0082  6.70243  17.658  37
412.7  1  272.721  -31.524  -42.4264  -37.278  20
412.8  0  501.775  85.6759  6.70243  16.677  37
412.8  1  268.478  -35.3499  -42.4264  38.259  20
412.9  0  502.445  87.2455  6.70243  15.696  37
412.9  1  264.235  -31.6221  -42.4264  -37.278  20
413  0  503.115  88.717  6.70243  14.715  37
413  1  259.993  -35.448  -42.4264  38.259  20
413.1  0  503.785  90.0904  6.70243  13.734  37
413.1  1  255.75  -31.7202  -42.4264  -37.278  20
413.2  0  504.456  91.3657  6.70243  12.753  37
413.2  1  251.508  -35.5461  -42.4264  38.259  20
413.3  0  505.126  92.5429  6.70243  11.772  37
413.3  1  247.265  -31.8183  -42.4264  -37.278  20
413.4  0  505.796  93.622  6.70243  10.791  37
413.4  1  243.022  -35.6442  -42.4264  38.259  20
413.5  0  506.466  94.603  6.70243  9.81  37
413.5  1  238.78  -31.9164  -42.4264  -37.278  20
413.6  0  507.137  95.4859  6.70243  8.829  37
413.6  1  234.537  -35.7423  -42.4264  38.259  20
413.7  0  507.807  96.2707  6.70243  7.848  37
413.7  1  230.294  -32.0145  -42.4264  -37.278  20
413.8  0  508.477  96.9574  6.70243  6.867  37
413.8  1  226.052  -35.8404  -42.4264  38.259  20
413.9  0  509.147  97.546  6.70243  5.886  37
413.9  1  221.809  -32.1126  -42.4264  -37.278  20
414  0  509.818  98.0365  6.70243  4.905  37
414  1  217.566  -35.9385  -42.4264  38.259  20
414.1  0  510.488  98.4289  6.70243  3.924  37
414.1  1  213.324  -32.2107  -42.4264  -37.278  20
414.2  0  511.158  98.7232  6.70243  2.943  37
414.2  1  209.081  -36.0366  -42.4264  38.259  20
414.3  0  511.828  98.9194  6.70243  1.962  37
414.3  1  204.839  -32.3088  -42.4264  -37.278  20
414.4  0  512.498  99.0175  6.70243  0.981  37
414.4  1  200.596  -36.1347  -42.4264  38.259  20
414.5  0  513.169  99.0175  6.70243  1.11022e-15  37
414.5  1  196.353  -32.4069  -42.4264  -37.278  20
414.6  0  513.839  98.9194  6.70243  -0.981  37
414.6  1  192.111  -36.2328  -42.4264  38.259  20
414.7  0  514.509  98.7232  6.70243  -1.962  37
414.7  1  187.868  -32.505  -42.4264  -37.278  20
414.8  0  515.179  98.4289  6.70243  -2.943  37
414.8  1  183.625  -36.3309  -42.4264  38.259  20
414.9  0  515.85  98.0365  6.70243  -3.924  37
414.9  1  179.383  -32.6031  -42.4264  -37.278  20
415  0  516.52  97.546  6.70243  -4.905  37
415  1  175.14  -36.429  -42.4264  38.259  20
415.1  0  517.19  96.9574  6.70243  -5.886  37
415.1  1  170.897  -32.7012  -42.4264  -37.278  20
415.2  0  517.86  96.2707  6.70243  -6.867  37
415.2  1  166.655  -36.5271  -42.4264  38.259  20
415.3  0  518.531  95.4859  6.70243  -7.848  37
415.3  1  162.412  -32.7993  -42.4264  -37.278  20
415.4  0  519.201  94.603  6.70243  -8.829  37
415.4  1  158.169  -36.6252  -42.4264  38.259  20
415.5  0  519.871  93.622  6.70243  -9.81  37
415.5  1  153.927  -32.8974  -42.4264  -37.278  20
415.6  0  520.541  92.5429  6.70243  -10.791  37
415.6  1  149.684  -36.7233  -42.4264  38.259  20
415.7  0  521.212  91.3657  6.70243  -11.772  37
415.7  1  145.442  -32.9955  -42.4264  -37.278  20
415.8  0  521.882  90.0904  6.70243  -12.753  37
415.8  1  141.199  -36.8214  -42.4264  38.259  20
415.9  0  522.552  88.717  6.70243  -13.734  37
415.9  1  136.956  -33.0936  -42.4264  -37.278  20
416  0  523.222  87.2455  6.70243  -14.715  37
416  1  132.714  -36.9195  -42.4264  38.259  20
416.1  0  523.893  85.6759  6.70243  -15.696  37
416.1  1  128.471  -33.1917  -42.4264  -37.278  20
416.2  0  524.563  84.0082  6.70243  -16.677  37
416.2  1  124.228  -37.0176  -42.4264  38.259  20
416.3  0  525.233  82.2424  6.70243  -17.658  37
416.3  1  119.986  -33.2898  -42.4264  -37.278  20
416.4  0  525.903  80.3785  6.70243  -18.639  37
416.4  1  115.743  -37.1157  -42.4264  38.259  20
416.5  0  526.574  78.4165  6.70243  -19.62  37
416.5  1  111.5  -33.3879  -42.4264  -37.278  20
416.6  0  527.244  76.3564  6.70243  -20.601  37
416.6  1  107.258  -37.2138  -42.4264  38.259  20
416.7  0  527.914  74.1982  6.70243  -21.582  37
416.7  1  103.015  -33.486  -42.4264  -37.278  20
416.8  0  528.584  71.9419  6.70243  -22.563  37
416.8  1  98.7725  -37.3119  -42.4264  38.259  20
416.9  0  529.255  69.5875  6.70243  -23.544  37
416.9  1  94.5299  -33.5841  -42.4264  -37.278  20
417  0  529.925  67.135  6.70243  -24.525  37
417  1  90.2872  -37.41  -42.4264  38.259  20
417.1  0  530.595  64.5844  6.70243  -25.506  37
417.1  1  86.0446  -33.6822  -42.4264  -37.278  20
417.2  0  531.265  61.9357  6.70243  -26.487  37
417.2  1  81.8019  -37.5081  -42.4264  38.259  20
417.3  0  531.936  59.1889  6.70243  -27.468  37
417.3  1  77.5593  -33.7803  -42.4264  -37.278  20
417.4  0  532.606  56.344  6.70243  -28.449  37
417.4  1  73.3167  -37.6062  -42.4264  38.259  20
417.5  0  533.276  53.401  6.70243  -29.43  37
417.5  1  69.074  -33.8784  -42.4264  -37.278  20
417.6  0  533.946  50.3599  6.70243  -30.411  37
417.6  1  64.8314  -37.7043  -42.4264  38.259  20
417.7  0  534.616  47.2207  6.70243  -31.392  37
417.7  1  60.5887  -33.9765  -42.4264  -37.278  20
417.8  0  535.287  43.9834  6.70243  -32.373  37
417.8  1  56.3461  -37.8024  -42.4264  38.259  20
417.9  0  535.957  40.648  6.70243  -33.354  37
417.9  1  52.1035  -34.0746  -42.4264  -37.278  20
418  0  536.627  37.2145  6.70243  -34.335  37
418  1  47.8608  -37.9005  -42.4264  38.259  20
418.1  0  537.297  33.6829  6.70243  -35.316  37
418.1  1  43.6182  -34.1727  -42.4264  -37.278  20
418.2  0  537.968  30.0532  6.70243  -36.297  37
418.2  1  39.3755  -37.9986  -42.4264  38.259  20
418.3  0  538.638  26.3254  6.70243  -37.278  37
418.3  1  35.1329  -34.2708  -42.4264  -37.278  20
418.4  0  539.308  22.4995  6.70243  -38.259  37
418.4  1  30.8903  -38.0967  -42.4264  38.259  20
418.5  0  539.978  18.5755  6.70243  -39.24  37
418.5  1  26.6476  -34.3689  -42.4264  -37.278  20
418.6  0  540.649  14.5534  6.70243  -40.221  37
418.6  1  22.405  -38.1948  -42.4264  38.259  20
418.7  0  541.319  10.4332  6.70243  -41.202  37
418.7  1  18.1623  -34.467  -42.4264  -37.278  20
418.8  0  541.989  6.21488  6.70243  -42.183  37
418.8  1  13.9197  -38.2929  -42.4264  38.259  20
418.9  0  542.659  1.89848  6.70243  -43.164  37
418.9  1  9.67706  -34.5651  -42.4264  -37.278  20
419  0  543.33  -2.51602  6.70243  44.145  37
419  1  5.43442  -38.391  -42.4264  38.259  20
419.1  0  544  1.80038  6.70243  43.164  37
419.1  1  1.19178  -34.6632  -42.4264  -37.278  20
419.2  0  544.67  6.01868  6.70243  42.183  37
419.2  1  -3.05087  -38.4891  42.4264  38.259  20
419.3  0  545.34  10.1389  6.70243  41.202  37
419.3  1  1.19178  -34.7613  42.4264  -37.278  20
419.4  0  546.011  14.161  6.70243  40.221  37
419.4  1  5.43442  -38.5872  42.4264  38.259  20
419.5  0  546.681  18.085  6.70243  39.24  37
419.5  1  9.67706  -34.8594  42.4264  -37.278  20
419.6  0  547.351  21.9109  6.70243  38.259  37
419.6  1  13.9197  -38.6853  42.4264  38.259  20
419.7  0  548.021  25.6387  6.70243  37.278  37
419.7  1  18.1623  -34.9575  42.4264  -37.278  20
419.8  0  548.692  29.2684  6.70243  36.297  37
419.8  1  22.405  -38.7834  42.4264  38.259  20
419.9  0  549.362  32.8  6.70243  35.316  37
419.9  1  26.6476  -35.0556  42.4264  -37.278  20
420  0  550.032  36.2335  6.70243  34.335  37
420  1  30.8903  -38.8815  42.4264  38.259  20
420.1  0  550.702  39.5689  6.70243  33.354  37
420.1  1  35.1329  -35.1537  42.4264  -37.278  20
420.2  0  551.373  42.8062  6.70243  32.373  37
420.2  1  39.3755  -38.9796  42.4264  38.259  20
420.3  0  552.043  45.9454  6.70243  31.392  37
420.3  1  43.6182  -35.2518  42.4264  -37.278  20
420.4  0  552.713  48.9865  6.70243  30.411  37
420.4  1  47.8608  -39.0777  42.4264  38.259  20
420.5  0  553.383  51.9295  6.70243  29.43  37
420.5  1  52.1035  -35.3499  42.4264  -37.278  20
420.6  0  554.054  54.7744  6.70243  28.449  37
420.6  1  56.3461  -39.1758  42.4264  38.259  20
420.7  0  554.724  57.5212  6.70243  27.468  37
420.7  1  60.5887  -35.448  42.4264  -37.278  20
420.8  0  555.394  60.1699  6.70243  26.487  37
420.8  1  64.8314  -39.2739  42.4264  38.259  20
420.9  0  556.064  62.7205  6.70243  25.506  37
420.9  1  69.074  -35.5461  42.4264  -37.278  20
421  0  556.734  65.173  6.70243  24.525  37
421  1  73.3167  -39.372  42.4264  38.259  20
421.1  0  557.405  67.5274  6.70243  23.544  37
421.1  1  77.5593  -35.6442  42.4264  -37.278  20
421.2  0  558.075  69.7837  6.70243  22.563  37
421.2  1  81.8019  -39.4701  42.4264  38.259  20
421.3  0  558.745  71.9419  6.70243  21.582  37
421.3  1  86.0446  -35.7423  42.4264  -37.278  20
421.4  0  559.415  74.002  6.70243  20.601  37
421.4  1  90.2872  -39.5682  42.4264  38.259  20
421.5  0  560.086  75.964  6.70243  19.62  37
421.5  1  94.5299  -35.8404  42.4264  -37.278  20
421.6  0  560.756  77.8279  6.70243  18.639  37
421.6  1  98.7725  -39.6663  42.4264  38.259  20
421.7  0  561.426  79.5937  6.70243  17.658  37
421.7  1  103.015  -35.9385  42.4264  -37.278  20
421.8  0  562.096  81.2614  6.70243  16.677  37
421.8  1  107.258  -39.7644  42.4264  38.259  20
421.9  0  562.767  82.831  6.70243  15.696  37
421.9  1  111.5  -36.0366  42.4264  -37.278  20
422  0  563.437  84.3025  6.70243  14.715  37
422  1  115.743  -39.8625  42.4264  38.259  20
422.1  0  564.107  85.6759  6.70243  13.734  37
422.1  1  119.986  -36.1347  42.4264  -37.278  20
422.2  0  564.777  86.9512  6.70243  12.753  37
422.2  1  124.228  -39.9606  42.4264  38.259  20
422.3  0  565.448  88.1284  6.70243  11.772  37
422.3  1  128.471  -36.2328  42.4264  -37.278  20
422.4  0  566.118  89.2075  6.70243  10.791  37
422.4  1  132.714  -40.0587  42.4264  38.259  20
422.5  0  566.788  90.1885  6.70243  9.81  37
422.5  1  136.956  -36.3309  42.4264  -37.278  20
422.6  0  567.458  91.0714  6.70243  8.829  37
422.6  1  141.199  -40.1568  42.4264  38.259  20
422.7  0  568.129  91.8562  6.70243  7.848  37
422.7  1  145.442  -36.429  42.4264  -37.278  20
422.8  0  568.799  92.5429  6.70243  6.867  37
422.8  1  149.684  -40.2549  42.4264  38.259  20
422.9  0  569.469  93.1315  6.70243  5.886  37
422.9  1  153.927  -36.5271  42.4264  -37.278  20
423  0  570.139  93.622  6.70243  4.905  37
423  1  158.169  -40.353  42.4264  38.259  20
423.1  0  570.81  94.0144  6.70243  3.924  37
423.1  1  162.412  -36.6252  42.4264  -37.278  20
423.2  0  571.48  94.3087  6.70243  2.943  37
423.2  1  166.655  -40.4511  42.4264  38.259  20
423.3  0  572.15  94.5049  6.70243  1.962  37
423.3  1  170.897  -36.7233  42.4264  -37.278  20
423.4  0  572.82  94.603  6.70243  0.981  37
423.4  1  175.14  -40.5492  42.4264  38.259  20
423.5  0  573.491  94.603  6.70243  1.11022e-15  37
423.5  1  179.383  -36.8214  42.4264  -37.278  20
423.6  0  574.161  94.5049  6.70243  -0.981  37
423.6  1  183.625  -40.6473  42.4264  38.259  20
423.7  0  574.831  94.3087  6.70243  -1.962  37
423.7  1  187.868  -36.9195  42.4264  -37.278  20
423.8  0  575.501  94.0144  6.70243  -2.943  37
423.8  1  192.111  -40.7454  42.4264  38.259  20
423.9  0  576.172  93.622  6.70243  -3.924  37
423.9  1  196.353  -37.0176  42.4264  -37.278  20
424  0  576.842  93.1315  6.70243  -4.905  37
424  1  200.596  -40.8435  42.4264  38.259  20
424.1  0  577.512  92.5429  6.70243  -5.886  37
424.1  1  204.839  -37.1157  42.4264  -37.278  20
424.2  0  578.182  91.8562  6.70243  -6.867  37
424.2  1  209.081  -40.9416  42.4264  38.259  20
424.3  0  578.852  91.0714  6.70243  -7.848  37
424.3  1  213.324  -37.2138  42.4264  -37.278  20
424.4  0  579.523  90.1885  6.70243  -8.829  37
424.4  1  217.566  -41.0397  42.4264  38.259  20
424.5  0  580.193  89.2075  6.70243  -9.81  37
424.5  1  221.809  -37.3119  42.4264  -37.278  20
424.6  0  580.863  88.1284  6.70243  -10.791  37
424.6  1  226.052  -41.1378  42.4264  38.259  20
424.7  0  581.533  86.9512  6.70243  -11.772  37
424.7  1  230.294  -37.41  42.4264  -37.278  20
424.8  0  582.204  85.6759  6.70243  -12.753  37
424.8  1  234.537  -41.2359  42.4264  38.259  20
424.9  0  582.874  84.3025  6.70243  -13.734  37
424.9  1  238.78  -37.5081  42.4264  -37.278  20
425  0  583.544  82.831  6.70243  -14.715  37
425  1  243.022  -41.334  42.4264  38.259  20
425.1  0  584.214  81.2614  6.70243  -15.696  37
425.1  1  247.265  -37.6062  42.4264  -37.278  20
425.2  0  584.885  79.5937  6.70243  -16.677  37
425.2  1  251.508  -41.4321  42.4264  38.259  20
425.3  0  585.555  77.8279  6.70243  -17.658  37
425.3  1  255.75  -37.7043  42.4264  -37.278  20
425.4  0  586.225  75.964  6.70243  -18.639  37
425.4  1  259.993  -41.5302  42.4264  38.259  20
425.5  0  586.895  74.002  6.70243  -19.62  37
425.5  1  264.235  -37.8024  42.4264  -37.278  20
425.6  0  587.566  71.9419  6.70243  -20.601  37
425.6  1  268.478  -41.6283  42.4264  38.259  20
425.7  0  588.236  69.7837  6.70243  -21.582  37
425.7  1  272.721  -37.9005  42.4264  -37.278  20
425.8  0  588.906  67.5274  6.70243  -22.563  37
425.8  1  276.963  -41.7264  42.4264  38.259  20
425.9  0  589.576  65.173  6.70243  -23.544  37
425.9  1  281.206  -37.9986  42.4264  -37.278  20
426  0  590.247  62.7205  6.70243  -24.525  37
426  1  285.449  -41.8245  42.4264  38.259  20
426.1  0  590.917  60.1699  6.70243  -25.506  37
426.1  1  289.691  -38.0967  42.4264  -37.278  20
426.2  0  591.587  57.5212  6.70243  -26.487  37
426.2  1  293.934  -41.9226  42.4264  38.259  20
426.3  0  592.257  54.7744  6.70243  -27.468  37
426.3  1  298.177  -38.1948  42.4264  -37.278  20
426.4  0  592.928  51.9295  6.70243  -28.449  37
426.4  1  302.419  -42.0207  42.4264  38.259  20
426.5  0  593.598  48.9865  6.70243  -29.43  37
426.5  1  306.662  -38.2929  42.4264  -37.278  20
426.6  0  594.268  45.9454  6.70243  -30.411  37
426.6  1  310.905  -42.1188  42.4264  38.259  20
426.7  0  594.938  42.8062  6.70243  -31.392  37
426.7  1  315.147  -38.391  42.4264  -37.278  20
426.8  0  595.609  39.5689  6.70243  -32.373  37
426.8  1  319.39  -42.2169  42.4264  38.259  20
426.9  0  596.279  36.2335  6.70243  -33.354  37
426.9  1  323.632  -38.4891  42.4264  -37.278  20
427  0  596.949  32.8  6.70243  -34.335  37
427  1  327.875  -42.315  42.4264  38.259  20
427.1  0  597.619  29.2684  6.70243  -35.316  37
427.1  1  332.118  -38.5872  42.4264  -37.278  20
427.2  0  598.29  25.6387  6.70243  -36.297  37
427.2  1  336.36  -42.4131  42.4264  38.259  20
427.3  0  598.96  21.9109  6.70243  -37.278  37
427.3  1  340.603  -38.6853  42.4264  -37.278  20
427.4  0  599.63  18.085  6.70243  -38.259  37
427.4  1  344.846  -42.5112  42.4264  38.259  20
427.5  0  600.3  14.161  6.70243  -39.24  37
427.5  1  349.088  -38.7834  42.4264  -37.278  20
427.6  0  600.97  10.1389  6.70243  -40.221  37
427.6  1  353.331  -42.6093  42.4264  38.259  20
427.7  0  601.641  6.01868  6.70243  -41.202  37
427.7  1  357.574  -38.8815  42.4264  -37.278  20
427.8  0  602.311  1.80038  6.70243  -42.183  37
427.8  1  361.816  -42.7074  42.4264  38.259  20
427.9  0  602.981  -2.51602  6.70243  43.164  37
427.9  1  366.059  -38.9796  42.4264  -37.278  20
428  0  603.651  1.70228  6.70243  42.183  37
428  1  370.302  -42.8055  42.4264  38.259  20
428.1  0  604.322  5.82248  6.70243  41.202  37
428.1  1  374.544  -39.0777  42.4264  -37.278  20
428.2  0  604.992  9.84458  6.70243  40.221  37
428.2  1  378.787  -42.9036  42.4264  38.259  20
428.3  0  605.662  13.7686  6.70243  39.24  37
428.3  1  383.029  -39.1758  42.4264  -37.278  20
428.4  0  606.332  17.5945  6.70243  38.259  37
428.4  1  387.272  -43.0017  42.4264  38.259  20
428.5  0  607.003  21.3223  6.70243  37.278  37
428.5  1  391.515  -39.2739  42.4264  -37.278  20
428.6  0  607.673  24.952  6.70243  36.297  37
428.6  1  395.757  -43.0998  42.4264  38.259  20
428.7  0  608.343  28.4836  6.70243  35.316  37
428.7  1  400  -39.372  42.4264  -37.278  20
428.8  0  609.013  31.9171  6.70243  34.335  37
428.8  1  404.243  -43.1979  42.4264  38.259  20
428.9  0  609.684  35.2525  6.70243  33.354  37
428.9  1  408.485  -39.4701  42.4264  -37.278  20
429  0  610.354  38.4898  6.70243  32.373  37
429  1  412.728  -43.296  42.4264  38.259  20
429.1  0  611.024  41.629  6.70243  31.392  37
429.1  1  416.971  -39.5682  42.4264  -37.278  20
429.2  0  611.694  44.6701  6.70243  30.411  37
429.2  1  421.213  -43.3941  42.4264  38.259  20
429.3  0  612.365  47.6131  6.70243  29.43  37
429.3  1  425.456  -39.6663  42.4264  -37.278  20
429.4  0  613.035  50.458  6.70243  28.449  37
429.4  1  429.698  -43.4922  42.4264  38.259  20
429.5  0  613.705  53.2048  6.70243  27.468  37
429.5  1  433.941  -39.7644  42.4264  -37.278  20
429.6  0  614.375  55.8535  6.70243  26.487  37
429.6  1  438.184  -43.5903  42.4264  38.259  20
429.7  0  615.046  58.4041  6.70243  25.506  37
429.7  1  442.426  -39.8625  42.4264  -37.278  20
429.8  0  615.716  60.8566  6.70243  24.525  37
429.8  1  446.669  -43.6884  42.4264  38.259  20
429.9  0  616.386  63.211  6.70243  23.544  37
429.9  1  450.912  -39.9606  42.4264  -37.278  20
430  0  617.056  65.4673  6.70243  22.563  37
430  1  455.154  -43.7865  42.4264  38.259  20
430.1  0  617.727  67.6255  6.70243  21.582  37
430.1  1  459.397  -40.0587  42.4264  -37.278  20
430.2  0  618.397  69.6856  6.70243  20.601  37
430.2  1  463.64  -43.8846  42.4264  38.259  20
430.3  0  619.067  71.6476  6.70243  19.62  37
430.3  1  467.882  -40.1568  42.4264  -37.278  20
430.4  0  619.737  73.5115  6.70243  18.639  37
430.4  1  472.125  -43.9827  42.4264  38.259  20
430.5  0  620.408  75.2773  6.70243  17.658  37
430.5  1  476.368  -40.2549  42.4264  -37.278  20
430.6  0  621.078  76.945  6.70243  16.677  37
430.6  1  480.61  -44.0808  42.4264  38.259  20
430.7  0  621.748  78.5146  6.70243  15.696  37
430.7  1  484.853  -40.353  42.4264  -37.278  20
430.8  0  622.418  79.9861  6.70243  14.715  37
430.8  1  489.095  -44.1789  42.4264  38.259  20
430.9  0  623.089  81.3595  6.70243  13.734  37
430.9  1  493.338  -40.4511  42.4264  -37.278  20
431  0  623.759  82.6348  6.70243  12.753  37
431  1  497.581  -44.277  42.4264  38.259  20
431.1  0  624.429  83.812  6.70243  11.772  37
431.1  1  501.823  -40.5492  42.4264  -37.278  20
431.2  0  625.099  84.8911  6.70243  10.791  37
431.2  1  506.066  -44.3751  42.4264  38.259  20
431.3  0  625.769  85.8721  6.70243  9.81  37
431.3  1  510.309  -40.6473  42.4264  -37.278  20
431.4  0  626.44  86.755  6.70243  8.829  37
431.4  1  514.551  -44.4732  42.4264  38.259  20
431.5  0  627.11  87.5398  6.70243  7.848  37
431.5  1  518.794  -40.7454  42.4264  -37.278  20
431.6  0  627.78  88.2265  6.70243  6.867  37
431.6  1  523.037  -44.5713  42.4264  38.259  20
431.7  0  628.45  88.8151  6.70243  5.886  37
431.7  1  527.279  -40.8435  42.4264  -37.278  20
431.8  0  629.121  89.3056  6.70243  4.905  37
431.8  1  531.522  -44.6694  42.4264  38.259  20
431.9  0  629.791  89.698  6.70243  3.924  37
431.9  1  535.765  -40.9416  42.4264  -37.278  20
432  0  630.461  89.9923  6.70243  2.943  37
432  1  540.007  -44.7675  42.4264  38.259  20
432.1  0  631.131  90.1885  6.70243  1.962  37
432.1  1  544.25  -41.0397  42.4264  -37.278  20
432.2  0  631.802  90.2866  6.70243  0.981  37
432.2  1  548.492  -44.8656  42.4264  38.259  20
432.3  0  632.472  90.2866  6.70243  1.11022e-15  37
432.3  1  552.735  -41.1378  42.4264  -37.278  20
432.4  0  633.142  90.1885  6.70243  -0.981  37
432.4  1  556.978  -44.9637  42.4264  38.259  20
432.5  0  633.812  89.9923  6.70243  -1.962  37
432.5  1  561.22  -41.2359  42.4264  -37.278  20
432.6  0  634.483  89.698  6.70243  -2.943  37
432.6  1  565.463  -45.0618  42.4264  38.259  20
432.7  0  635.153  89.3056  6.70243  -3.924  37
432.7  1  569.706  -41.334  42.4264  -37.278  20
432.8  0  635.823  88.8151  6.70243  -4.905  37
432.8  1  573.948  -45.1599  42.4264  38.259  20
432.9  0  636.493  88.2265  6.70243  -5.886  37
432.9  1  578.191  -41.4321  42.4264  -37.278  20
433  0  637.164  87.5398  6.70243  -6.867  37
433  1  582.434  -45.258  42.4264  38.259  20
433.1  0  637.834  86.755  6.70243  -7.848  37
433.1  1  586.676  -41.5302  42.4264  -37.278  20
433.2  0  638.504  85.8721  6.70243  -8.829  37
433.2  1  590.919  -45.3561  42.4264  38.259  20
433.3  0  639.174  84.8911  6.70243  -9.81  37
433.3  1  595.161  -41.6283  42.4264  -37.278  20
433.4  0  639.845  83.812  6.70243  -10.791  37
433.4  1  599.404  -45.4542  42.4264  38.259  20
433.5  0  640.515  82.6348  6.70243  -11.772  37
433.5  1  603.647  -41.7264  42.4264  -37.278  20
433.6  0  641.185  81.3595  6.70243  -12.753  37
433.6  1  607.889  -45.5523  42.4264  38.259  20
433.7  0  641.855  79.9861  6.70243  -13.734  37
433.7  1  612.132  -41.8245  42.4264  -37.278  20
433.8  0  642.526  78.5146  6.70243  -14.715  37
433.8  1  616.375  -45.6504  42.4264  38.259  20
433.9  0  643.196  76.945  6.70243  -15.696  37
433.9  1  620.617  -41.9226  42.4264  -37.278  20
434  0  643.866  75.2773  6.70243  -16.677  37
434  1  624.86  -45.7485  42.4264  38.259  20
434.1  0  644.536  73.5115  6.70243  -17.658  37
434.1  1  629.103  -42.0207  42.4264  -37.278  20
434.2  0  645.207  71.6476  6.70243  -18.639  37
434.2  1  633.345  -45.8466  42.4264  38.259  20
434.3  0  645.877  69.6856  6.70243  -19.62  37
434.3  1  637.588  -42.1188  42.4264  -37.278  20
434.4  0  646.547  67.6255  6.70243  -20.601  37
434.4  1  641.831  -45.9447  42.4264  38.259  20
434.5  0  647.217  65.4673  6.70243  -21.582  37
434.5  1  646.073  -42.2169  42.4264  -37.278  20
434.6  0  647.887  63.211  6.70243  -22.563  37
434.6  1  650.316  -46.0428  42.4264  38.259  20
434.7  0  648.558  60.8566  6.70243  -23.544  37
434.7  1  654.558  -42.315  42.4264  -37.278  20
434.8  0  649.228  58.4041  6.70243  -24.525  37
434.8  1  658.801  -46.1409  42.4264  38.259  20
434.9  0  649.898  55.8535  6.70243  -25.506  37
434.9  1  663.044  -42.4131  42.4264  -37.278  20
435  0  650.568  53.2048  6.70243  -26.487  37
435  1  667.286  -46.239  42.4264  38.259  20
435.1  0  651.239  50.458  6.70243  -27.468  37
435.1  1  671.529  -42.5112  42.4264  -37.278  20
435.2  0  651.909  47.6131  6.70243  -28.449  37
435.2  1  675.772  -46.3371  42.4264  38.259  20
435.3  0  652.579  44.6701  6.70243  -29.43  37
435.3  1  680.014  -42.6093  42.4264  -37.278  20
435.4  0  653.249  41.629  6.70243  -30.411  37
435.4  1  684.257  -46.4352  42.4264  38.259  20
435.5  0  653.92  38.4898  6.70243  -31.392  37
435.5  1  688.5  -42.7074  42.4264  -37.278  20
435.6  0  654.59  35.2525  6.70243  -32.373  37
435.6  1  692.742  -46.5333  42.4264  38.259  20
435.7  0  655.26  31.9171  6.70243  -33.354  37
435.7  1  696.985  -42.8055  42.4264  -37.278  20
435.8  0  655.93  28.4836  6.70243  -34.335  37
435.8  1  701.227  -46.6314  42.4264  38.259  20
435.9  0  656.601  24.952  6.70243  -35.316  37
435.9  1  705.47  -42.9036  42.4264  -37.278  20
436  0  657.271  21.3223  6.70243  -36.297  37
436  1  709.713  -46.7295  42.4264  38.259  20
436.1  0  657.941  17.5945  6.70243  -37.278  37
436.1  1  713.955  -43.0017  42.4264  -37.278  20
436.2  0  658.611  13.7686  6.70243  -38.259  37
436.2  1  718.198  -46.8276  42.4264  38.259  20
436.3  0  659.282  9.84458  6.70243  -39.24  37
436.3  1  722.441  -43.0998  42.4264  -37.278  20
436.4  0  659.952  5.82248  6.70243  -40.221  37
436.4  1  726.683  -46.9257  42.4264  38.259  20
436.5  0  660.622  1.70228  6.70243  -41.202  37
436.5  1  730.926  -43.1979  42.4264  -37.278  20
436.6  0  661.292  -2.51602  6.70243  42.183  37
436.6  1  735.169  -47.0238  42.4264  38.259  20
436.7  0  661.963  1.60418  6.70243  41.202  37
436.7  1  739.411  -43.296  42.4264  -37.278  20
436.8  0  662.633  5.62628  6.70243  40.221  37
436.8  1  743.654  -47.1219  42.4264  38.259  20
436.9  0  663.303  9.55028  6.70243  39.24  37
436.9  1  747.897  -43.3941  42.4264  -37.278  20
437  0  663.973  13.3762  6.70243  38.259  37
437  1  752.139  -47.22  42.4264  38.259  20
437.1  0  664.644  17.104  6.70243  37.278  37
437.1  1  756.382  -43.4922  42.4264  -37.278  20
437.2  0  665.314  20.7337  6.70243  36.297  37
437.2  1  760.624  -47.3181  42.4264  38.259  20
437.3  0  665.984  24.2653  6.70243  35.316  37
437.3  1  764.867  -43.5903  42.4264  -37.278  20
437.4  0  666.654  27.6988  6.70243  34.335  37
437.4  1  769.11  -47.4162  42.4264  38.259  20
437.5  0  667.325  31.0342  6.70243  33.354  37
437.5  1  773.352  -43.6884  42.4264  -37.278  20
437.6  0  667.995  34.2715  6.70243  32.373  37
437.6  1  777.595  -47.5143  42.4264  38.259  20
437.7  0  668.665  37.4107  6.70243  31.392  37
437.7  1  781.838  -43.7865  42.4264  -37.278  20
437.8  0  669.335  40.4518  6.70243  30.411  37
437.8  1  786.08  -47.6124  42.4264  38.259  20
437.9  0  670.005  43.3948  6.70243  29.43  37
437.9  1  790.323  -43.8846  42.4264  -37.278  20
438  0  670.676  46.2397  6.70243  28.449  37
438  1  794.566  -47.7105  42.4264  38.259  20
438.1  0  671.346  48.9865  6.70243  27.468  37
438.1  1  798.808  -43.9827  42.4264  -37.278  20
438.2  0  672.016  51.6352  6.70243  26.487  37
438.2  1  803.051  -47.8086  42.4264  38.259  20
438.3  0  672.686  54.1858  6.70243  25.506  37
438.3  1  807.294  -44.0808  42.4264  -37.278  20
438.4  0  673.357  56.6383  6.70243  24.525  37
438.4  1  811.536  -47.9067  42.4264  38.259  20
438.5  0  674.027  58.9927  6.70243  23.544  37
438.5  1  815.779  -44.1789  42.4264  -37.278  20
438.6  0  674.697  61.249  6.70243  22.563  37
438.6  1  820.021  -48.0048  42.4264  38.259  20
438.7  0  675.367  63.4072  6.70243  21.582  37
438.7  1  824.264  -44.277  42.4264  -37.278  20
438.8  0  676.038  65.4673  6.70243  20.601  37
438.8  1  828.507  -48.1029  42.4264  38.259  20
438.9  0  676.708  67.4293  6.70243  19.62  37
438.9  1  832.749  -44.3751  42.4264  -37.278  20
439  0  677.378  69.2932  6.70243  18.639  37
439  1  836.992  -48.201  42.4264  38.259  20
439.1  0  678.048  71.059  6.70243  17.658  37
439.1  1  841.235  -44.4732  42.4264  -37.278  20
439.2  0  678.719  72.7267  6.70243  16.677  37
439.2  1  845.477  -48.2991  42.4264  38.259  20
439.3  0  679.389  74.2963  6.70243  15.696  37
439.3  1  849.72  -44.5713  42.4264  -37.278  20
439.4  0  680.059  75.7678  6.70243  14.715  37
439.4  1  853.963  -48.3972  42.4264  38.259  20
439.5  0  680.729  77.1412  6.70243  13.734  37
439.5  1  858.205  -44.6694  42.4264  -37.278  20
439.6  0  681.4  78.4165  6.70243  12.753  37
439.6  1  862.448  -48.4953  42.4264  38.259  20
439.7  0  682.07  79.5937  6.70243  11.772  37
439.7  1  866.69  -44.7675  42.4264  -37.278  20
439.8  0  682.74  80.6728  6.70243  10.791  37
439.8  1  870.933  -48.5934  42.4264  38.259  20
439.9  0  683.41  81.6538  6.70243  9.81  37
439.9  1  875.176  -44.8656  42.4264  -37.278  20
440  0  684.081  82.5367  6.70243  8.829  37
440  1  879.418  -48.6915  42.4264  38.259  20
440.1  0  684.751  83.3215  6.70243  7.848  37
440.1  1  883.661  -44.9637  42.4264  -37.278  20
440.2  0  685.421  84.0082  6.70243  6.867  37
440.2  1  887.904  -48.7896  42.4264  38.259  20
440.3  0  686.091  84.5968  6.70243  5.886  37
440.3  1  892.146  -45.0618  42.4264  -37.278  20
440.4  0  686.762  85.0873  6.70243  4.905  37
440.4  1  896.389  -48.8877  42.4264  38.259  20
440.5  0  687.432  85.4797  6.70243  3.924  37
440.5  1  900.632  -45.1599  42.4264  -37.278  20
440.6  0  688.102  85.774  6.70243  2.943  37
440.6  1  904.874  -48.9858  42.4264  38.259  20
440.7  0  688.772  85.9702  6.70243  1.962  37
440.7  1  909.117  -45.258  42.4264  -37.278  20
440.8  0  689.443  86.0683  6.70243  0.981  37
440.8  1  913.36  -49.0839  42.4264  38.259  20
440.9  0  690.113  86.0683  6.70243  1.11022e-15  37
440.9  1  917.602  -45.3561  42.4264  -37.278  20
441  0  690.783  85.9702  6.70243  -0.981  37
441  1  921.845  -49.182  42.4264  38.259  20
441.1  0  691.453  85.774  6.70243  -1.962  37
441.1  1  926.087  -45.4542  42.4264  -37.278  20
441.2  0  692.123  85.4797  6.70243  -2.943  37
441.2  1  930.33  -49.2801  42.4264  38.259  20
441.3  0  692.794  85.0873  6.70243  -3.924  37
441.3  1  934.573  -45.5523  42.4264  -37.278  20
441.4  0  693.464  84.5968  6.70243  -4.905  37
441.4  1  938.815  -49.3782  42.4264  38.259  20
441.5  0  694.134  84.0082  6.70243  -5.886  37
441.5  1  943.058  -45.6504  42.4264  -37.278  20
441.6  0  694.804  83.3215  6.70243  -6.867  37
441.6  1  947.301  -49.4763  42.4264  38.259  20
441.7  0  695.475  82.5367  6.70243  -7.848  37
441.7  1  951.543  -45.7485  42.4264  -37.278  20
441.8  0  696.145  81.6538  6.70243  -8.829  37
441.8  1  955.786  -49.5744  42.4264  38.259  20
441.9  0  696.815  80.6728  6.70243  -9.81  37
441.9  1  960.029  -45.8466  42.4264  -37.278  20
442  0  697.485  79.5937  6.70243  -10.791  37
442  1  964.271  -49.6725  42.4264  38.259  20
442.1  0  698.156  78.4165  6.70243  -11.772  37
442.1  1  968.514  -45.9447  42.4264  -37.278  20
442.2  0  698.826  77.1412  6.70243  -12.753  37
442.2  1  972.756  -49.7706  42.4264  38.259  20
442.3  0  699.496  75.7678  6.70243  -13.734  37
442.3  1  976.999  -46.0428  42.4264  -37.278  20
442.4  0  700.166  74.2963  6.70243  -14.715  37
442.4  1  981.242  -49.8687  42.4264  38.259  20
442.5  0  700.837  72.7267  6.70243  -15.696  37
442.5  1  985.484  -46.1409  42.4264  -37.278  20
442.6  0  701.507  71.059  6.70243  -16.677  37
442.6  1  989.727  -49.9668  42.4264  38.259  20
442.7  0  702.177  69.2932  6.70243  -17.658  37
442.7  1  993.97  -46.239  42.4264  -37.278  20
442.8  0  702.847  67.4293  6.70243  -18.639  37
442.8  1  998.212  -50.0649  42.4264  38.259  20
442.9  0  703.518  65.4673  6.70243  -19.62  37
442.9  1  1002.45  -46.3371  -42.4264  -37.278  20
443  0  704.188  63.4072  6.70243  -20.601  37
443  1  998.212  -50.163  -42.4264  38.259  20
443.1  0  704.858  61.249  6.70243  -21.582  37
443.1  1  993.97  -46.4352  -42.4264  -37.278  20
443.2  0  705.528  58.9927  6.70243  -22.563  37
443.2  1  989.727  -50.2611  -42.4264  38.259  20
443.3  0  706.199  56.6383  6.70243  -23.544  37
443.3  1  985.484  -46.5333  -42.4264  -37.278  20
443.4  0  706.869  54.1858  6.70243  -24.525  37
443.4  1  981.242  -50.3592  -42.4264  38.259  20
443.5  0  707.539  51.6352  6.70243  -25.506  37
443.5  1  976.999  -46.6314  -42.4264  -37.278  20
443.6  0  708.209  48.9865  6.70243  -26.487  37
443.6  1  972.756  -50.4573  -42.4264  38.259  20
443.7  0  708.88  46.2397  6.70243  -27.468  37
443.7  1  968.514  -46.7295  -42.4264  -37.278  20
443.8  0  709.55  43.3948  6.70243  -28.449  37
443.8  1  964.271  -50.5554  -42.4264  38.259  20
443.9  0  710.22  40.4518  6.70243  -29.43  37
443.9  1  960.029  -46.8276  -42.4264  -37.278  20
444  0  710.89  37.4107  6.70243  -30.411  37
444  1  955.786  -50.6535  -42.4264  38.259  20
444.1  0  711.561  34.2715  6.70243  -31.392  37
444.1  1  951.543  -46.9257  -42.4264  -37.278  20
444.2  0  712.231  31.0342  6.70243  -32.373  37
444.2  1  947.301  -50.7516  -42.4264  38.259  20
444.3  0  712.901  27.6988  6.70243  -33.354  37
444.3  1  943.058  -47.0238  -42.4264  -37.278  20
444.4  0  713.571  24.2653  6.70243  -34.335  37
444.4  1  938.815  -50.8497  -42.4264  38.259  20
444.5  0  714.241  20.7337  6.70243  -35.316  37
444.5  1  934.573  -47.1219  -42.4264  -37.278  20
444.6  0  714.912  17.104  6.70243  -36.297  37
444.6  1  930.33  -50.9478  -42.4264  38.259  20
444.7  0  715.582  13.3762  6.70243  -37.278  37
444.7  1  926.087  -47.22  -42.4264  -37.278  20
444.8  0  716.252  9.55028  6.70243  -38.259  37
444.8  1  921.845  -51.0459  -42.4264  38.259  20
444.9  0  716.922  5.62628  6.70243  -39.24  37
444.9  1  917.602  -47.3181  -42.4264  -37.278  20
445  0  717.593  1.60418  6.70243  -40.221  37
445  1  913.36  -51.144  -42.4264  38.259  20
445.1  0  718.263  -2.51602  6.70243  41.202  37
445.1  1  909.117  -47.4162  -42.4264  -37.278  20
445.2  0  718.933  1.50608  6.70243  40.221  37
445.2  1  904.874  -51.2421  -42.4264  38.259  20
445.3  0  719.603  5.43008  6.70243  39.24  37
445.3  1  900.632  -47.5143  -42.4264  -37.278  20
445.4  0  720.274  9.25598  6.70243  38.259  37
445.4  1  896.389  -51.3402  -42.4264  38.259  20
445.5  0  720.944  12.9838  6.70243  37.278  37
445.5  1  892.146  -47.6124  -42.4264  -37.278  20
445.6  0  721.614  16.6135  6.70243  36.297  37
445.6  1  887.904  -51.4383  -42.4264  38.259  20
445.7  0  722.284  20.1451  6.70243  35.316  37
445.7  1  883.661  -47.7105  -42.4264  -37.278  20
445.8  0  722.955  23.5786  6.70243  34.335  37
445.8  1  879.418  -51.5364  -42.4264  38.259  20
445.9  0  723.625  26.914  6.70243  33.354  37
445.9  1  875.176  -47.8086  -42.4264  -37.278  20
446  0  724.295  30.1513  6.70243  32.373  37
446  1  870.933  -51.6345  -42.4264  38.259  20
446.1  0  724.965  33.2905  6.70243  31.392  37
446.1  1  866.69  -47.9067  -42.4264  -37.278  20
446.2  0  725.636  36.3316  6.70243  30.411  37
446.2  1  862.448  -51.7326  -42.4264  38.259  20
446.3  0  726.306  39.2746  6.70243  29.43  37
446.3  1  858.205  -48.0048  -42.4264  -37.278  20
446.4  0  726.976  42.1195  6.70243  28.449  37
446.4  1  853.963  -51.8307  -42.4264  38.259  20
446.5  0  727.646  44.8663  6.70243  27.468  37
446.5  1  849.72  -48.1029  -42.4264  -37.278  20
446.6  0  728.317  47.515  6.70243  26.487  37
446.6  1  845.477  -51.9288  -42.4264  38.259  20
446.7  0  728.987  50.0656  6.70243  25.506  37
446.7  1  841.235  -48.201  -42.4264  -37.278  20
446.8  0  729.657  52.5181  6.70243  24.525  37
446.8  1  836.992  -52.0269  -42.4264  38.259  20
446.9  0  730.327  54.8725  6.70243  23.544  37
446.9  1  832.749  -48.2991  -42.4264  -37.278  20
447  0  730.998  57.1288  6.70243  22.563  37
447  1  828.507  -52.125  -42.4264  38.259  20
447.1  0  731.668  59.287  6.70243  21.582  37
447.1  1  824.264  -48.3972  -42.4264  -37.278  20
447.2  0  732.338  61.3471  6.70243  20.601  37
447.2  1  820.021  -52.2231  -42.4264  38.259  20
447.3  0  733.008  63.3091  6.70243  19.62  37
447.3  1  815.779  -48.4953  -42.4264  -37.278  20
447.4  0  733.679  65.173  6.70243  18.639  37
447.4  1  811.536  -52.3212  -42.4264  38.259  20
447.5  0  734.349  66.9388  6.70243  17.658  37
447.5  1  807.294  -48.5934  -42.4264  -37.278  20
447.6  0  735.019  68.6065  6.70243  16.677  37
447.6  1  803.051  -52.4193  -42.4264  38.259  20
447.7  0  735.689  70.1761  6.70243  15.696  37
447.7  1  798.808  -48.6915  -42.4264  -37.278  20
447.8  0  736.359  71.6476  6.70243  14.715  37
447.8  1  794.566  -52.5174  -42.4264  38.259  20
447.9  0  737.03  73.021  6.70243  13.734  37
447.9  1  790.323  -48.7896  -42.4264  -37.278  20
448  0  737.7  74.2963  6.70243  12.753  37
448  1  786.08  -52.6155  -42.4264  38.259  20
448.1  0  738.37  75.4735  6.70243  11.772  37
448.1  1  781.838  -48.8877  -42.4264  -37.278  20
448.2  0  739.04  76.5526  6.70243  10.791  37
448.2  1  777.595  -52.7136  -42.4264  38.259  20
448.3  0  739.711  77.5336  6.70243  9.81  37
448.3  1  773.352  -48.9858  -42.4264  -37.278  20
448.4  0  740.381  78.4165  6.70243  8.829  37
448.4  1  769.11  -52.8117  -42.4264  38.259  20
448.5  0  741.051  79.2013  6.70243  7.848  37
448.5  1  764.867  -49.0839  -42.4264  -37.278  20
448.6  0  741.721  79.888  6.70243  6.867  37
448.6  1  760.624  -52.9098  -42.4264  38.259  20
448.7  0  742.392  80.4766  6.70243  5.886  37
448.7  1  756.382  -49.182  -42.4264  -37.278  20
448.8  0  743.062  80.9671  6.70243  4.905  37
448.8  1  752.139  -53.0079  -42.4264  38.259  20
448.9  0  743.732  81.3595  6.70243  3.924  37
448.9  1  747.897  -49.2801  -42.4264  -37.278  20
449  0  744.402  81.6538  6.70243  2.943  37
449  1  743.654  -53.106  -42.4264  38.259  20
449.1  0  745.073  81.85  6.70243  1.962  37
449.1  1  739.411  -49.3782  -42.4264  -37.278  20
449.2  0  745.743  81.9481  6.70243  0.981  37
449.2  1  735.169  -53.2041  -42.4264  38.259  20
449.3  0  746.413  81.9481  6.70243  1.11022e-15  37
449.3  1  730.926  -49.4763  -42.4264  -37.278  20
449.4  0  747.083  81.85  6.70243  -0.981  37
449.4  1  726.683  -53.3022  -42.4264  38.259  20
449.5  0  747.754  81.6538  6.70243  -1.962  37
449.5  1  722.441  -49.5744  -42.4264  -37.278  20
449.6  0  748.424  81.3595  6.70243  -2.943  37
449.6  1  718.198  -53.4003  -42.4264  38.259  20
449.7  0  749.094  80.9671  6.70243  -3.924  37
449.7  1  713.955  -49.6725  -42.4264  -37.278  20
449.8  0  749.764  80.4766  6.70243  -4.905  37
449.8  1  709.713  -53.4984  -42.4264  38.259  20
449.9  0  750.435  79.888  6.70243  -5.886  37
449.9  1  705.47  -49.7706  -42.4264  -37.278  20
450  0  751.105  79.2013  6.70243  -6.867  37
450  1  701.227  -53.5965  -42.4264  38.259  20
450.1  0  751.775  78.4165  6.70243  -7.848  37
450.1  1  696.985  -49.8687  -42.4264  -37.278  20
450.2  0  752.445  77.5336  6.70243  -8.829  37
450.2  1  692.742  -53.6946  -42.4264  38.259  20
450.3  0  753.116  76.5526  6.70243  -9.81  37
450.3  1  688.5  -49.9668  -42.4264  -37.278  20
450.4  0  753.786  75.4735  6.70243  -10.791  37
450.4  1  684.257  -53.7927  -42.4264  38.259  20
450.5  0  754.456  74.2963  6.70243  -11.772  37
450.5  1  680.014  -50.0649  -42.4264  -37.278  20
450.6  0  755.126  73.021  6.70243  -12.753  37
450.6  1  675.772  -53.8908  -42.4264  38.259  20
450.7  0  755.797  71.6476  6.70243  -13.734  37
450.7  1  671.529  -50.163  -42.4264  -37.278  20
450.8  0  756.467  70.1761  6.70243  -14.715  37
450.8  1  667.286  -53.9889  -42.4264  38.259  20
450.9  0  757.137  68.6065  6.70243  -15.696  37
450.9  1  663.044  -50.2611  -42.4264  -37.278  20
451  0  757.807  66.9388  6.70243  -16.677  37
451  1  658.801  -54.087  -42.4264  38.259  20
451.1  0  758.478  65.173  6.70243  -17.658  37
451.1  1  654.558  -50.3592  -42.4264  -37.278  20
451.2  0  759.148  63.3091  6.70243  -18.639  37
451.2  1  650.316  -54.1851  -42.4264  38.259  20
451.3  0  759.818  61.3471  6.70243  -19.62  37
451.3  1  646.073  -50.4573  -42.4264  -37.278  20
451.4  0  760.488  59.287  6.70243  -20.601  37
451.4  1  641.831  -54.2832  -42.4264  38.259  20
451.5  0  761.158  57.1288  6.70243  -21.582  37
451.5  1  637.588  -50.5554  -42.4264  -37.278  20
451.6  0  761.829  54.8725  6.70243  -22.563  37
451.6  1  633.345  -54.3813  -42.4264  38.259  20
451.7  0  762.499  52.5181  6.70243  -23.544  37
451.7  1  629.103  -50.6535  -42.4264  -37.278  20
451.8  0  763.169  50.0656  6.70243  -24.525  37
451.8  1  624.86  -54.4794  -42.4264  38.259  20
451.9  0  763.839  47.515  6.70243  -25.506  37
451.9  1  620.617  -50.7516  -42.4264  -37.278  20
452  0  764.51  44.8663  6.70243  -26.487  37
452  1  616.375  -54.5775  -42.4264  38.259  20
452.1  0  765.18  42.1195  6.70243  -27.468  37
452.1  1  612.132  -50.8497  -42.4264  -37.278  20
452.2  0  765.85  39.2746  6.70243  -28.449  37
452.2  1  607.889  -54.6756  -42.4264  38.259  20
452.3  0  766.52  36.3316  6.70243  -29.43  37
452.3  1  603.647  -50.9478  -42.4264  -37.278  20
452.4  0  767.191  33.2905  6.70243  -30.411  37
452.4  1  599.404  -54.7737  -42.4264  38.259  20
452.5  0  767.861  30.1513  6.70243  -31.392  37
452.5  1  595.161  -51.0459  -42.4264  -37.278  20
452.6  0  768.531  26.914  6.70243  -32.373  37
452.6  1  590.919  -54.8718  -42.4264  38.259  20
452.7  0  769.201  23.5786  6.70243  -33.354  37
452.7  1  586.676  -51.144  -42.4264  -37.278  20
452.8  0  769.872  20.1451  6.70243  -34.335  37
452.8  1  582.434  -54.9699  -42.4264  38.259  20
452.9  0  770.542  16.6135  6.70243  -35.316  37
452.9  1  578.191  -51.2421  -42.4264  -37.278  20
453  0  771.212  12.9838  6.70243  -36.297  37
453  1  573.948  -55.068  -42.4264  38.259  20
453.1  0  771.882  9.25598  6.70243  -37.278  37
453.1  1  569.706  -51.3402  -42.4264  -37.278  20
453.2  0  772.553  5.43008  6.70243  -38.259  37
453.2  1  565.463  -55.1661  -42.4264  38.259  20
453.3  0  773.223  1.50608  6.70243  -39.24  37
453.3  1  561.22  -51.4383  -42.4264  -37.278  20
453.4  0  773.893  -2.51602  6.70243  40.221  37
453.4  1  556.978  -55.2642  -42.4264  38.259  20
453.5  0  774.563  1.40798  6.70243  39.24  37
453.5  1  552.735  -51.5364  -42.4264  -37.278  20
453.6  0  775.234  5.23388  6.70243  38.259  37
453.6  1  548.492  -55.3623  -42.4264  38.259  20
453.7  0  775.904  8.96168  6.70243  37.278  37
453.7  1  544.25  -51.6345  -42.4264  -37.278  20
453.8  0  776.574  12.5914  6.70243  36.297  37
453.8  1  540.007  -55.4604  -42.4264  38.259  20
453.9  0  777.244  16.123  6.70243  35.316  37
453.9  1  535.765  -51.7326  -42.4264  -37.278  20
454  0  777.915  19.5565  6.70243  34.335  37
454  1  531.522  -55.5585  -42.4264  38.259  20
454.1  0  778.585  22.8919  6.70243  33.354  37
454.1  1  527.279  -51.8307  -42.4264  -37.278  20
454.2  0  779.255  26.1292  6.70243  32.373  37
454.2  1  523.037  -55.6566  -42.4264  38.259  20
454.3  0  779.925  29.2684  6.70243  31.392  37
454.3  1  518.794  -51.9288  -42.4264  -37.278  20
454.4  0  780.596  32.3095  6.70243  30.411  37
454.4  1  514.551  -55.7547  -42.4264  38.259  20
454.5  0  781.266  35.2525  6.70243  29.43  37
454.5  1  510.309  -52.0269  -42.4264  -37.278  20
454.6  0  781.936  38.0974  6.70243  28.449  37
454.6  1  506.066  -55.8528  -42.4264  38.259  20
454.7  0  782.606  40.8442  6.70243  27.468  37
454.7  1  501.823  -52.125  -42.4264  -37.278  20
454.8  0  783.276  43.4929  6.70243  26.487  37
454.8  1  497.581  -55.9509  -42.4264  38.259  20
454.9  0  783.947  46.0435  6.70243  25.506  37
454.9  1  493.338  -52.2231  -42.4264  -37.278  20
455  0  784.617  48.496  6.70243  24.525  37
455  1  489.095  -56.049  -42.4264  38.259  20
455.1  0  785.287  50.8504  6.70243  23.544  37
455.1  1  484.853  -52.3212  -42.4264  -37.278  20
455.2  0  785.957  53.1067  6.70243  22.563  37
455.2  1  480.61  -56.1471  -42.4264  38.259  20
455.3  0  786.628  55.2649  6.70243  21.582  37
455.3  1  476.368  -52.4193  -42.4264  -37.278  20
455.4  0  787.298  57.325  6.70243  20.601  37
455.4  1  472.125  -56.2452  -42.4264  38.259  20
455.5  0  787.968  59.287  6.70243  19.62  37
455.5  1  467.882  -52.5174  -42.4264  -37.278  20
455.6  0  788.638  61.1509  6.70243  18.639  37
455.6  1  463.64  -56.3433  -42.4264  38.259  20
455.7  0  789.309  62.9167  6.70243  17.658  37
455.7  1  459.397  -52.6155  -42.4264  -37.278  20
455.8  0  789.979  64.5844  6.70243  16.677  37
455.8  1  455.154  -56.4414  -42.4264  38.259  20
455.9  0  790.649  66.154  6.70243  15.696  37
455.9  1  450.912  -52.7136  -42.4264  -37.278  20
456  0  791.319  67.6255  6.70243  14.715  37
456  1  446.669  -56.5395  -42.4264  38.259  20
456.1  0  791.99  68.9989  6.70243  13.734  37
456.1  1  442.426  -52.8117  -42.4264  -37.278  20
456.2  0  792.66  70.2742  6.70243  12.753  37
456.2  1  438.184  -56.6376  -42.4264  38.259  20
456.3  0  793.33  71.4514  6.70243  11.772  37
456.3  1  433.941  -52.9098  -42.4264  -37.278  20
456.4  0  794  72.5305  6.70243  10.791  37
456.4  1  429.698  -56.7357  -42.4264  38.259  20
456.5  0  794.671  73.5115  6.70243  9.81  37
456.5  1  425.456  -53.0079  -42.4264  -37.278  20
456.6  0  795.341  74.3944  6.70243  8.829  37
456.6  1  421.213  -56.8338  -42.4264  38.259  20
456.7  0  796.011  75.1792  6.70243  7.848  37
456.7  1  416.971  -53.106  -42.4264  -37.278  20
456.8  0  796.681  75.8659  6.70243  6.867  37
456.8  1  412.728  -56.9319  -42.4264  38.259  20
456.9  0  797.352  76.4545  6.70243  5.886  37
456.9  1  408.485  -53.2041  -42.4264  -37.278  20
457  0  798.022  76.945  6.70243  4.905  37
457  1  404.243  -57.03  -42.4264  38.259  20
457.1  0  798.692  77.3374  6.70243  3.924  37
457.1  1  400  -53.3022  -42.4264  -37.278  20
457.2  0  799.362  77.6317  6.70243  2.943  37
457.2  1  395.757  -57.1281  -42.4264  38.259  20
457.3  0  800.033  77.8279  6.70243  1.962  37
457.3  1  391.515  -53.4003  -42.4264  -37.278  20
457.4  0  800.703  77.926  6.70243  0.981  37
457.4  1  387.272  -57.2262  -42.4264  38.259  20
457.5  0  801.373  77.926  6.70243  1.11022e-15  37
457.5  1  383.029  -53.4984  -42.4264  -37.278  20
457.6  0  802.043  77.8279  6.70243  -0.981  37
457.6  1  378.787  -57.3243  -42.4264  38.259  20
457.7  0  802.714  77.6317  6.70243  -1.962  37
457.7  1  374.544  -53.5965  -42.4264  -37.278  20
457.8  0  803.384  77.3374  6.70243  -2.943  37
457.8  1  370.302  -57.4224  -42.4264  38.259  20
457.9  0  804.054  76.945  6.70243  -3.924  37
457.9  1  366.059  -53.6946  -42.4264  -37.278  20
458  0  804.724  76.4545  6.70243  -4.905  37
458  1  361.816  -57.5205  -42.4264  38.259  20
458.1  0  805.394  75.8659  6.70243  -5.886  37
458.1  1  357.574  -53.7927  -42.4264  -37.278  20
458.2  0  806.065  75.1792  6.70243  -6.867  37
458.2  1  353.331  -57.6186  -42.4264  38.259  20
458.3  0  806.735  74.3944  6.70243  -7.848  37
458.3  1  349.088  -53.8908  -42.4264  -37.278  20
458.4  0  807.405  73.5115  6.70243  -8.829  37
458.4  1  344.846  -57.7167  -42.4264  38.259  20
458.5  0  808.075  72.5305  6.70243  -9.81  37
458.5  1  340.603  -53.9889  -42.4264  -37.278  20
458.6  0  808.746  71.4514  6.70243  -10.791  37
458.6  1  336.36  -57.8148  -42.4264  38.259  20
458.7  0  809.416  70.2742  6.70243  -11.772  37
458.7  1  332.118  -54.087  -42.4264  -37.278  20
458.8  0  810.086  68.9989  6.70243  -12.753  37
458.8  1  327.875  -57.9129  -42.4264  38.259  20
458.9  0  810.756  67.6255  6.70243  -13.734  37
458.9  1  323.632  -54.1851  -42.4264  -37.278  20
459  0  811.427  66.154  6.70243  -14.715  37
459  1  319.39  -58.011  -42.4264  38.259  20
459.1  0  812.097  64.5844  6.70243  -15.696  37
459.1  1  315.147  -54.2832  -42.4264  -37.278  20
459.2  0  812.767  62.9167  6.70243  -16.677  37
459.2  1  310.905  -58.1091  -42.4264  38.259  20
459.3  0  813.437  61.1509  6.70243  -17.658  37
459.3  1  306.662  -54.3813  -42.4264  -37.278  20
459.4  0  814.108  59.287  6.70243  -18.639  37
459.4  1  302.419  -58.2072  -42.4264  38.259  20
459.5  0  814.778  57.325  6.70243  -19.62  37
459.5  1  298.177  -54.4794  -42.4264  -37.278  20
459.6  0  815.448  55.2649  6.70243  -20.601  37
459.6  1  293.934  -58.3053  -42.4264  38.259  20
459.7  0  816.118  53.1067  6.70243  -21.582  37
459.7  1  289.691  -54.5775  -42.4264  -37.278  20
459.8  0  816.789  50.8504  6.70243  -22.563  37
459.8  1  285.449  -58.4034  -42.4264  38.259  20
459.9  0  817.459  48.496  6.70243  -23.544  37
459.9  1  281.206  -54.6756  -42.4264  -37.278  20
460  0  818.129  46.0435  6.70243  -24.525  37
460  1  276.963  -58.5015  -42.4264  38.259  20
460.1  0  818.799  43.4929  6.70243  -25.506  37
460.1  1  272.721  -54.7737  -42.4264  -37.278  20
460.2  0  819.47  40.8442  6.70243  -26.487  37
460.2  1  268.478  -58.5996  -42.4264  38.259  20
460.3  0  820.14  38.0974  6.70243  -27.468  37
460.3  1  264.235  -54.8718  -42.4264  -37.278  20
460.4  0  820.81  35.2525  6.70243  -28.449  37
460.4  1  259.993  -58.6977  -42.4264  38.259  20
460.5  0  821.48  32.3095  6.70243  -29.43  37
460.5  1  255.75  -54.9699  -42.4264  -37.278  20
460.6  0  822.151  29.2684  6.70243  -30.411  37
460.6  1  251.508  -58.7958  -42.4264  38.259  20
460.7  0  822.821  26.1292  6.70243  -31.392  37
460.7  1  247.265  -55.068  -42.4264  -37.278  20
460.8  0  823.491  22.8919  6.70243  -32.373  37
460.8  1  243.022  -58.8939  -42.4264  38.259  20
460.9  0  824.161  19.5565  6.70243  -33.354  37
460.9  1  238.78  -55.1661  -42.4264  -37.278  20
461  0  824.832  16.123  6.70243  -34.335  37
461  1  234.537  -58.992  -42.4264  38.259  20
461.1  0  825.502  12.5914  6.70243  -35.316  37
461.1  1  230.294  -55.2642  -42.4264  -37.278  20
461.2  0  826.172  8.96168  6.70243  -36.297  37
461.2  1  226.052  -59.0901  -42.4264  38.259  20
461.3  0  826.842  5.23388  6.70243  -37.278  37
461.3  1  221.809  -55.3623  -42.4264  -37.278  20
461.4  0  827.512  1.40798  6.70243  -38.259  37
461.4  1  217.566  -59.1882  -42.4264  38.259  20
461.5  0  828.183  -2.51602  6.70243  39.24  37
461.5  1  213.324  -55.4604  -42.4264  -37.278  20
461.6  0  828.853  1.30988  6.70243  38.259  37
461.6  1  209.081  -59.2863  -42.4264  38.259  20
461.7  0  829.523  5.03768  6.70243  37.278  37
461.7  1  204.839  -55.5585  -42.4264  -37.278  20
461.8  0  830.193  8.66738  6.70243  36.297  37
461.8  1  200.596  -59.3844  -42.4264  38.259  20
461.9  0  830.864  12.199  6.70243  35.316  37
461.9  1  196.353  -55.6566  -42.4264  -37.278  20
462  0  831.534  15.6325  6.70243  34.335  37
462  1  192.111  -59.4825  -42.4264  38.259  20
462.1  0  832.204  18.9679  6.70243  33.354  37
462.1  1  187.868  -55.7547  -42.4264  -37.278  20
462.2  0  832.874  22.2052  6.70243  32.373  37
462.2  1  183.625  -59.5806  -42.4264  38.259  20
462.3  0  833.545  25.3444  6.70243  31.392  37
462.3  1  179.383  -55.8528  -42.4264  -37.278  20
462.4  0  834.215  28.3855  6.70243  30.411  37
462.4  1  175.14  -59.6787  -42.4264  38.259  20
462.5  0  834.885  31.3285  6.70243  29.43  37
462.5  1  170.897  -55.9509  -42.4264  -37.278  20
462.6  0  835.555  34.1734  6.70243  28.449  37
462.6  1  166.655  -59.7768  -42.4264  38.259  20
462.7  0  836.226  36.9202  6.70243  27.468  37
462.7  1  162.412  -56.049  -42.4264  -37.278  20
462.8  0  836.896  39.5689  6.70243  26.487  37
462.8  1  158.169  -59.8749  -42.4264  38.259  20
462.9  0  837.566  42.1195  6.70243  25.506  37
462.9  1  153.927  -56.1471  -42.4264  -37.278  20
463  0  838.236  44.572  6.70243  24.525  37
463  1  149.684  -59.973  -42.4264  38.259  20
463.1  0  838.907  46.9264  6.70243  23.544  37
463.1  1  145.442  -56.2452  -42.4264  -37.278  20
463.2  0  839.577  49.1827  6.70243  22.563  37
463.2  1  141.199  -60.0711  -42.4264  38.259  20
463.3  0  840.247  51.3409  6.70243  21.582  37
463.3  1  136.956  -56.3433  -42.4264  -37.278  20
463.4  0  840.917  53.401  6.70243  20.601  37
463.4  1  132.714  -60.1692  -42.4264  38.259  20
463.5  0  841.588  55.363  6.70243  19.62  37
463.5  1  128.471  -56.4414  -42.4264  -37.278  20
463.6  0  842.258  57.2269  6.70243  18.639  37
463.6  1  124.228  -60.2673  -42.4264  38.259  20
463.7  0  842.928  58.9927  6.70243  17.658  37
463.7  1  119.986  -56.5395  -42.4264  -37.278  20
463.8  0  843.598  60.6604  6.70243  16.677  37
463.8  1  115.743  -60.3654  -42.4264  38.259  20
463.9  0  844.269  62.23  6.70243  15.696  37
463.9  1  111.5  -56.6376  -42.4264  -37.278  20
464  0  844.939  63.7015  6.70243  14.715  37
464  1  107.258  -60.4635  -42.4264  38.259  20
464.1  0  845.609  65.0749  6.70243  13.734  37
464.1  1  103.015  -56.7357  -42.4264  -37.278  20
464.2  0  846.279  66.3502  6.70243  12.753  37
464.2  1  98.7725  -60.5616  -42.4264  38.259  20
464.3  0  846.95  67.5274  6.70243  11.772  37
464.3  1  94.5299  -56.8338  -42.4264  -37.278  20
464.4  0  847.62  68.6065  6.70243  10.791  37
464.4  1  90.2872  -60.6597  -42.4264  38.259  20
464.5  0  848.29  69.5875  6.70243  9.81  37
464.5  1  86.0446  -56.9319  -42.4264  -37.278  20
464.6  0  848.96  70.4704  6.70243  8.829  37
464.6  1  81.8019  -60.7578  -42.4264  38.259  20
464.7  0  849.63  71.2552  6.70243  7.848  37
464.7  1  77.5593  -57.03  -42.4264  -37.278  20
464.8  0  850.301  71.9419  6.70243  6.867  37
464.8  1  73.3167  -60.8559  -42.4264  38.259  20
464.9  0  850.971  72.5305  6.70243  5.886  37
464.9  1  69.074  -57.1281  -42.4264  -37.278  20
465  0  851.641  73.021  6.70243  4.905  37
465  1  64.8314  -60.954  -42.4264  38.259  20
465.1  0  852.311  73.4134  6.70243  3.924  37
465.1  1  60.5887  -57.2262  -42.4264  -37.278  20
465.2  0  852.982  73.7077  6.70243  2.943  37
465.2  1  56.3461  -61.0521  -42.4264  38.259  20
465.3  0  853.652  73.9039  6.70243  1.962  37
465.3  1  52.1035  -57.3243  -42.4264  -37.278  20
465.4  0  854.322  74.002  6.70243  0.981  37
465.4  1  47.8608  -61.1502  -42.4264  38.259  20
465.5  0  854.992  74.002  6.70243  1.11022e-15  37
465.5  1  43.6182  -57.4224  -42.4264  -37.278  20
465.6  0  855.663  73.9039  6.70243  -0.981  37
465.6  1  39.3755  -61.2483  -42.4264  38.259  20
465.7  0  856.333  73.7077  6.70243  -1.962  37
465.7  1  35.1329  -57.5205  -42.4264  -37.278  20
465.8  0  857.003  73.4134  6.70243  -2.943  37
465.8  1  30.8903  -61.3464  -42.4264  38.259  20
465.9  0  857.673  73.021  6.70243  -3.924  37
465.9  1  26.6476  -57.6186  -42.4264  -37.278  20
466  0  858.344  72.5305  6.70243  -4.905  37
466  1  22.405  -61.4445  -42.4264  38.259  20
466.1  0  859.014  71.9419  6.70243  -5.886  37
466.1  1  18.1623  -57.7167  -42.4264  -37.278  20
466.2  0  859.684  71.2552  6.70243  -6.867  37
466.2  1  13.9197  -61.5426  -42.4264  38.259  20
466.3  0  860.354  70.4704  6.70243  -7.848  37
466.3  1  9.67706  -57.8148  -42.4264  -37.278  20
466.4  0  861.025  69.5875  6.70243  -8.829  37
466.4  1  5.43442  -61.6407  -42.4264  38.259  20
466.5  0  861.695  68.6065  6.70243  -9.81  37
466.5  1  1.19178  -57.9129  -42.4264  -37.278  20
466.6  0  862.365  67.5274  6.70243  -10.791  37
466.6  1  -3.05087  -61.7388  42.4264  38.259  20
466.7  0  863.035  66.3502  6.70243  -11.772  37
466.7  1  1.19178  -58.011  42.4264  -37.278  20
466.8  0  863.706  65.0749  6.70243  -12.753  37
466.8  1  5.43442  -61.8369  42.4264  38.259  20
466.9  0  864.376  63.7015  6.70243  -13.734  37
466.9  1  9.67706  -58.1091  42.4264  -37.278  20
467  0  865.046  62.23  6.70243  -14.715  37
467  1  13.9197  -61.935  42.4264  38.259  20
467.1  0  865.716  60.6604  6.70243  -15.696  37
467.1  1  18.1623  -58.2072  42.4264  -37.278  20
467.2  0  866.387  58.9927  6.70243  -16.677  37
467.2  1  22.405  -62.0331  42.4264  38.259  20
467.3  0  867.057  57.2269  6.70243  -17.658  37
467.3  1  26.6476  -58.3053  42.4264  -37.278  20
467.4  0  867.727  55.363  6.70243  -18.639  37
467.4  1  30.8903  -62.1312  42.4264  38.259  20
467.5  0  868.397  53.401  6.70243  -19.62  37
467.5  1  35.1329  -58.4034  42.4264  -37.278  20
467.6  0  869.068  51.3409  6.70243  -20.601  37
467.6  1  39.3755  -62.2293  42.4264  38.259  20
467.7  0  869.738  49.1827  6.70243  -21.582  37
467.7  1  43.6182  -58.5015  42.4264  -37.278  20
467.8  0  870.408  46.9264  6.70243  -22.563  37
467.8  1  47.8608  -62.3274  42.4264  38.259  20
467.9  0  871.078  44.572  6.70243  -23.544  37
467.9  1  52.1035  -58.5996  42.4264  -37.278  20
468  0  871.749  42.1195  6.70243  -24.525  37
468  1  56.3461  -62.4255  42.4264  38.259  20
468.1  0  872.419  39.5689  6.70243  -25.506  37
468.1  1  60.5887  -58.6977  42.4264  -37.278  20
468.2  0  873.089  36.9202  6.70243  -26.487  37
468.2  1  64.8314  -62.5236  42.4264  38.259  20
468.3  0  873.759  34.1734  6.70243  -27.468  37
468.3  1  69.074  -58.7958  42.4264  -37.278  20
468.4  0  874.429  31.3285  6.70243  -28.449  37
468.4  1  73.3167  -62.6217  42.4264  38.259  20
468.5  0  875.1  28.3855  6.70243  -29.43  37
468.5  1  77.5593  -58.8939  42.4264  -37.278  20
468.6  0  875.77  25.3444  6.70243  -30.411  37
468.6  1  81.8019  -62.7198  42.4264  38.259  20
468.7  0  876.44  22.2052  6.70243  -31.392  37
468.7  1  86.0446  -58.992  42.4264  -37.278  20
468.8  0  877.11  18.9679  6.70243  -32.373  37
468.8  1  90.2872  -62.8179  42.4264  38.259  20
468.9  0  877.781  15.6325  6.70243  -33.354  37
468.9  1  94.5299  -59.0901  42.4264  -37.278  20
469  0  878.451  12.199  6.70243  -34.335  37
469  1  98.7725  -62.916  42.4264  38.259  20
469.1  0  879.121  8.66738  6.70243  -35.316  37
469.1  1  103.015  -59.1882  42.4264  -37.278  20
469.2  0  879.791  5.03768  6.70243  -36.297  37
469.2  1  107.258  -63.0141  42.4264  38.259  20
469.3  0  880.462  1.30988  6.70243  -37.278  37
469.3  1  111.5  -59.2863  42.4264  -37.278  20
469.4  0  881.132  -2.51602  6.70243  38.259  37
469.4  1  115.743  -63.1122  42.4264  38.259  20
469.5  0  881.802  1.21178  6.70243  37.278  37
469.5  1  119.986  -59.3844  42.4264  -37.278  20
469.6  0  882.472  4.84148  6.70243  36.297  37
469.6  1  124.228  -63.2103  42.4264  38.259  20
469.7  0  883.143  8.37308  6.70243  35.316  37
469.7  1  128.471  -59.4825  42.4264  -37.278  20
469.8  0  883.813  11.8066  6.70243  34.335  37
469.8  1  132.714  -63.3084  42.4264  38.259  20
469.9  0  884.483  15.142  6.70243  33.354  37
469.9  1  136.956  -59.5806  42.4264  -37.278  20
470  0  885.153  18.3793  6.70243  32.373  37
470  1  141.199  -63.4065  42.4264  38.259  20
470.1  0  885.824  21.5185  6.70243  31.392  37
470.1  1  145.442  -59.6787  42.4264  -37.278  20
470.2  0  886.494  24.5596  6.70243  30.411  37
470.2  1  149.684  -63.5046  42.4264  38.259  20
470.3  0  887.164  27.5026  6.70243  29.43  37
470.3  1  153.927  -59.7768  42.4264  -37.278  20
470.4  0  887.834  30.3475  6.70243  28.449  37
470.4  1  158.169  -63.6027  42.4264  38.259  20
470.5  0  888.505  33.0943  6.70243  27.468  37
470.5  1  162.412  -59.8749  42.4264  -37.278  20
470.6  0  889.175  35.743  6.70243  26.487  37
470.6  1  166.655  -63.7008  42.4264  38.259  20
470.7  0  889.845  38.2936  6.70243  25.506  37
470.7  1  170.897  -59.973  42.4264  -37.278  20
470.8  0  890.515  40.7461  6.70243  24.525  37
470.8  1  175.14  -63.7989  42.4264  38.259  20
470.9  0  891.186  43.1005  6.70243  23.544  37
470.9  1  179.383  -60.0711  42.4264  -37.278  20
471  0  891.856  45.3568  6.70243  22.563  37
471  1  183.625  -63.897  42.4264  38.259  20
471.1  0  892.526  47.515  6.70243  21.582  37
471.1  1  187.868  -60.1692  42.4264  -37.278  20
471.2  0  893.196  49.5751  6.70243  20.601  37
471.2  1  192.111  -63.9951  42.4264  38.259  20
471.3  0  893.867  51.5371  6.70243  19.62  37
471.3  1  196.353  -60.2673  42.4264  -37.278  20
471.4  0  894.537  53.401  6.70243  18.639  37
471.4  1  200.596  -64.0932  42.4264  38.259  20
471.5  0  895.207  55.1668  6.70243  17.658  37
471.5  1  204.839  -60.3654  42.4264  -37.278  20
471.6  0  895.877  56.8345  6.70243  16.677  37
471.6  1  209.081  -64.1913  42.4264  38.259  20
471.7  0  896.547  58.4041  6.70243  15.696  37
471.7  1  213.324  -60.4635  42.4264  -37.278  20
471.8  0  897.218  59.8756  6.70243  14.715  37
471.8  1  217.566  -64.2894  42.4264  38.259  20
471.9  0  897.888  61.249  6.70243  13.734  37
471.9  1  221.809  -60.5616  42.4264  -37.278  20
472  0  898.558  62.5243  6.70243  12.753  37
472  1  226.052  -64.3875  42.4264  38.259  20
472.1  0  899.228  63.7015  6.70243  11.772  37
472.1  1  230.294  -60.6597  42.4264  -37.278  20
472.2  0  899.899  64.7806  6.70243  10.791  37
472.2  1  234.537  -64.4856  42.4264  38.259  20
472.3  0  900.569  65.7616  6.70243  9.81  37
472.3  1  238.78  -60.7578  42.4264  -37.278  20
472.4  0  901.239  66.6445  6.70243  8.829  37
472.4  1  243.022  -64.5837  42.4264  38.259  20
472.5  0  901.909  67.4293  6.70243  7.848  37
472.5  1  247.265  -60.8559  42.4264  -37.278  20
472.6  0  902.58  68.116  6.70243  6.867  37
472.6  1  251.508  -64.6818  42.4264  38.259  20
472.7  0  903.25  68.7046  6.70243  5.886  37
472.7  1  255.75  -60.954  42.4264  -37.278  20
472.8  0  903.92  69.1951  6.70243  4.905  37
472.8  1  259.993  -64.7799  42.4264  38.259  20
472.9  0  904.59  69.5875  6.70243  3.924  37
472.9  1  264.235  -61.0521  42.4264  -37.278  20
473  0  905.261  69.8818  6.70243  2.943  37
473  1  268.478  -64.878  42.4264  38.259  20
473.1  0  905.931  70.078  6.70243  1.962  37
473.1  1  272.721  -61.1502  42.4264  -37.278  20
473.2  0  906.601  70.1761  6.70243  0.981  37
473.2  1  276.963  -64.9761  42.4264  38.259  20
473.3  0  907.271  70.1761  6.70243  1.11022e-15  37
473.3  1  281.206  -61.2483  42.4264  -37.278  20
473.4  0  907.942  70.078  6.70243  -0.981  37
473.4  1  285.449  -65.0742  42.4264  38.259  20
473.5  0  908.612  69.8818  6.70243  -1.962  37
473.5  1  289.691  -61.3464  42.4264  -37.278  20
473.6  0  909.282  69.5875  6.70243  -2.943  37
473.6  1  293.934  -65.1723  42.4264  38.259  20
473.7  0  909.952  69.1951  6.70243  -3.924  37
473.7  1  298.177  -61.4445  42.4264  -37.278  20
473.8  0  910.623  68.7046  6.70243  -4.905  37
473.8  1  302.419  -65.2704  42.4264  38.259  20
473.9  0  911.293  68.116  6.70243  -5.886  37
473.9  1  306.662  -61.5426  42.4264  -37.278  20
474  0  911.963  67.4293  6.70243  -6.867  37
474  1  310.905  -65.3685  42.4264  38.259  20
474.1  0  912.633  66.6445  6.70243  -7.848  37
474.1  1  315.147  -61.6407  42.4264  -37.278  20
474.2  0  913.304  65.7616  6.70243  -8.829  37
474.2  1  319.39  -65.4666  42.4264  38.259  20
474.3  0  913.974  64.7806  6.70243  -9.81  37
474.3  1  323.632  -61.7388  42.4264  -37.278  20
474.4  0  914.644  63.7015  6.70243  -10.791  37
474.4  1  327.875  -65.5647  42.4264  38.259  20
474.5  0  915.314  62.5243  6.70243  -11.772  37
474.5  1  332.118  -61.8369  42.4264  -37.278  20
474.6  0  915.985  61.249  6.70243  -12.753  37
474.6  1  336.36  -65.6628  42.4264  38.259  20
474.7  0  916.655  59.8756  6.70243  -13.734  37
474.7  1  340.603  -61.935  42.4264  -37.278  20
474.8  0  917.325  58.4041  6.70243  -14.715  37
474.8  1  344.846  -65.7609  42.4264  38.259  20
474.9  0  917.995  56.8345  6.70243  -15.696  37
474.9  1  349.088  -62.0331  42.4264  -37.278  20
475  0  918.665  55.1668  6.70243  -16.677  37
475  1  353.331  -65.859  42.4264  38.259  20
475.1  0  919.336  53.401  6.70243  -17.658  37
475.1  1  357.574  -62.1312  42.4264  -37.278  20
475.2  0  920.006  51.5371  6.70243  -18.639  37
475.2  1  361.816  -65.9571  42.4264  38.259  20
475.3  0  920.676  49.5751  6.70243  -19.62  37
475.3  1  366.059  -62.2293  42.4264  -37.278  20
475.4  0  921.346  47.515  6.70243  -20.601  37
475.4  1  370.302  -66.0552  42.4264  38.259  20
475.5  0  922.017  45.3568  6.70243  -21.582  37
475.5  1  374.544  -62.3274  42.4264  -37.278  20
475.6  0  922.687  43.1005  6.70243  -22.563  37
475.6  1  378.787  -66.1533  42.4264  38.259  20
475.7  0  923.357  40.7461  6.70243  -23.544  37
475.7  1  383.029  -62.4255  42.4264  -37.278  20
475.8  0  924.027  38.2936  6.70243  -24.525  37
475.8  1  387.272  -66.2514  42.4264  38.259  20
475.9  0  924.698  35.743  6.70243  -25.506  37
475.9  1  391.515  -62.5236  42.4264  -37.278  20
476  0  925.368  33.0943  6.70243  -26.487  37
476  1  395.757  -66.3495  42.4264  38.259  20
476.1  0  926.038  30.3475  6.70243  -27.468  37
476.1  1  400  -62.6217  42.4264  -37.278  20
476.2  0  926.708  27.5026  6.70243  -28.449  37
476.2  1  404.243  -66.4476  42.4264  38.259  20
476.3  0  927.379  24.5596  6.70243  -29.43  37
476.3  1  408.485  -62.7198  42.4264  -37.278  20
476.4  0  928.049  21.5185  6.70243  -30.411  37
476.4  1  412.728  -66.5457  42.4264  38.259  20
476.5  0  928.719  18.3793  6.70243  -31.392  37
476.5  1  416.971  -62.8179  42.4264  -37.278  20
476.6  0  929.389  15.142  6.70243  -32.373  37
476.6  1  421.213  -66.6438  42.4264  38.259  20
476.7  0  930.06  11.8066  6.70243  -33.354  37
476.7  1  425.456  -62.916  42.4264  -37.278  20
476.8  0  930.73  8.37308  6.70243  -34.335  37
476.8  1  429.698  -66.7419  42.4264  38.259  20
476.9  0  931.4  4.84148  6.70243  -35.316  37
476.9  1  433.941  -63.0141  42.4264  -37.278  20
477  0  932.07  1.21178  6.70243  -36.297  37
477  1  438.184  -66.84  42.4264  38.259  20
477.1  0  932.741  -2.51602  6.70243  37.278  37
477.1  1  442.426  -63.1122  42.4264  -37.278  20
477.2  0  933.411  1.11368  6.70243  36.297  37
477.2  1  446.669  -66.9381  42.4264  38.259  20
477.3  0  934.081  4.64528  6.70243  35.316  37
477.3  1  450.912  -63.2103  42.4264  -37.278  20
477.4  0  934.751  8.07878  6.70243  34.335  37
477.4  1  455.154  -67.0362  42.4264  38.259  20
477.5  0  935.422  11.4142  6.70243  33.354  37
477.5  1  459.397  -63.3084  42.4264  -37.278  20
477.6  0  936.092  14.6515  6.70243  32.373  37
477.6  1  463.64  -67.1343  42.4264  38.259  20
477.7  0  936.762  17.7907  6.70243  31.392  37
477.7  1  467.882  -63.4065  42.4264  -37.278  20
477.8  0  937.432  20.8318  6.70243  30.411  37
477.8  1  472.125  -67.2324  42.4264  38.259  20
477.9  0  938.103  23.7748  6.70243  29.43  37
477.9  1  476.368  -63.5046  42.4264  -37.278  20
478  0  938.773  26.6197  6.70243  28.449  37
478  1  480.61  -67.3305  42.4264  38.259  20
478.1  0  939.443  29.3665  6.70243  27.468  37
478.1  1  484.853  -63.6027  42.4264  -37.278  20
478.2  0  940.113  32.0152  6.70243  26.487  37
478.2  1  489.095  -67.4286  42.4264  38.259  20
478.3  0  940.783  34.5658  6.70243  25.506  37
478.3  1  493.338  -63.7008  42.4264  -37.278  20
478.4  0  941.454  37.0183  6.70243  24.525  37
478.4  1  497.581  -67.5267  42.4264  38.259  20
478.5  0  942.124  39.3727  6.70243  23.544  37
478.5  1  501.823  -63.7989  42.4264  -37.278  20
478.6  0  942.794  41.629  6.70243  22.563  37
478.6  1  506.066  -67.6248  42.4264  38.259  20
478.7  0  943.464  43.7872  6.70243  21.582  37
478.7  1  510.309  -63.897  42.4264  -37.278  20
478.8  0  944.135  45.8473  6.70243  20.601  37
478.8  1  514.551  -67.7229  42.4264  38.259  20
478.9  0  944.805  47.8093  6.70243  19.62  37
478.9  1  518.794  -63.9951  42.4264  -37.278  20
479  0  945.475  49.6732  6.70243  18.639  37
479  1  523.037  -67.821  42.4264  38.259  20
479.1  0  946.145  51.439  6.70243  17.658  37
479.1  1  527.279  -64.0932  42.4264  -37.278  20
479.2  0  946.816  53.1067  6.70243  16.677  37
479.2  1  531.522  -67.9191  42.4264  38.259  20
479.3  0  947.486  54.6763  6.70243  15.696  37
479.3  1  535.765  -64.1913  42.4264  -37.278  20
479.4  0  948.156  56.1478  6.70243  14.715  37
479.4  1  540.007  -68.0172  42.4264  38.259  20
479.5  0  948.826  57.5212  6.70243  13.734  37
479.5  1  544.25  -64.2894  42.4264  -37.278  20
479.6  0  949.497  58.7965  6.70243  12.753  37
479.6  1  548.492  -68.1153  42.4264  38.259  20
479.7  0  950.167  59.9737  6.70243  11.772  37
479.7  1  552.735  -64.3875  42.4264  -37.278  20
479.8  0  950.837  61.0528  6.70243  10.791  37
479.8  1  556.978  -68.2134  42.4264  38.259  20
479.9  0  951.507  62.0338  6.70243  9.81  37
479.9  1  561.22  -64.4856  42.4264  -37.278  20
480  0  952.178  62.9167  6.70243  8.829  37
480  1  565.463  -68.3115  42.4264  38.259  20
480.1  0  952.848  63.7015  6.70243  7.848  37
480.1  1  569.706  -64.5837  42.4264  -37.278  20
480.2  0  953.518  64.3882  6.70243  6.867  37
480.2  1  573.948  -68.4096  42.4264  38.259  20
480.3  0  954.188  64.9768  6.70243  5.886  37
480.3  1  578.191  -64.6818  42.4264  -37.278  20
480.4  0  954.859  65.4673  6.70243  4.905  37
480.4  1  582.434  -68.5077  42.4264  38.259  20
480.5  0  955.529  65.8597  6.70243  3.924  37
480.5  1  586.676  -64.7799  42.4264  -37.278  20
480.6  0  956.199  66.154  6.70243  2.943  37
480.6  1  590.919  -68.6058  42.4264  38.259  20
480.7  0  956.869  66.3502  6.70243  1.962  37
480.7  1  595.161  -64.878  42.4264  -37.278  20
480.8  0  957.54  66.4483  6.70243  0.981  37
480.8  1  599.404  -68.7039  42.4264  38.259  20
480.9  0  958.21  66.4483  6.70243  1.11022e-15  37
480.9  1  603.647  -64.9761  42.4264  -37.278  20
481  0  958.88  66.3502  6.70243  -0.981  37
481  1  607.889  -68.802  42.4264  38.259  20
481.1  0  959.55  66.154  6.70243  -1.962  37
481.1  1  612.132  -65.0742  42.4264  -37.278  20
481.2  0  960.221  65.8597  6.70243  -2.943  37
481.2  1  616.375  -68.9001  42.4264  38.259  20
481.3  0  960.891  65.4673  6.70243  -3.924  37
481.3  1  620.617  -65.1723  42.4264  -37.278  20
481.4  0  961.561  64.9768  6.70243  -4.905  37
481.4  1  624.86  -68.9982  42.4264  38.259  20
481.5  0  962.231  64.3882  6.70243  -5.886  37
481.5  1  629.103  -65.2704  42.4264  -37.278  20
481.6  0  962.901  63.7015  6.70243  -6.867  37
481.6  1  633.345  -69.0963  42.4264  38.259  20
481.7  0  963.572  62.9167  6.70243  -7.848  37
481.7  1  637.588  -65.3685  42.4264  -37.278  20
481.8  0  964.242  62.0338  6.70243  -8.829  37
481.8  1  641.831  -69.1944  42.4264  38.259  20
481.9  0  964.912  61.0528  6.70243  -9.81  37
481.9  1  646.073  -65.4666  42.4264  -37.278  20
482  0  965.582  59.9737  6.70243  -10.791  37
482  1  650.316  -69.2925  42.4264  38.259  20
482.1  0  966.253  58.7965  6.70243  -11.772  37
482.1  1  654.558  -65.5647  42.4264  -37.278  20
482.2  0  966.923  57.5212  6.70243  -12.753  37
482.2  1  658.801  -69.3906  42.4264  38.259  20
482.3  0  967.593  56.1478  6.70243  -13.734  37
482.3  1  663.044  -65.6628  42.4264  -37.278  20
482.4  0  968.263  54.6763  6.70243  -14.715  37
482.4  1  667.286  -69.4887  42.4264  38.259  20
482.5  0  968.934  53.1067  6.70243  -15.696  37
482.5  1  671.529  -65.7609  42.4264  -37.278  20
482.6  0  969.604  51.439  6.70243  -16.677  37
482.6  1  675.772  -69.5868  42.4264  38.259  20
482.7  0  970.274  49.6732  6.70243  -17.658  37
482.7  1  680.014  -65.859  42.4264  -37.278  20
482.8  0  970.944  47.8093  6.70243  -18.639  37
482.8  1  684.257  -69.6849  42.4264  38.259  20
482.9  0  971.615  45.8473  6.70243  -19.62  37
482.9  1  688.5  -65.9571  42.4264  -37.278  20
483  0  972.285  43.7872  6.70243  -20.601  37
483  1  692.742  -69.783  42.4264  38.259  20
483.1  0  972.955  41.629  6.70243  -21.582  37
483.1  1  696.985  -66.0552  42.4264  -37.278  20
483.2  0  973.625  39.3727  6.70243  -22.563  37
483.2  1  701.227  -69.8811  42.4264  38.259  20
483.3  0  974.296  37.0183  6.70243  -23.544  37
483.3  1  705.47  -66.1533  42.4264  -37.278  20
483.4  0  974.966  34.5658  6.70243  -24.525  37
483.4  1  709.713  -69.9792  42.4264  38.259  20
483.5  0  975.636  32.0152  6.70243  -25.506  37
483.5  1  713.955  -66.2514  42.4264  -37.278  20
483.6  0  976.306  29.3665  6.70243  -26.487  37
483.6  1  718.198  -70.0773  42.4264  38.259  20
483.7  0  976.977  26.6197  6.70243  -27.468  37
483.7  1  722.441  -66.3495  42.4264  -37.278  20
483.8  0  977.647  23.7748  6.70243  -28.449  37
483.8  1  726.683  -70.1754  42.4264  38.259  20
483.9  0  978.317  20.8318  6.70243  -29.43  37
483.9  1  730.926  -66.4476  42.4264  -37.278  20
484  0  978.987  17.7907  6.70243  -30.411  37
484  1  735.169  -70.2735  42.4264  38.259  20
484.1  0  979.658  14.6515  6.70243  -31.392  37
484.1  1  739.411  -66.5457  42.4264  -37.278  20
484.2  0  980.328  11.4142  6.70243  -32.373  37
484.2  1  743.654  -70.3716  42.4264  38.259  20
484.3  0  980.998  8.07878  6.70243  -33.354  37
484.3  1  747.897  -66.6438  42.4264  -37.278  20
484.4  0  981.668  4.64528  6.70243  -34.335  37
484.4  1  752.139  -70.4697  42.4264  38.259  20
484.5  0  982.339  1.11368  6.70243  -35.316  37
484.5  1  756.382  -66.7419  42.4264  -37.278  20
484.6  0  983.009  -2.51602  6.70243  36.297  37
484.6  1  760.624  -70.5678  42.4264  38.259  20
484.7  0  983.679  1.01558  6.70243  35.316  37
484.7  1  764.867  -66.84  42.4264  -37.278  20
484.8  0  984.349  4.44908  6.70243  34.335  37
484.8  1  769.11  -70.6659  42.4264  38.259  20
484.9  0  985.019  7.78448  6.70243  33.354  37
484.9  1  773.352  -66.9381  42.4264  -37.278  20
485  0  985.69  11.0218  6.70243  32.373  37
485  1  777.595  -70.764  42.4264  38.259  20
485.1  0  986.36  14.161  6.70243  31.392  37
485.1  1  781.838  -67.0362  42.4264  -37.278  20
485.2  0  987.03  17.2021  6.70243  30.411  37
485.2  1  786.08  -70.8621  42.4264  38.259  20
485.3  0  987.7  20.1451  6.70243  29.43  37
485.3  1  790.323  -67.1343  42.4264  -37.278  20
485.4  0  988.371  22.99  6.70243  28.449  37
485.4  1  794.566  -70.9602  42.4264  38.259  20
485.5  0  989.041  25.7368  6.70243  27.468  37
485.5  1  798.808  -67.2324  42.4264  -37.278  20
485.6  0  989.711  28.3855  6.70243  26.487  37
485.6  1  803.051  -71.0583  42.4264  38.259  20
485.7  0  990.381  30.9361  6.70243  25.506  37
485.7  1  807.294  -67.3305  42.4264  -37.278  20
485.8  0  991.052  33.3886  6.70243  24.525  37
485.8  1  811.536  -71.1564  42.4264  38.259  20
485.9  0  991.722  35.743  6.70243  23.544  37
485.9  1  815.779  -67.4286  42.4264  -37.278  20
486  0  992.392  37.9993  6.70243  22.563  37
486  1  820.021  -71.2545  42.4264  38.259  20
486.1  0  993.062  40.1575  6.70243  21.582  37
486.1  1  824.264  -67.5267  42.4264  -37.278  20
486.2  0  993.733  42.2176  6.70243  20.601  37
486.2  1  828.507  -71.3526  42.4264  38.259  20
486.3  0  994.403  44.1796  6.70243  19.62  37
486.3  1  832.749  -67.6248  42.4264  -37.278  20
486.4  0  995.073  46.0435  6.70243  18.639  37
486.4  1  836.992  -71.4507  42.4264  38.259  20
486.5  0  995.743  47.8093  6.70243  17.658  37
486.5  1  841.235  -67.7229  42.4264  -37.278  20
486.6  0  996.414  49.477  6.70243  16.677  37
486.6  1  845.477  -71.5488  42.4264  38.259  20
486.7  0  997.084  51.0466  6.70243  15.696  37
486.7  1  849.72  -67.821  42.4264  -37.278  20
486.8  0  997.754  52.5181  6.70243  14.715  37
486.8  1  853.963  -71.6469  42.4264  38.259  20
486.9  0  998.424  53.8915  6.70243  13.734  37
486.9  1  858.205  -67.9191  42.4264  -37.278  20
487  0  999.095  55.1668  6.70243  12.753  37
487  1  862.448  -71.745  42.4264  38.259  20
487.1  0  999.765  56.344  6.70243  11.772  37
487.1  1  866.69  -68.0172  42.4264  -37.278  20
487.2  0  1000.44  57.4231  -6.70243  10.791  37
487.2  1  870.933  -71.8431  42.4264  38.259  20
487.3  0  999.765  58.4041  -6.70243  9.81  37
487.3  1  875.176  -68.1153  42.4264  -37.278  20
487.4  0  999.095  59.287  -6.70243  8.829  37
487.4  1  879.418  -71.9412  42.4264  38.259  20
487.5  0  998.424  60.0718  -6.70243  7.848  37
487.5  1  883.661  -68.2134  42.4264  -37.278  20
487.6  0  997.754  60.7585  -6.70243  6.867  37
487.6  1  887.904  -72.0393  42.4264  38.259  20
487.7  0  997.084  61.3471  -6.70243  5.886  37
487.7  1  892.146  -68.3115  42.4264  -37.278  20
487.8  0  996.414  61.8376  -6.70243  4.905  37
487.8  1  896.389  -72.1374  42.4264  38.259  20
487.9  0  995.743  62.23  -6.70243  3.924  37
487.9  1  900.632  -68.4096  42.4264  -37.278  20
488  0  995.073  62.5243  -6.70243  2.943  37
488  1  904.874  -72.2355  42.4264  38.259  20
488.1  0  994.403  62.7205  -6.70243  1.962  37
488.1  1  909.117  -68.5077  42.4264  -37.278  20
488.2  0  993.733  62.8186  -6.70243  0.981  37
488.2  1  913.36  -72.3336  42.4264  38.259  20
488.3  0  993.062  62.8186  -6.70243  1.11022e-15  37
488.3  1  917.602  -68.6058  42.4264  -37.278  20
488.4  0  992.392  62.7205  -6.70243  -0.981  37
488.4  1  921.845  -72.4317  42.4264  38.259  20
488.5  0  991.722  62.5243  -6.70243  -1.962  37
488.5  1  926.087  -68.7039  42.4264  -37.278  20
488.6  0  991.052  62.23  -6.70243  -2.943  37
488.6  1  930.33  -72.5298  42.4264  38.259  20
488.7  0  990.381  61.8376  -6.70243  -3.924  37
488.7  1  934.573  -68.802  42.4264  -37.278  20
488.8  0  989.711  61.3471  -6.70243  -4.905  37
488.8  1  938.815  -72.6279  42.4264  38.259  20
488.9  0  989.041  60.7585  -6.70243  -5.886  37
488.9  1  943.058  -68.9001  42.4264  -37.278  20
489  0  988.371  60.0718  -6.70243  -6.867  37
489  1  947.301  -72.726  42.4264  38.259  20
489.1  0  987.7  59.287  -6.70243  -7.848  37
489.1  1  951.543  -68.9982  42.4264  -37.278  20
489.2  0  987.03  58.4041  -6.70243  -8.829  37
489.2  1  955.786  -72.8241  42.4264  38.259  20
489.3  0  986.36  57.4231  -6.70243  -9.81  37
489.3  1  960.029  -69.0963  42.4264  -37.278  20
489.4  0  985.69  56.344  -6.70243  -10.791  37
489.4  1  964.271  -72.9222  42.4264  38.259  20
489.5  0  985.019  55.1668  -6.70243  -11.772  37
489.5  1  968.514  -69.1944  42.4264  -37.278  20
489.6  0  984.349  53.8915  -6.70243  -12.753  37
489.6  1  972.756  -73.0203  42.4264  38.259  20
489.7  0  983.679  52.5181  -6.70243  -13.734  37
489.7  1  976.999  -69.2925  42.4264  -37.278  20
489.8  0  983.009  51.0466  -6.70243  -14.715  37
489.8  1  981.242  -73.1184  42.4264  38.259  20
489.9  0  982.339  49.477  -6.70243  -15.696  37
489.9  1  985.484  -69.3906  42.4264  -37.278  20
490  0  981.668  47.8093  -6.70243  -16.677  37
490  1  989.727  -73.2165  42.4264  38.259  20
490.1  0  980.998  46.0435  -6.70243  -17.658  37
490.1  1  993.97  -69.4887  42.4264  -37.278  20
490.2  0  980.328  44.1796  -6.70243  -18.639  37
490.2  1  998.212  -73.3146  42.4264  38.259  20
490.3  0  979.658  42.2176  -6.70243  -19.62  37
490.3  1  1002.45  -69.5868  -42.4264  -37.278  20
490.4  0  978.987  40.1575  -6.70243  -20.601  37
490.4  1  998.212  -73.4127  -42.4264  38.259  20
490.5  0  978.317  37.9993  -6.70243  -21.582  37
490.5  1  993.97  -69.6849  -42.4264  -37.278  20
490.6  0  977.647  35.743  -6.70243  -22.563  37
490.6  1  989.727  -73.5108  -42.4264  38.259  20
490.7  0  976.977  33.3886  -6.70243  -23.544  37
490.7  1  985.484  -69.783  -42.4264  -37.278  20
490.8  0  976.306  30.9361  -6.70243  -24.525  37
490.8  1  981.242  -73.6089  -42.4264  38.259  20
490.9  0  975.636  28.3855  -6.70243  -25.506  37
490.9  1  976.999  -69.8811  -42.4264  -37.278  20
491  0  974.966  25.7368  -6.70243  -26.487  37
491  1  972.756  -73.707  -42.4264  38.259  20
491.1  0  974.296  22.99  -6.70243  -27.468  37
491.1  1  968.514  -69.9792  -42.4264  -37.278  20
491.2  0  973.625  20.1451  -6.70243  -28.449  37
491.2  1  964.271  -73.8051  -42.4264  38.259  20
491.3  0  972.955  17.2021  -6.70243  -29.43  37
491.3  1  960.029  -70.0773  -42.4264  -37.278  20
491.4  0  972.285  14.161  -6.70243  -30.411  37
491.4  1  955.786  -73.9032  -42.4264  38.259  20
491.5  0  971.615  11.0218  -6.70243  -31.392  37
491.5  1  951.543  -70.1754  -42.4264  -37.278  20
491.6  0  970.944  7.78448  -6.70243  -32.373  37
491.6  1  947.301  -74.0013  -42.4264  38.259  20
491.7  0  970.274  4.44908  -6.70243  -33.354  37
491.7  1  943.058  -70.2735  -42.4264  -37.278  20
491.8  0  969.604  1.01558  -6.70243  -34.335  37
491.8  1  938.815  -74.0994  -42.4264  38.259  20
491.9  0  968.934  -2.51602  -6.70243  35.316  37
491.9  1  934.573  -70.3716  -42.4264  -37.278  20
492  0  968.263  0.917483  -6.70243  34.335  37
492  1  930.33  -74.1975  -42.4264  38.259  20
492.1  0  967.593  4.25288  -6.70243  33.354  37
492.1  1  926.087  -70.4697  -42.4264  -37.278  20
492.2  0  966.923  7.49018  -6.70243  32.373  37
492.2  1  921.845  -74.2956  -42.4264  38.259  20
492.3  0  966.253  10.6294  -6.70243  31.392  37
492.3  1  917.602  -70.5678  -42.4264  -37.278  20
492.4  0  965.582  13.6705  -6.70243  30.411  37
492.4  1  913.36  -74.3937  -42.4264  38.259  20
492.5  0  964.912  16.6135  -6.70243  29.43  37
492.5  1  909.117  -70.6659  -42.4264  -37.278  20
492.6  0  964.242  19.4584  -6.70243  28.449  37
492.6  1  904.874  -74.4918  -42.4264  38.259  20
492.7  0  963.572  22.2052  -6.70243  27.468  37
492.7  1  900.632  -70.764  -42.4264  -37.278  20
492.8  0  962.901  24.8539  -6.70243  26.487  37
492.8  1  896.389  -74.5899  -42.4264  38.259  20
492.9  0  962.231  27.4045  -6.70243  25.506  37
492.9  1  892.146  -70.8621  -42.4264  -37.278  20
493  0  961.561  29.857  -6.70243  24.525  37
493  1  887.904  -74.688  -42.4264  38.259  20
493.1  0  960.891  32.2114  -6.70243  23.544  37
493.1  1  883.661  -70.9602  -42.4264  -37.278  20
493.2  0  960.221  34.4677  -6.70243  22.563  37
493.2  1  879.418  -74.7861  -42.4264  38.259  20
493.3  0  959.55  36.6259  -6.70243  21.582  37
493.3  1  875.176  -71.0583  -42.4264  -37.278  20
493.4  0  958.88  38.686  -6.70243  20.601  37
493.4  1  870.933  -74.8842  -42.4264  38.259  20
493.5  0  958.21  40.648  -6.70243  19.62  37
493.5  1  866.69  -71.1564  -42.4264  -37.278  20
493.6  0  957.54  42.5119  -6.70243  18.639  37
493.6  1  862.448  -74.9823  -42.4264  38.259  20
493.7  0  956.869  44.2777  -6.70243  17.658  37
493.7  1  858.205  -71.2545  -42.4264  -37.278  20
493.8  0  956.199  45.9454  -6.70243  16.677  37
493.8  1  853.963  -75.0804  -42.4264  38.259  20
493.9  0  955.529  47.515  -6.70243  15.696  37
493.9  1  849.72  -71.3526  -42.4264  -37.278  20
494  0  954.859  48.9865  -6.70243  14.715  37
494  1  845.477  -75.1785  -42.4264  38.259  20
494.1  0  954.188  50.3599  -6.70243  13.734  37
494.1  1  841.235  -71.4507  -42.4264  -37.278  20
494.2  0  953.518  51.6352  -6.70243  12.753  37
494.2  1  836.992  -75.2766  -42.4264  38.259  20
494.3  0  952.848  52.8124  -6.70243  11.772  37
494.3  1  832.749  -71.5488  -42.4264  -37.278  20
494.4  0  952.178  53.8915  -6.70243  10.791  37
494.4  1  828.507  -75.3747  -42.4264  38.259  20
494.5  0  951.507  54.8725  -6.70243  9.81  37
494.5  1  824.264  -71.6469  -42.4264  -37.278  20
494.6  0  950.837  55.7554  -6.70243  8.829  37
494.6  1  820.021  -75.4728  -42.4264  38.259  20
494.7  0  950.167  56.5402  -6.70243  7.848  37
494.7  1  815.779  -71.745  -42.4264  -37.278  20
494.8  0  949.497  57.2269  -6.70243  6.867  37
494.8  1  811.536  -75.5709  -42.4264  38.259  20
494.9  0  948.826  57.8155  -6.70243  5.886  37
494.9  1  807.294  -71.8431  -42.4264  -37.278  20
495  0  948.156  58.306  -6.70243  4.905  37
495  1  803.051  -75.669  -42.4264  38.259  20
495.1  0  947.486  58.6984  -6.70243  3.924  37
495.1  1  798.808  -71.9412  -42.4264  -37.278  20
495.2  0  946.816  58.9927  -6.70243  2.943  37
495.2  1  794.566  -75.7671  -42.4264  38.259  20
495.3  0  946.145  59.1889  -6.70243  1.962  37
495.3  1  790.323  -72.0393  -42.4264  -37.278  20
495.4  0  945.475  59.287  -6.70243  0.981  37
495.4  1  786.08  -75.8652  -42.4264  38.259  20
495.5  0  944.805  59.287  -6.70243  1.11022e-15  37
495.5  1  781.838  -72.1374  -42.4264  -37.278  20
495.6  0  944.135  59.1889  -6.70243  -0.981  37
495.6  1  777.595  -75.9633  -42.4264  38.259  20
495.7  0  943.464  58.9927  -6.70243  -1.962  37
495.7  1  773.352  -72.2355  -42.4264  -37.278  20
495.8  0  942.794  58.6984  -6.70243  -2.943  37
495.8  1  769.11  -76.0614  -42.4264  38.259  20
495.9  0  942.124  58.306  -6.70243  -3.924  37
495.9  1  764.867  -72.3336  -42.4264  -37.278  20
496  0  941.454  57.8155  -6.70243  -4.905  37
496  1  760.624  -76.1595  -42.4264  38.259  20
496.1  0  940.783  57.2269  -6.70243  -5.886  37
496.1  1  756.382  -72.4317  -42.4264  -37.278  20
496.2  0  940.113  56.5402  -6.70243  -6.867  37
496.2  1  752.139  -76.2576  -42.4264  38.259  20
496.3  0  939.443  55.7554  -6.70243  -7.848  37
496.3  1  747.897  -72.5298  -42.4264  -37.278  20
496.4  0  938.773  54.8725  -6.70243  -8.829  37
496.4  1  743.654  -76.3557  -42.4264  38.259  20
496.5  0  938.103  53.8915  -6.70243  -9.81  37
496.5  1  739.411  -72.6279  -42.4264  -37.278  20
496.6  0  937.432  52.8124  -6.70243  -10.791  37
496.6  1  735.169  -76.4538  -42.4264  38.259  20
496.7  0  936.762  51.6352  -6.70243  -11.772  37
496.7  1  730.926  -72.726  -42.4264  -37.278  20
496.8  0  936.092  50.3599  -6.70243  -12.753  37
496.8  1  726.683  -76.5519  -42.4264  38.259  20
496.9  0  935.422  48.9865  -6.70243  -13.734  37
496.9  1  722.441  -72.8241  -42.4264  -37.278  20
497  0  934.751  47.515  -6.70243  -14.715  37
497  1  718.198  -76.65  -42.4264  38.259  20
497.1  0  934.081  45.9454  -6.70243  -15.696  37
497.1  1  713.955  -72.9222  -42.4264  -37.278  20
497.2  0  933.411  44.2777  -6.70243  -16.677  37
497.2  1  709.713  -76.7481  -42.4264  38.259  20
497.3  0  932.741  42.5119  -6.70243  -17.658  37
497.3  1  705.47  -73.0203  -42.4264  -37.278  20
497.4  0  932.07  40.648  -6.70243  -18.639  37
497.4  1  701.227  -76.8462  -42.4264  38.259  20
497.5  0  931.4  38.686  -6.70243  -19.62  37
497.5  1  696.985  -73.1184  -42.4264  -37.278  20
497.6  0  930.73  36.6259  -6.70243  -20.601  37
497.6  1  692.742  -76.9443  -42.4264  38.259  20
497.7  0  930.06  34.4677  -6.70243  -21.582  37
497.7  1  688.5  -73.2165  -42.4264  -37.278  20
497.8  0  929.389  32.2114  -6.70243  -22.563  37
497.8  1  684.257  -77.0424  -42.4264  38.259  20
497.9  0  928.719  29.857  -6.70243  -23.544  37
497.9  1  680.014  -73.3146  -42.4264  -37.278  20
498  0  928.049  27.4045  -6.70243  -24.525  37
498  1  675.772  -77.1405  -42.4264  38.259  20
498.1  0  927.379  24.8539  -6.70243  -25.506  37
498.1  1  671.529  -73.4127  -42.4264  -37.278  20
498.2  0  926.708  22.2052  -6.70243  -26.487  37
498.2  1  667.286  -77.2386  -42.4264  38.259  20
498.3  0  926.038  19.4584  -6.70243  -27.468  37
498.3  1  663.044  -73.5108  -42.4264  -37.278  20
498.4  0  925.368  16.6135  -6.70243  -28.449  37
498.4  1  658.801  -77.3367  -42.4264  38.259  20
498.5  0  924.698  13.6705  -6.70243  -29.43  37
498.5  1  654.558  -73.6089  -42.4264  -37.278  20
498.6  0  924.027  10.6294  -6.70243  -30.411  37
498.6  1  650.316  -77.4348  -42.4264  38.259  20
498.7  0  923.357  7.49018  -6.70243  -31.392  37
498.7  1  646.073  -73.707  -42.4264  -37.278  20
498.8  0  922.687  4.25288  -6.70243  -32.373  37
498.8  1  641.831  -77.5329  -42.4264  38.259  20
498.9  0  922.017  0.917483  -6.70243  -33.354  37
498.9  1  637.588  -73.8051  -42.4264  -37.278  20
499  0  921.346  -2.51602  -6.70243  34.335  37
499  1  633.345  -77.631  -42.4264  38.259  20
499.1  0  920.676  0.819383  -6.70243  33.354  37
499.1  1  629.103  -73.9032  -42.4264  -37.278  20
499.2  0  920.006  4.05668  -6.70243  32.373  37
499.2  1  624.86  -77.7291  -42.4264  38.259  20
499.3  0  919.336  7.19588  -6.70243  31.392  37
499.3  1  620.617  -74.0013  -42.4264  -37.278  20
499.4  0  918.665  10.237  -6.70243  30.411  37
499.4  1  616.375  -77.8272  -42.4264  38.259  20
499.5  0  917.995  13.18  -6.70243  29.43  37
499.5  1  612.132  -74.0994  -42.4264  -37.278  20
499.6  0  917.325  16.0249  -6.70243  28.449  37
499.6  1  607.889  -77.9253  -42.4264  38.259  20
499.7  0  916.655  18.7717  -6.70243  27.468  37
499.7  1  603.647  -74.1975  -42.4264  -37.278  20
499.8  0  915.985  21.4204  -6.70243  26.487  37
499.8  1  599.404  -78.0234  -42.4264  38.259  20
499.9  0  915.314  23.971  -6.70243  25.506  37
499.9  1  595.161  -74.2956  -42.4264  -37.278  20
500  0  914.644  26.4235  -6.70243  24.525  37
500  1  590.919  -78.1215  -42.4264  38.259  20
500.1  0  913.974  28.7779  -6.70243  23.544  37
500.1  1  586.676  -74.3937  -42.4264  -37.278  20
500.2  0  913.304  31.0342  -6.70243  22.563  37
500.2  1  582.434  -78.2196  -42.4264  38.259  20
500.3  0  912.633  33.1924  -6.70243  21.582  37
500.3  1  578.191  -74.4918  -42.4264  -37.278  20
500.4  0  911.963  35.2525  -6.70243  20.601  37
500.4  1  573.948  -78.3177  -42.4264  38.259  20
500.5  0  911.293  37.2145  -6.70243  19.62  37
500.5  1  569.706  -74.5899  -42.4264  -37.278  20
500.6  0  910.623  39.0784  -6.70243  18.639  37
500.6  1  565.463  -78.4158  -42.4264  38.259  20
500.7  0  909.952  40.8442  -6.70243  17.658  37
500.7  1  561.22  -74.688  -42.4264  -37.278  20
500.8  0  909.282  42.5119  -6.70243  16.677  37
500.8  1  556.978  -78.5139  -42.4264  38.259  20
500.9  0  908.612  44.0815  -6.70243  15.696  37
500.9  1  552.735  -74.7861  -42.4264  -37.278  20
501  0  907.942  45.553  -6.70243  14.715  37
501  1  548.492  -78.612  -42.4264  38.259  20
501.1  0  907.271  46.9264  -6.70243  13.734  37
501.1  1  544.25  -74.8842  -42.4264  -37.278  20
501.2  0  906.601  48.2017  -6.70243  12.753  37
501.2  1  540.007  -78.7101  -42.4264  38.259  20
501.3  0  905.931  49.3789  -6.70243  11.772  37
501.3  1  535.765  -74.9823  -42.4264  -37.278  20
501.4  0  905.261  50.458  -6.70243  10.791  37
501.4  1  531.522  -78.8082  -42.4264  38.259  20
501.5  0  904.59  51.439  -6.70243  9.81  37
501.5  1  527.279  -75.0804  -42.4264  -37.278  20
501.6  0  903.92  52.3219  -6.70243  8.829  37
501.6  1  523.037  -78.9063  -42.4264  38.259  20
501.7  0  903.25  53.1067  -6.70243  7.848  37
501.7  1  518.794  -75.1785  -42.4264  -37.278  20
501.8  0  902.58  53.7934  -6.70243  6.867  37
501.8  1  514.551  -79.0044  -42.4264  38.259  20
501.9  0  901.909  54.382  -6.70243  5.886  37
501.9  1  510.309  -75.2766  -42.4264  -37.278  20
502  0  901.239  54.8725  -6.70243  4.905  37
502  1  506.066  -79.1025  -42.4264  38.259  20
502.1  0  900.569  55.2649  -6.70243  3.924  37
502.1  1  501.823  -75.3747  -42.4264  -37.278  20
502.2  0  899.899  55.5592  -6.70243  2.943  37
502.2  1  497.581  -79.2006  -42.4264  38.259  20
502.3  0  899.228  55.7554  -6.70243  1.962  37
502.3  1  493.338  -75.4728  -42.4264  -37.278  20
502.4  0  898.558  55.8535  -6.70243  0.981  37
502.4  1  489.095  -79.2987  -42.4264  38.259  20
502.5  0  897.888  55.8535  -6.70243  1.11022e-15  37
502.5  1  484.853  -75.5709  -42.4264  -37.278  20
502.6  0  897.218  55.7554  -6.70243  -0.981  37
502.6  1  480.61  -79.3968  -42.4264  38.259  20
502.7  0  896.547  55.5592  -6.70243  -1.962  37
502.7  1  476.368  -75.669  -42.4264  -37.278  20
502.8  0  895.877  55.2649  -6.70243  -2.943  37
502.8  1  472.125  -79.4949  -42.4264  38.259  20
502.9  0  895.207  54.8725  -6.70243  -3.924  37
502.9  1  467.882  -75.7671  -42.4264  -37.278  20
503  0  894.537  54.382  -6.70243  -4.905  37
503  1  463.64  -79.593  -42.4264  38.259  20
503.1  0  893.867  53.7934  -6.70243  -5.886  37
503.1  1  459.397  -75.8652  -42.4264  -37.278  20
503.2  0  893.196  53.1067  -6.70243  -6.867  37
503.2  1  455.154  -79.6911  -42.4264  38.259  20
503.3  0  892.526  52.3219  -6.70243  -7.848  37
503.3  1  450.912  -75.9633  -42.4264  -37.278  20
503.4  0  891.856  51.439  -6.70243  -8.829  37
503.4  1  446.669  -79.7892  -42.4264  38.259  20
503.5  0  891.186  50.458  -6.70243  -9.81  37
503.5  1  442.426  -76.0614  -42.4264  -37.278  20
503.6  0  890.515  49.3789  -6.70243  -10.791  37
503.6  1  438.184  -79.8873  -42.4264  38.259  20
503.7  0  889.845  48.2017  -6.70243  -11.772  37
503.7  1  433.941  -76.1595  -42.4264  -37.278  20
503.8  0  889.175  46.9264  -6.70243  -12.753  37
503.8  1  429.698  -79.9854  -42.4264  38.259  20
503.9  0  888.505  45.553  -6.70243  -13.734  37
503.9  1  425.456  -76.2576  -42.4264  -37.278  20
504  0  887.834  44.0815  -6.70243  -14.715  37
504  1  421.213  -80.0835  -42.4264  38.259  20
504.1  0  887.164  42.5119  -6.70243  -15.696  37
504.1  1  416.971  -76.3557  -42.4264  -37.278  20
504.2  0  886.494  40.8442  -6.70243  -16.677  37
504.2  1  412.728  -80.1816  -42.4264  38.259  20
504.3  0  885.824  39.0784  -6.70243  -17.658  37
504.3  1  408.485  -76.4538  -42.4264  -37.278  20
504.4  0  885.153  37.2145  -6.70243  -18.639  37
504.4  1  404.243  -80.2797  -42.4264  38.259  20
504.5  0  884.483  35.2525  -6.70243  -19.62  37
504.5  1  400  -76.5519  -42.4264  -37.278  20
504.6  0  883.813  33.1924  -6.70243  -20.601  37
504.6  1  395.757  -80.3778  -42.4264  38.259  20
504.7  0  883.143  31.0342  -6.70243  -21.582  37
504.7  1  391.515  -76.65  -42.4264  -37.278  20
504.8  0  882.472  28.7779  -6.70243  -22.563  37
504.8  1  387.272  -80.4759  -42.4264  38.259  20
504.9  0  881.802  26.4235  -6.70243  -23.544  37
504.9  1  383.029  -76.7481  -42.4264  -37.278  20
505  0  881.132  23.971  -6.70243  -24.525  37
505  1  378.787  -80.574  -42.4264  38.259  20
505.1  0  880.462  21.4204  -6.70243  -25.506  37
505.1  1  374.544  -76.8462  -42.4264  -37.278  20
505.2  0  879.791  18.7717  -6.70243  -26.487  37
505.2  1  370.302  -80.6721  -42.4264  38.259  20
505.3  0  879.121  16.0249  -6.70243  -27.468  37
505.3  1  366.059  -76.9443  -42.4264  -37.278  20
505.4  0  878.451  13.18  -6.70243  -28.449  37
505.4  1  361.816  -80.7702  -42.4264  38.259  20
505.5  0  877.781  10.237  -6.70243  -29.43  37
505.5  1  357.574  -77.0424  -42.4264  -37.278  20
505.6  0  877.11  7.19588  -6.70243  -30.411  37
505.6  1  353.331  -80.8683  -42.4264  38.259  20
505.7  0  876.44  4.05668  -6.70243  -31.392  37
505.7  1  349.088  -77.1405  -42.4264  -37.278  20
505.8  0  875.77  0.819383  -6.70243  -32.373  37
505.8  1  344.846  -80.9664  -42.4264  38.259  20
505.9  0  875.1  -2.51602  -6.70243  33.354  37
505.9  1  340.603  -77.2386  -42.4264  -37.278  20
506  0  874.429  0.721283  -6.70243  32.373  37
506  1  336.36  -81.0645  -42.4264  38.259  20
506.1  0  873.759  3.86048  -6.70243  31.392  37
506.1  1  332.118  -77.3367  -42.4264  -37.278  20
506.2  0  873.089  6.90158  -6.70243  30.411  37
506.2  1  327.875  -81.1626  -42.4264  38.259  20
506.3  0  872.419  9.84458  -6.70243  29.43  37
506.3  1  323.632  -77.4348  -42.4264  -37.278  20
506.4  0  871.749  12.6895  -6.70243  28.449  37
506.4  1  319.39  -81.2607  -42.4264  38.259  20
506.5  0  871.078  15.4363  -6.70243  27.468  37
506.5  1  315.147  -77.5329  -42.4264  -37.278  20
506.6  0  870.408  18.085  -6.70243  26.487  37
506.6  1  310.905  -81.3588  -42.4264  38.259  20
506.7  0  869.738  20.6356  -6.70243  25.506  37
506.7  1  306.662  -77.631  -42.4264  -37.278  20
506.8  0  869.068  23.0881  -6.70243  24.525  37
506.8  1  302.419  -81.4569  -42.4264  38.259  20
506.9  0  868.397  25.4425  -6.70243  23.544  37
506.9  1  298.177  -77.7291  -42.4264  -37.278  20
507  0  867.727  27.6988  -6.70243  22.563  37
507  1  293.934  -81.555  -42.4264  38.259  20
507.1  0  867.057  29.857  -6.70243  21.582  37
507.1  1  289.691  -77.8272  -42.4264  -37.278  20
507.2  0  866.387  31.9171  -6.70243  20.601  37
507.2  1  285.449  -81.6531  -42.4264  38.259  20
507.3  0  865.716  33.8791  -6.70243  19.62  37
507.3  1  281.206  -77.9253  -42.4264  -37.278  20
507.4  0  865.046  35.743  -6.70243  18.639  37
507.4  1  276.963  -81.7512  -42.4264  38.259  20
507.5  0  864.376  37.5088  -6.70243  17.658  37
507.5  1  272.721  -78.0234  -42.4264  -37.278  20
507.6  0  863.706  39.1765  -6.70243  16.677  37
507.6  1  268.478  -81.8493  -42.4264  38.259  20
507.7  0  863.035  40.7461  -6.70243  15.696  37
507.7  1  264.235  -78.1215  -42.4264  -37.278  20
507.8  0  862.365  42.2176  -6.70243  14.715  37
507.8  1  259.993  -81.9474  -42.4264  38.259  20
507.9  0  861.695  43.591  -6.70243  13.734  37
507.9  1  255.75  -78.2196  -42.4264  -37.278  20
508  0  861.025  44.8663  -6.70243  12.753  37
508  1  251.508  -82.0455  -42.4264  38.259  20
508.1  0  860.354  46.0435  -6.70243  11.772  37
508.1  1  247.265  -78.3177  -42.4264  -37.278  20
508.2  0  859.684  47.1226  -6.70243  10.791  37
508.2  1  243.022  -82.1436  -42.4264  38.259  20
508.3  0  859.014  48.1036  -6.70243  9.81  37
508.3  1  238.78  -78.4158  -42.4264  -37.278  20
508.4  0  858.344  48.9865  -6.70243  8.829  37
508.4  1  234.537  -82.2417  -42.4264  38.259  20
508.5  0  857.673  49.7713  -6.70243  7.848  37
508.5  1  230.294  -78.5139  -42.4264  -37.278  20
508.6  0  857.003  50.458  -6.70243  6.867  37
508.6  1  226.052  -82.3398  -42.4264  38.259  20
508.7  0  856.333  51.0466  -6.70243  5.886  37
508.7  1  221.809  -78.612  -42.4264  -37.278  20
508.8  0  855.663  51.5371  -6.70243  4.905  37
508.8  1  217.566  -82.4379  -42.4264  38.259  20
508.9  0  854.992  51.9295  -6.70243  3.924  37
508.9  1  213.324  -78.7101  -42.4264  -37.278  20
509  0  854.322  52.2238  -6.70243  2.943  37
509  1  209.081  -82.536  -42.4264  38.259  20
509.1  0  853.652  52.42  -6.70243  1.962  37
509.1  1  204.839  -78.8082  -42.4264  -37.278  20
509.2  0  852.982  52.5181  -6.70243  0.981  37
509.2  1  200.596  -82.6341  -42.4264  38.259  20
509.3  0  852.311  52.5181  -6.70243  1.11022e-15  37
509.3  1  196.353  -78.9063  -42.4264  -37.278  20
509.4  0  851.641  52.42  -6.70243  -0.981  37
509.4  1  192.111  -82.7322  -42.4264  38.259  20
509.5  0  850.971  52.2238  -6.70243  -1.962  37
509.5  1  187.868  -79.0044  -42.4264  -37.278  20
509.6  0  850.301  51.9295  -6.70243  -2.943  37
509.6  1  183.625  -82.8303  -42.4264  38.259  20
509.7  0  849.63  51.5371  -6.70243  -3.924  37
509.7  1  179.383  -79.1025  -42.4264  -37.278  20
509.8  0  848.96  51.0466  -6.70243  -4.905  37
509.8  1  175.14  -82.9284  -42.4264  38.259  20
509.9  0  848.29  50.458  -6.70243  -5.886  37
509.9  1  170.897  -79.2006  -42.4264  -37.278  20
510  0  847.62  49.7713  -6.70243  -6.867  37
510  1  166.655  -83.0265  -42.4264  38.259  20
510.1  0  846.95  48.9865  -6.70243  -7.848  37
510.1  1  162.412  -79.2987  -42.4264  -37.278  20
510.2  0  846.279  48.1036  -6.70243  -8.829  37
510.2  1  158.169  -83.1246  -42.4264  38.259  20
510.3  0  845.609  47.1226  -6.70243  -9.81  37
510.3  1  153.927  -79.3968  -42.4264  -37.278  20
510.4  0  844.939  46.0435  -6.70243  -10.791  37
510.4  1  149.684  -83.2227  -42.4264  38.259  20
510.5  0  844.269  44.8663  -6.70243  -11.772  37
510.5  1  145.442  -79.4949  -42.4264  -37.278  20
510.6  0  843.598  43.591  -6.70243  -12.753  37
510.6  1  141.199  -83.3208  -42.4264  38.259  20
510.7  0  842.928  42.2176  -6.70243  -13.734  37
510.7  1  136.956  -79.593  -42.4264  -37.278  20
510.8  0  842.258  40.7461  -6.70243  -14.715  37
510.8  1  132.714  -83.4189  -42.4264  38.259  20
510.9  0  841.588  39.1765  -6.70243  -15.696  37
510.9  1  128.471  -79.6911  -42.4264  -37.278  20
511  0  840.917  37.5088  -6.70243  -16.677  37
511  1  124.228  -83.517  -42.4264  38.259  20
511.1  0  840.247  35.743  -6.70243  -17.658  37
511.1  1  119.986  -79.7892  -42.4264  -37.278  20
511.2  0  839.577  33.8791  -6.70243  -18.639  37
511.2  1  115.743  -83.6151  -42.4264  38.259  20
511.3  0  838.907  31.9171  -6.70243  -19.62  37
511.3  1  111.5  -79.8873  -42.4264  -37.278  20
511.4  0  838.236  29.857  -6.70243  -20.601  37
511.4  1  107.258  -83.7132  -42.4264  38.259  20
511.5  0  837.566  27.6988  -6.70243  -21.582  37
511.5  1  103.015  -79.9854  -42.4264  -37.278  20
511.6  0  836.896  25.4425  -6.70243  -22.563  37
511.6  1  98.7725  -83.8113  -42.4264  38.259  20
511.7  0  836.226  23.0881  -6.70243  -23.544  37
511.7  1  94.5299  -80.0835  -42.4264  -37.278  20
511.8  0  835.555  20.6356  -6.70243  -24.525  37
511.8  1  90.2872  -83.9094  -42.4264  38.259  20
511.9  0  834.885  18.085  -6.70243  -25.506  37
511.9  1  86.0446  -80.1816  -42.4264  -37.278  20
512  0  834.215  15.4363  -6.70243  -26.487  37
512  1  81.8019  -84.0075  -42.4264  38.259  20
512.1  0  833.545  12.6895  -6.70243  -27.468  37
512.1  1  77.5593  -80.2797  -42.4264  -37.278  20
512.2  0  832.874  9.84458  -6.70243  -28.449  37
512.2  1  73.3167  -84.1056  -42.4264  38.259  20
512.3  0  832.204  6.90158  -6.70243  -29.43  37
512.3  1  69.074  -80.3778  -42.4264  -37.278  20
512.4  0  831.534  3.86048  -6.70243  -30.411  37
512.4  1  64.8314  -84.2037  -42.4264  38.259  20
512.5  0  830.864  0.721283  -6.70243  -31.392  37
512.5  1  60.5887  -80.4759  -42.4264  -37.278  20
512.6  0  830.193  -2.51602  -6.70243  32.373  37
512.6  1  56.3461  -84.3018  -42.4264  38.259  20
512.7  0  829.523  0.623183  -6.70243  31.392  37
512.7  1  52.1035  -80.574  -42.4264  -37.278  20
512.8  0  828.853  3.66428  -6.70243  30.411  37
512.8  1  47.8608  -84.3999  -42.4264  38.259  20
512.9  0  828.183  6.60728  -6.70243  29.43  37
512.9  1  43.6182  -80.6721  -42.4264  -37.278  20
513  0  827.512  9.45218  -6.70243  28.449  37
513  1  39.3755  -84.498  -42.4264  38.259  20
513.1  0  826.842  12.199  -6.70243  27.468  37
513.1  1  35.1329  -80.7702  -42.4264  -37.278  20
513.2  0  826.172  14.8477  -6.70243  26.487  37
513.2  1  30.8903  -84.5961  -42.4264  38.259  20
513.3  0  825.502  17.3983  -6.70243  25.506  37
513.3  1  26.6476  -80.8683  -42.4264  -37.278  20
513.4  0  824.832  19.8508  -6.70243  24.525  37
513.4  1  22.405  -84.6942  -42.4264  38.259  20
513.5  0  824.161  22.2052  -6.70243  23.544  37
513.5  1  18.1623  -80.9664  -42.4264  -37.278  20
513.6  0  823.491  24.4615  -6.70243  22.563  37
513.6  1  13.9197  -84.7923  -42.4264  38.259  20
513.7  0  822.821  26.6197  -6.70243  21.582  37
513.7  1  9.67706  -81.0645  -42.4264  -37.278  20
513.8  0  822.151  28.6798  -6.70243  20.601  37
513.8  1  5.43442  -84.8904  -42.4264  38.259  20
513.9  0  821.48  30.6418  -6.70243  19.62  37
513.9  1  1.19178  -81.1626  -42.4264  -37.278  20
514  0  820.81  32.5057  -6.70243  18.639  37
514  1  -3.05087  -84.9885  42.4264  38.259  20
514.1  0  820.14  34.2715  -6.70243  17.658  37
514.1  1  1.19178  -81.2607  42.4264  -37.278  20
514.2  0  819.47  35.9392  -6.70243  16.677  37
514.2  1  5.43442  -85.0866  42.4264  38.259  20
514.3  0  818.799  37.5088  -6.70243  15.696  37
514.3  1  9.67706  -81.3588  42.4264  -37.278  20
514.4  0  818.129  38.9803  -6.70243  14.715  37
514.4  1  13.9197  -85.1847  42.4264  38.259  20
514.5  0  817.459  40.3537  -6.70243  13.734  37
514.5  1  18.1623  -81.4569  42.4264  -37.278  20
514.6  0  816.789  41.629  -6.70243  12.753  37
514.6  1  22.405  -85.2828  42.4264  38.259  20
514.7  0  816.118  42.8062  -6.70243  11.772  37
514.7  1  26.6476  -81.555  42.4264  -37.278  20
514.8  0  815.448  43.8853  -6.70243  10.791  37
514.8  1  30.8903  -85.3809  42.4264  38.259  20
514.9  0  814.778  44.8663  -6.70243  9.81  37
514.9  1  35.1329  -81.6531  42.4264  -37.278  20
515  0  814.108  45.7492  -6.70243  8.829  37
515  1  39.3755  -85.479  42.4264  38.259  20
515.1  0  813.437  46.534  -6.70243  7.848  37
515.1  1  43.6182  -81.7512  42.4264  -37.278  20
515.2  0  812.767  47.2207  -6.70243  6.867  37
515.2  1  47.8608  -85.5771  42.4264  38.259  20
515.3  0  812.097  47.8093  -6.70243  5.886  37
515.3  1  52.1035  -81.8493  42.4264  -37.278  20
515.4  0  811.427  48.2998  -6.70243  4.905  37
515.4  1  56.3461  -85.6752  42.4264  38.259  20
515.5  0  810.756  48.6922  -6.70243  3.924  37
515.5  1  60.5887  -81.9474  42.4264  -37.278  20
515.6  0  810.086  48.9865  -6.70243  2.943  37
515.6  1  64.8314  -85.7733  42.4264  38.259  20
515.7  0  809.416  49.1827  -6.70243  1.962  37
515.7  1  69.074  -82.0455  42.4264  -37.278  20
515.8  0  808.746  49.2808  -6.70243  0.981  37
515.8  1  73.3167  -85.8714  42.4264  38.259  20
515.9  0  808.075  49.2808  -6.70243  1.11022e-15  37
515.9  1  77.5593  -82.1436  42.4264  -37.278  20
516  0  807.405  49.1827  -6.70243  -0.981  37
516  1  81.8019  -85.9695  42.4264  38.259  20
516.1  0  806.735  48.9865  -6.70243  -1.962  37
516.1  1  86.0446  -82.2417  42.4264  -37.278  20
516.2  0  806.065  48.6922  -6.70243  -2.943  37
516.2  1  90.2872  -86.0676  42.4264  38.259  20
516.3  0  805.394  48.2998  -6.70243  -3.924  37
516.3  1  94.5299  -82.3398  42.4264  -37.278  20
516.4  0  804.724  47.8093  -6.70243  -4.905  37
516.4  1  98.7725  -86.1657  42.4264  38.259  20
516.5  0  804.054  47.2207  -6.70243  -5.886  37
516.5  1  103.015  -82.4379  42.4264  -37.278  20
516.6  0  803.384  46.534  -6.70243  -6.867  37
516.6  1  107.258  -86.2638  42.4264  38.259  20
516.7  0  802.714  45.7492  -6.70243  -7.848  37
516.7  1  111.5  -82.536  42.4264  -37.278  20
516.8  0  802.043  44.8663  -6.70243  -8.829  37
516.8  1  115.743  -86.3619  42.4264  38.259  20
516.9  0  801.373  43.8853  -6.70243  -9.81  37
516.9  1  119.986  -82.6341  42.4264  -37.278  20
517  0  800.703  42.8062  -6.70243  -10.791  37
517  1  124.228  -86.46  42.4264  38.259  20
517.1  0  800.033  41.629  -6.70243  -11.772  37
517.1  1  128.471  -82.7322  42.4264  -37.278  20
517.2  0  799.362  40.3537  -6.70243  -12.753  37
517.2  1  132.714  -86.5581  42.4264  38.259  20
517.3  0  798.692  38.9803  -6.70243  -13.734  37
517.3  1  136.956  -82.8303  42.4264  -37.278  20
517.4  0  798.022  37.5088  -6.70243  -14.715  37
517.4  1  141.199  -86.6562  42.4264  38.259  20
517.5  0  797.352  35.9392  -6.70243  -15.696  37
517.5  1  145.442  -82.9284  42.4264  -37.278  20
517.6  0  796.681  34.2715  -6.70243  -16.677  37
517.6  1  149.684  -86.7543  42.4264  38.259  20
517.7  0  796.011  32.5057  -6.70243  -17.658  37
517.7  1  153.927  -83.0265  42.4264  -37.278  20
517.8  0  795.341  30.6418  -6.70243  -18.639  37
517.8  1  158.169  -86.8524  42.4264  38.259  20
517.9  0  794.671  28.6798  -6.70243  -19.62  37
517.9  1  162.412  -83.1246  42.4264  -37.278  20
518  0  794  26.6197  -6.70243  -20.601  37
518  1  166.655  -86.9505  42.4264  38.259  20
518.1  0  793.33  24.4615  -6.70243  -21.582  37
518.1  1  170.897  -83.2227  42.4264  -37.278  20
518.2  0  792.66  22.2052  -6.70243  -22.563  37
518.2  1  175.14  -87.0486  42.4264  38.259  20
518.3  0  791.99  19.8508  -6.70243  -23.544  37
518.3  1  179.383  -83.3208  42.4264  -37.278  20
518.4  0  791.319  17.3983  -6.70243  -24.525  37
518.4  1  183.625  -87.1467  42.4264  38.259  20
518.5  0  790.649  14.8477  -6.70243  -25.506  37
518.5  1  187.868  -83.4189  42.4264  -37.278  20
518.6  0  789.979  12.199  -6.70243  -26.487  37
518.6  1  192.111  -87.2448  42.4264  38.259  20
518.7  0  789.309  9.45218  -6.70243  -27.468  37
518.7  1  196.353  -83.517  42.4264  -37.278  20
518.8  0  788.638  6.60728  -6.70243  -28.449  37
518.8  1  200.596  -87.3429  42.4264  38.259  20
518.9  0  787.968  3.66428  -6.70243  -29.43  37
518.9  1  204.839  -83.6151  42.4264  -37.278  20
519  0  787.298  0.623183  -6.70243  -30.411  37
519  1  209.081  -87.441  42.4264  38.259  20
519.1  0  786.628  -2.51602  -6.70243  31.392  37
519.1  1  213.324  -83.7132  42.4264  -37.278  20
519.2  0  785.957  0.525083  -6.70243  30.411  37
519.2  1  217.566  -87.5391  42.4264  38.259  20
519.3  0  785.287  3.46808  -6.70243  29.43  37
519.3  1  221.809  -83.8113  42.4264  -37.278  20
519.4  0  784.617  6.31298  -6.70243  28.449  37
519.4  1  226.052  -87.6372  42.4264  38.259  20
519.5  0  783.947  9.05978  -6.70243  27.468  37
519.5  1  230.294  -83.9094  42.4264  -37.278  20
519.6  0  783.276  11.7085  -6.70243  26.487  37
519.6  1  234.537  -87.7353  42.4264  38.259  20
519.7  0  782.606  14.2591  -6.70243  25.506  37
519.7  1  238.78  -84.0075  42.4264  -37.278  20
519.8  0  781.936  16.7116  -6.70243  24.525  37
519.8  1  243.022  -87.8334  42.4264  38.259  20
519.9  0  781.266  19.066  -6.70243  23.544  37
519.9  1  247.265  -84.1056  42.4264  -37.278  20
520  0  780.596  21.3223  -6.70243  22.563  37
520  1  251.508  -87.9315  42.4264  38.259  20
520.1  0  779.925  23.4805  -6.70243  21.582  37
520.1  1  255.75  -84.2037  42.4264  -37.278  20
520.2  0  779.255  25.5406  -6.70243  20.601  37
520.2  1  259.993  -88.0296  42.4264  38.259  20
520.3  0  778.585  27.5026  -6.70243  19.62  37
520.3  1  264.235  -84.3018  42.4264  -37.278  20
520.4  0  777.915  29.3665  -6.70243  18.639  37
520.4  1  268.478  -88.1277  42.4264  38.259  20
520.5  0  777.244  31.1323  -6.70243  17.658  37
520.5  1  272.721  -84.3999  42.4264  -37.278  20
520.6  0  776.574  32.8  -6.70243  16.677  37
520.6  1  276.963  -88.2258  42.4264  38.259  20
520.7  0  775.904  34.3696  -6.70243  15.696  37
520.7  1  281.206  -84.498  42.4264  -37.278  20
520.8  0  775.234  35.8411  -6.70243  14.715  37
520.8  1  285.449  -88.3239  42.4264  38.259  20
520.9  0  774.563  37.2145  -6.70243  13.734  37
520.9  1  289.691  -84.5961  42.4264  -37.278  20
521  0  773.893  38.4898  -6.70243  12.753  37
521  1  293.934  -88.422  42.4264  38.259  20
521.1  0  773.223  39.667  -6.70243  11.772  37
521.1  1  298.177  -84.6942  42.4264  -37.278  20
521.2  0  772.553  40.7461  -6.70243  10.791  37
521.2  1  302.419  -88.5201  42.4264  38.259  20
521.3  0  771.882  41.7271  -6.70243  9.81  37
521.3  1  306.662  -84.7923  42.4264  -37.278  20
521.4  0  771.212  42.61  -6.70243  8.829  37
521.4  1  310.905  -88.6182  42.4264  38.259  20
521.5  0  770.542  43.3948  -6.70243  7.848  37
521.5  1  315.147  -84.8904  42.4264  -37.278  20
521.6  0  769.872  44.0815  -6.70243  6.867  37
521.6  1  319.39  -88.7163  42.4264  38.259  20
521.7  0  769.201  44.6701  -6.70243  5.886  37
521.7  1  323.632  -84.9885  42.4264  -37.278  20
521.8  0  768.531  45.1606  -6.70243  4.905  37
521.8  1  327.875  -88.8144  42.4264  38.259  20
521.9  0  767.861  45.553  -6.70243  3.924  37
521.9  1  332.118  -85.0866  42.4264  -37.278  20
522  0  767.191  45.8473  -6.70243  2.943  37
522  1  336.36  -88.9125  42.4264  38.259  20
522.1  0  766.52  46.0435  -6.70243  1.962  37
522.1  1  340.603  -85.1847  42.4264  -37.278  20
522.2  0  765.85  46.1416  -6.70243  0.981  37
522.2  1  344.846  -89.0106  42.4264  38.259  20
522.3  0  765.18  46.1416  -6.70243  1.11022e-15  37
522.3  1  349.088  -85.2828  42.4264  -37.278  20
522.4  0  764.51  46.0435  -6.70243  -0.981  37
522.4  1  353.331  -89.1087  42.4264  38.259  20
522.5  0  763.839  45.8473  -6.70243  -1.962  37
522.5  1  357.574  -85.3809  42.4264  -37.278  20
522.6  0  763.169  45.553  -6.70243  -2.943  37
522.6  1  361.816  -89.2068  42.4264  38.259  20
522.7  0  762.499  45.1606  -6.70243  -3.924  37
522.7  1  366.059  -85.479  42.4264  -37.278  20
522.8  0  761.829  44.6701  -6.70243  -4.905  37
522.8  1  370.302  -89.3049  42.4264  38.259  20
522.9  0  761.158  44.0815  -6.70243  -5.886  37
522.9  1  374.544  -85.5771  42.4264  -37.278  20
523  0  760.488  43.3948  -6.70243  -6.867  37
523  1  378.787  -89.403  42.4264  38.259  20
523.1  0  759.818  42.61  -6.70243  -7.848  37
523.1  1  383.029  -85.6752  42.4264  -37.278  20
523.2  0  759.148  41.7271  -6.70243  -8.829  37
523.2  1  387.272  -89.5011  42.4264  38.259  20
523.3  0  758.478  40.7461  -6.70243  -9.81  37
523.3  1  391.515  -85.7733  42.4264  -37.278  20
523.4  0  757.807  39.667  -6.70243  -10.791  37
523.4  1  395.757  -89.5992  42.4264  38.259  20
523.5  0  757.137  38.4898  -6.70243  -11.772  37
523.5  1  400  -85.8714  42.4264  -37.278  20
523.6  0  756.467  37.2145  -6.70243  -12.753  37
523.6  1  404.243  -89.6973  42.4264  38.259  20
523.7  0  755.797  35.8411  -6.70243  -13.734  37
523.7  1  408.485  -85.9695  42.4264  -37.278  20
523.8  0  755.126  34.3696  -6.70243  -14.715  37
523.8  1  412.728  -89.7954  42.4264  38.259  20
523.9  0  754.456  32.8  -6.70243  -15.696  37
523.9  1  416.971  -86.0676  42.4264  -37.278  20
524  0  753.786  31.1323  -6.70243  -16.677  37
524  1  421.213  -89.8935  42.4264  38.259  20
524.1  0  753.116  29.3665  -6.70243  -17.658  37
524.1  1  425.456  -86.1657  42.4264  -37.278  20
524.2  0  752.445  27.5026  -6.70243  -18.639  37
524.2  1  429.698  -89.9916  42.4264  38.259  20
524.3  0  751.775  25.5406  -6.70243  -19.62  37
524.3  1  433.941  -86.2638  42.4264  -37.278  20
524.4  0  751.105  23.4805  -6.70243  -20.601  37
524.4  1  438.184  -90.0897  42.4264  38.259  20
524.5  0  750.435  21.3223  -6.70243  -21.582  37
524.5  1  442.426  -86.3619  42.4264  -37.278  20
524.6  0  749.764  19.066  -6.70243  -22.563  37
524.6  1  446.669  -90.1878  42.4264  38.259  20
524.7  0  749.094  16.7116  -6.70243  -23.544  37
524.7  1  450.912  -86.46  42.4264  -37.278  20
524.8  0  748.424  14.2591  -6.70243  -24.525  37
524.8  1  455.154  -90.2859  42.4264  38.259  20
524.9  0  747.754  11.7085  -6.70243  -25.506  37
524.9  1  459.397  -86.5581  42.4264  -37.278  20
525  0  747.083  9.05978  -6.70243  -26.487  37
525  1  463.64  -90.384  42.4264  38.259  20
525.1  0  746.413  6.31298  -6.70243  -27.468  37
525.1  1  467.882  -86.6562  42.4264  -37.278  20
525.2  0  745.743  3.46808  -6.70243  -28.449  37
525.2  1  472.125  -90.4821  42.4264  38.259  20
525.3  0  745.073  0.525083  -6.70243  -29.43  37
525.3  1  476.368  -86.7543  42.4264  -37.278  20
525.4  0  744.402  -2.51602  -6.70243  30.411  37
525.4  1  480.61  -90.5802  42.4264  38.259  20
525.5  0  743.732  0.426983  -6.70243  29.43  37
525.5  1  484.853  -86.8524  42.4264  -37.278  20
525.6  0  743.062  3.27188  -6.70243  28.449  37
525.6  1  489.095  -90.6783  42.4264  38.259  20
525.7  0  742.392  6.01868  -6.70243  27.468  37
525.7  1  493.338  -86.9505  42.4264  -37.278  20
525.8  0  741.721  8.66738  -6.70243  26.487  37
525.8  1  497.581  -90.7764  42.4264  38.259  20
525.9  0  741.051  11.218  -6.70243  25.506  37
525.9  1  501.823  -87.0486  42.4264  -37.278  20
526  0  740.381  13.6705  -6.70243  24.525  37
526  1  506.066  -90.8745  42.4264  38.259  20
526.1  0  739.711  16.0249  -6.70243  23.544  37
526.1  1  510.309  -87.1467  42.4264  -37.278  20
526.2  0  739.04  18.2812  -6.70243  22.563  37
526.2  1  514.551  -90.9726  42.4264  38.259  20
526.3  0  738.37  20.4394  -6.70243  21.582  37
526.3  1  518.794  -87.2448  42.4264  -37.278  20
526.4  0  737.7  22.4995  -6.70243  20.601  37
526.4  1  523.037  -91.0707  42.4264  38.259  20
526.5  0  737.03  24.4615  -6.70243  19.62  37
526.5  1  527.279  -87.3429  42.4264  -37.278  20
526.6  0  736.359  26.3254  -6.70243  18.639  37
526.6  1  531.522  -91.1688  42.4264  38.259  20
526.7  0  735.689  28.0912  -6.70243  17.658  37
526.7  1  535.765  -87.441  42.4264  -37.278  20
526.8  0  735.019  29.7589  -6.70243  16.677  37
526.8  1  540.007  -91.2669  42.4264  38.259  20
526.9  0  734.349  31.3285  -6.70243  15.696  37
526.9  1  544.25  -87.5391  42.4264  -37.278  20
527  0  733.679  32.8  -6.70243  14.715  37
527  1  548.492  -91.365  42.4264  38.259  20
527.1  0  733.008  34.1734  -6.70243  13.734  37
527.1  1  552.735  -87.6372  42.4264  -37.278  20
527.2  0  732.338  35.4487  -6.70243  12.753  37
527.2  1  556.978  -91.4631  42.4264  38.259  20
527.3  0  731.668  36.6259  -6.70243  11.772  37
527.3  1  561.22  -87.7353  42.4264  -37.278  20
527.4  0  730.998  37.705  -6.70243  10.791  37
527.4  1  565.463  -91.5612  42.4264  38.259  20
527.5  0  730.327  38.686  -6.70243  9.81  37
527.5  1  569.706  -87.8334  42.4264  -37.278  20
527.6  0  729.657  39.5689  -6.70243  8.829  37
527.6  1  573.948  -91.6593  42.4264  38.259  20
527.7  0  728.987  40.3537  -6.70243  7.848  37
527.7  1  578.191  -87.9315  42.4264  -37.278  20
527.8  0  728.317  41.0404  -6.70243  6.867  37
527.8  1  582.434  -91.7574  42.4264  38.259  20
527.9  0  727.646  41.629  -6.70243  5.886  37
527.9  1  586.676  -88.0296  42.4264  -37.278  20
528  0  726.976  42.1195  -6.70243  4.905  37
528  1  590.919  -91.8555  42.4264  38.259  20
528.1  0  726.306  42.5119  -6.70243  3.924  37
528.1  1  595.161  -88.1277  42.4264  -37.278  20
528.2  0  725.636  42.8062  -6.70243  2.943  37
528.2  1  599.404  -91.9536  42.4264  38.259  20
528.3  0  724.965  43.0024  -6.70243  1.962  37
528.3  1  603.647  -88.2258  42.4264  -37.278  20
528.4  0  724.295  43.1005  -6.70243  0.981  37
528.4  1  607.889  -92.0517  42.4264  38.259  20
528.5  0  723.625  43.1005  -6.70243  1.11022e-15  37
528.5  1  612.132  -88.3239  42.4264  -37.278  20
528.6  0  722.955  43.0024  -6.70243  -0.981  37
528.6  1  616.375  -92.1498  42.4264  38.259  20
528.7  0  722.284  42.8062  -6.70243  -1.962  37
528.7  1  620.617  -88.422  42.4264  -37.278  20
528.8  0  721.614  42.5119  -6.70243  -2.943  37
528.8  1  624.86  -92.2479  42.4264  38.259  20
528.9  0  720.944  42.1195  -6.70243  -3.924  37
528.9  1  629.103  -88.5201  42.4264  -37.278  20
529  0  720.274  41.629  -6.70243  -4.905  37
529  1  633.345  -92.346  42.4264  38.259  20
529.1  0  719.603  41.0404  -6.70243  -5.886  37
529.1  1  637.588  -88.6182  42.4264  -37.278  20
529.2  0  718.933  40.3537  -6.70243  -6.867  37
529.2  1  641.831  -92.4441  42.4264  38.259  20
529.3  0  718.263  39.5689  -6.70243  -7.848  37
529.3  1  646.073  -88.7163  42.4264  -37.278  20
529.4  0  717.593  38.686  -6.70243  -8.829  37
529.4  1  650.316  -92.5422  42.4264  38.259  20
529.5  0  716.922  37.705  -6.70243  -9.81  37
529.5  1  654.558  -88.8144  42.4264  -37.278  20
529.6  0  716.252  36.6259  -6.70243  -10.791  37
529.6  1  658.801  -92.6403  42.4264  38.259  20
529.7  0  715.582  35.4487  -6.70243  -11.772  37
529.7  1  663.044  -88.9125  42.4264  -37.278  20
529.8  0  714.912  34.1734  -6.70243  -12.753  37
529.8  1  667.286  -92.7384  42.4264  38.259  20
529.9  0  714.241  32.8  -6.70243  -13.734  37
529.9  1  671.529  -89.0106  42.4264  -37.278  20
530  0  713.571  31.3285  -6.70243  -14.715  37
530  1  675.772  -92.8365  42.4264  38.259  20
530.1  0  712.901  29.7589  -6.70243  -15.696  37
530.1  1  680.014  -89.1087  42.4264  -37.278  20
530.2  0  712.231  28.0912  -6.70243  -16.677  37
530.2  1  684.257  -92.9346  42.4264  38.259  20
530.3  0  711.561  26.3254  -6.70243  -17.658  37
530.3  1  688.5  -89.2068  42.4264  -37.278  20
530.4  0  710.89  24.4615  -6.70243  -18.639  37
530.4  1  692.742  -93.0327  42.4264  38.259  20
530.5  0  710.22  22.4995  -6.70243  -19.62  37
530.5  1  696.985  -89.3049  42.4264  -37.278  20
530.6  0  709.55  20.4394  -6.70243  -20.601  37
530.6  1  701.227  -93.1308  42.4264  38.259  20
530.7  0  708.88  18.2812  -6.70243  -21.582  37
530.7  1  705.47  -89.403  42.4264  -37.278  20
530.8  0  708.209  16.0249  -6.70243  -22.563  37
530.8  1  709.713  -93.2289  42.4264  38.259  20
530.9  0  707.539  13.6705  -6.70243  -23.544  37
530.9  1  713.955  -89.5011  42.4264  -37.278  20
531  0  706.869  11.218  -6.70243  -24.525  37
531  1  718.198  -93.327  42.4264  38.259  20
531.1  0  706.199  8.66738  -6.70243  -25.506  37
531.1  1  722.441  -89.5992  42.4264  -37.278  20
531.2  0  705.528  6.01868  -6.70243  -26.487  37
531.2  1  726.683  -93.4251  42.4264  38.259  20
531.3  0  704.858  3.27188  -6.70243  -27.468  37
531.3  1  730.926  -89.6973  42.4264  -37.278  20
531.4  0  704.188  0.426983  -6.70243  -28.449  37
531.4  1  735.169  -93.5232  42.4264  38.259  20
531.5  0  703.518  -2.51602  -6.70243  29.43  37
531.5  1  739.411  -89.7954  42.4264  -37.278  20
531.6  0  702.847  0.328883  -6.70243  28.449  37
531.6  1  743.654  -93.6213  42.4264  38.259  20
531.7  0  702.177  3.07568  -6.70243  27.468  37
531.7  1  747.897  -89.8935  42.4264  -37.278  20
531.8  0  701.507  5.72438  -6.70243  26.487  37
531.8  1  752.139  -93.7194  42.4264  38.259  20
531.9  0  700.837  8.27498  -6.70243  25.506  37
531.9  1  756.382  -89.9916  42.4264  -37.278  20
532  0  700.166  10.7275  -6.70243  24.525  37
532  1  760.624  -93.8175  42.4264  38.259  20
532.1  0  699.496  13.0819  -6.70243  23.544  37
532.1  1  764.867  -90.0897  42.4264  -37.278  20
532.2  0  698.826  15.3382  -6.70243  22.563  37
532.2  1  769.11  -93.9156  42.4264  38.259  20
532.3  0  698.156  17.4964  -6.70243  21.582  37
532.3  1  773.352  -90.1878  42.4264  -37.278  20
532.4  0  697.485  19.5565  -6.70243  20.601  37
532.4  1  777.595  -94.0137  42.4264  38.259  20
532.5  0  696.815  21.5185  -6.70243  19.62  37
532.5  1  781.838  -90.2859  42.4264  -37.278  20
532.6  0  696.145  23.3824  -6.70243  18.639  37
532.6  1  786.08  -94.1118  42.4264  38.259  20
532.7  0  695.475  25.1482  -6.70243  17.658  37
532.7  1  790.323  -90.384  42.4264  -37.278  20
532.8  0  694.804  26.8159  -6.70243  16.677  37
532.8  1  794.566  -94.2099  42.4264  38.259  20
532.9  0  694.134  28.3855  -6.70243  15.696  37
532.9  1  798.808  -90.4821  42.4264  -37.278  20
533  0  693.464  29.857  -6.70243  14.715  37
533  1  803.051  -94.308  42.4264  38.259  20
533.1  0  692.794  31.2304  -6.70243  13.734  37
533.1  1  807.294  -90.5802  42.4264  -37.278  20
533.2  0  692.123  32.5057  -6.70243  12.753  37
533.2  1  811.536  -94.4061  42.4264  38.259  20
533.3  0  691.453  33.6829  -6.70243  11.772  37
533.3  1  815.779  -90.6783  42.4264  -37.278  20
533.4  0  690.783  34.762  -6.70243  10.791  37
533.4  1  820.021  -94.5042  42.4264  38.259  20
533.5  0  690.113  35.743  -6.70243  9.81  37
533.5  1  824.264  -90.7764  42.4264  -37.278  20
533.6  0  689.443  36.6259  -6.70243  8.829  37
533.6  1  828.507  -94.6023  42.4264  38.259  20
533.7  0  688.772  37.4107  -6.70243  7.848  37
533.7  1  832.749  -90.8745  42.4264  -37.278  20
533.8  0  688.102  38.0974  -6.70243  6.867  37
533.8  1  836.992  -94.7004  42.4264  38.259  20
533.9  0  687.432  38.686  -6.70243  5.886  37
533.9  1  841.235  -90.9726  42.4264  -37.278  20
534  0  686.762  39.1765  -6.70243  4.905  37
534  1  845.477  -94.7985  42.4264  38.259  20
534.1  0  686.091  39.5689  -6.70243  3.924  37
534.1  1  849.72  -91.0707  42.4264  -37.278  20
534.2  0  685.421  39.8632  -6.70243  2.943  37
534.2  1  853.963  -94.8966  42.4264  38.259  20
534.3  0  684.751  40.0594  -6.70243  1.962  37
534.3  1  858.205  -91.1688  42.4264  -37.278  20
534.4  0  684.081  40.1575  -6.70243  0.981  37
534.4  1  862.448  -94.9947  42.4264  38.259  20
534.5  0  683.41  40.1575  -6.70243  1.11022e-15  37
534.5  1  866.69  -91.2669  42.4264  -37.278  20
534.6  0  682.74  40.0594  -6.70243  -0.981  37
534.6  1  870.933  -95.0928  42.4264  38.259  20
534.7  0  682.07  39.8632  -6.70243  -1.962  37
534.7  1  875.176  -91.365  42.4264  -37.278  20
534.8  0  681.4  39.5689  -6.70243  -2.943  37
534.8  1  879.418  -95.1909  42.4264  38.259  20
534.9  0  680.729  39.1765  -6.70243  -3.924  37
534.9  1  883.661  -91.4631  42.4264  -37.278  20
535  0  680.059  38.686  -6.70243  -4.905  37
535  1  887.904  -95.289  42.4264  38.259  20
535.1  0  679.389  38.0974  -6.70243  -5.886  37
535.1  1  892.146  -91.5612  42.4264  -37.278  20
535.2  0  678.719  37.4107  -6.70243  -6.867  37
535.2  1  896.389  -95.3871  42.4264  38.259  20
535.3  0  678.048  36.6259  -6.70243  -7.848  37
535.3  1  900.632  -91.6593  42.4264  -37.278  20
535.4  0  677.378  35.743  -6.70243  -8.829  37
535.4  1  904.874  -95.4852  42.4264  38.259  20
535.5  0  676.708  34.762  -6.70243  -9.81  37
535.5  1  909.117  -91.7574  42.4264  -37.278  20
535.6  0  676.038  33.6829  -6.70243  -10.791  37
535.6  1  913.36  -95.5833  42.4264  38.259  20
535.7  0  675.367  32.5057  -6.70243  -11.772  37
535.7  1  917.602  -91.8555  42.4264  -37.278  20
535.8  0  674.697  31.2304  -6.70243  -12.753  37
535.8  1  921.845  -95.6814  42.4264  38.259  20
535.9  0  674.027  29.857  -6.70243  -13.734  37
535.9  1  926.087  -91.9536  42.4264  -37.278  20
536  0  673.357  28.3855  -6.70243  -14.715  37
536  1  930.33  -95.7795  42.4264  38.259  20
536.1  0  672.686  26.8159  -6.70243  -15.696  37
536.1  1  934.573  -92.0517  42.4264  -37.278  20
536.2  0  672.016  25.1482  -6.70243  -16.677  37
536.2  1  938.815  -95.8776  42.4264  38.259  20
536.3  0  671.346  23.3824  -6.70243  -17.658  37
536.3  1  943.058  -92.1498  42.4264  -37.278  20
536.4  0  670.676  21.5185  -6.70243  -18.639  37
536.4  1  947.301  -95.9757  42.4264  38.259  20
536.5  0  670.005  19.5565  -6.70243  -19.62  37
536.5  1  951.543  -92.2479  42.4264  -37.278  20
536.6  0  669.335  17.4964  -6.70243  -20.601  37
536.6  1  955.786  -96.0738  42.4264  38.259  20
536.7  0  668.665  15.3382  -6.70243  -21.582  37
536.7  1  960.029  -92.346  42.4264  -37.278  20
536.8  0  667.995  13.0819  -6.70243  -22.563  37
536.8  1  964.271  -96.1719  42.4264  38.259  20
536.9  0  667.325  10.7275  -6.70243  -23.544  37
536.9  1  968.514  -92.4441  42.4264  -37.278  20
537  0  666.654  8.27498  -6.70243  -24.525  37
537  1  972.756  -96.27  42.4264  38.259  20
537.1  0  665.984  5.72438  -6.70243  -25.506  37
537.1  1  976.999  -92.5422  42.4264  -37.278  20
537.2  0  665.314  3.07568  -6.70243  -26.487  37
537.2  1  981.242  -96.3681  42.4264  38.259  20
537.3  0  664.644  0.328883  -6.70243  -27.468  37
537.3  1  985.484  -92.6403  42.4264  -37.278  20
537.4  0  663.973  -2.51602  -6.70243  28.449  37
537.4  1  989.727  -96.4662  42.4264  38.259  20
537.5  0  663.303  0.230783  -6.70243  27.468  37
537.5  1  993.97  -92.7384  42.4264  -37.278  20
537.6  0  662.633  2.87948  -6.70243  26.487  37
537.6  1  998.212  -96.5643  42.4264  38.259  20
537.7  0  661.963  5.43008  -6.70243  25.506  37
537.7  1  1002.45  -92.8365  -42.4264  -37.278  20
537.8  0  661.292  7.88258  -6.70243  24.525  37
537.8  1  998.212  -96.6624  -42.4264  38.259  20
537.9  0  660.622  10.237  -6.70243  23.544  37
537.9  1  993.97  -92.9346  -42.4264  -37.278  20
538  0  659.952  12.4933  -6.70243  22.563  37
538  1  989.727  -96.7605  -42.4264  38.259  20
538.1  0  659.282  14.6515  -6.70243  21.582  37
538.1  1  985.484  -93.0327  -42.4264  -37.278  20
538.2  0  658.611  16.7116  -6.70243  20.601  37
538.2  1  981.242  -96.8586  -42.4264  38.259  20
538.3  0  657.941  18.6736  -6.70243  19.62  37
538.3  1  976.999  -93.1308  -42.4264  -37.278  20
538.4  0  657.271  20.5375  -6.70243  18.639  37
538.4  1  972.756  -96.9567  -42.4264  38.259  20
538.5  0  656.601  22.3033  -6.70243  17.658  37
538.5  1  968.514  -93.2289  -42.4264  -37.278  20
538.6  0  655.93  23.971  -6.70243  16.677  37
538.6  1  964.271  -97.0548  -42.4264  38.259  20
538.7  0  655.26  25.5406  -6.70243  15.696  37
538.7  1  960.029  -93.327  -42.4264  -37.278  20
538.8  0  654.59  27.0121  -6.70243  14.715  37
538.8  1  955.786  -97.1529  -42.4264  38.259  20
538.9  0  653.92  28.3855  -6.70243  13.734  37
538.9  1  951.543  -93.4251  -42.4264  -37.278  20
539  0  653.249  29.6608  -6.70243  12.753  37
539  1  947.301  -97.251  -42.4264  38.259  20
539.1  0  652.579  30.838  -6.70243  11.772  37
539.1  1  943.058  -93.5232  -42.4264  -37.278  20
539.2  0  651.909  31.9171  -6.70243  10.791  37
539.2  1  938.815  -97.3491  -42.4264  38.259  20
539.3  0  651.239  32.8981  -6.70243  9.81  37
539.3  1  934.573  -93.6213  -42.4264  -37.278  20
539.4  0  650.568  33.781  -6.70243  8.829  37
539.4  1  930.33  -97.4472  -42.4264  38.259  20
539.5  0  649.898  34.5658  -6.70243  7.848  37
539.5  1  926.087  -93.7194  -42.4264  -37.278  20
539.6  0  649.228  35.2525  -6.70243  6.867  37
539.6  1  921.845  -97.5453  -42.4264  38.259  20
539.7  0  648.558  35.8411  -6.70243  5.886  37
539.7  1  917.602  -93.8175  -42.4264  -37.278  20
539.8  0  647.887  36.3316  -6.70243  4.905  37
539.8  1  913.36  -97.6434  -42.4264  38.259  20
539.9  0  647.217  36.724  -6.70243  3.924  37
539.9  1  909.117  -93.9156  -42.4264  -37.278  20
540  0  646.547  37.0183  -6.70243  2.943  37
540  1  904.874  -97.7415  -42.4264  38.259  20
540.1  0  645.877  37.2145  -6.70243  1.962  37
540.1  1  900.632  -94.0137  -42.4264  -37.278  20
540.2  0  645.207  37.3126  -6.70243  0.981  37
540.2  1  896.389  -97.8396  -42.4264  38.259  20
540.3  0  644.536  37.3126  -6.70243  1.11022e-15  37
540.3  1  892.146  -94.1118  -42.4264  -37.278  20
540.4  0  643.866  37.2145  -6.70243  -0.981  37
540.4  1  887.904  -97.9377  -42.4264  38.259  20
540.5  0  643.196  37.0183  -6.70243  -1.962  37
540.5  1  883.661  -94.2099  -42.4264  -37.278  20
540.6  0  642.526  36.724  -6.70243  -2.943  37
540.6  1  879.418  -98.0358  -42.4264  38.259  20
540.7  0  641.855  36.3316  -6.70243  -3.924  37
540.7  1  875.176  -94.308  -42.4264  -37.278  20
540.8  0  641.185  35.8411  -6.70243  -4.905  37
540.8  1  870.933  -98.1339  -42.4264  38.259  20
540.9  0  640.515  35.2525  -6.70243  -5.886  37
540.9  1  866.69  -94.4061  -42.4264  -37.278  20
541  0  639.845  34.5658  -6.70243  -6.867  37
541  1  862.448  -98.232  -42.4264  38.259  20
541.1  0  639.174  33.781  -6.70243  -7.848  37
541.1  1  858.205  -94.5042  -42.4264  -37.278  20
541.2  0  638.504  32.8981  -6.70243  -8.829  37
541.2  1  853.963  -98.3301  -42.4264  38.259  20
541.3  0  637.834  31.9171  -6.70243  -9.81  37
541.3  1  849.72  -94.6023  -42.4264  -37.278  20
541.4  0  637.164  30.838  -6.70243  -10.791  37
541.4  1  845.477  -98.4282  -42.4264  38.259  20
541.5  0  636.493  29.6608  -6.70243  -11.772  37
541.5  1  841.235  -94.7004  -42.4264  -37.278  20
541.6  0  635.823  28.3855  -6.70243  -12.753  37
541.6  1  836.992  -98.5263  -42.4264  38.259  20
541.7  0  635.153  27.0121  -6.70243  -13.734  37
541.7  1  832.749  -94.7985  -42.4264  -37.278  20
541.8  0  634.483  25.5406  -6.70243  -14.715  37
541.8  1  828.507  -98.6244  -42.4264  38.259  20
541.9  0  633.812  23.971  -6.70243  -15.696  37
541.9  1  824.264  -94.8966  -42.4264  -37.278  20
542  0  633.142  22.3033  -6.70243  -16.677  37
542  1  820.021  -98.7225  -42.4264  38.259  20
542.1  0  632.472  20.5375  -6.70243  -17.658  37
542.1  1  815.779  -94.9947  -42.4264  -37.278  20
542.2  0  631.802  18.6736  -6.70243  -18.639  37
542.2  1  811.536  -98.8206  -42.4264  38.259  20
542.3  0  631.131  16.7116  -6.70243  -19.62  37
542.3  1  807.294  -95.0928  -42.4264  -37.278  20
542.4  0  630.461  14.6515  -6.70243  -20.601  37
542.4  1  803.051  -98.9187  -42.4264  38.259  20
542.5  0  629.791  12.4933  -6.70243  -21.582  37
542.5  1  798.808  -95.1909  -42.4264  -37.278  20
542.6  0  629.121  10.237  -6.70243  -22.563  37
542.6  1  794.566  -99.0168  -42.4264  38.259  20
542.7  0  628.45  7.88258  -6.70243  -23.544  37
542.7  1  790.323  -95.289  -42.4264  -37.278  20
542.8  0  627.78  5.43008  -6.70243  -24.525  37
542.8  1  786.08  -99.1149  -42.4264  38.259  20
542.9  0  627.11  2.87948  -6.70243  -25.506  37
542.9  1  781.838  -95.3871  -42.4264  -37.278  20
543  0  626.44  0.230783  -6.70243  -26.487  37
543  1  777.595  -99.213  -42.4264  38.259  20
543.1  0  625.769  -2.51602  -6.70243  27.468  37
543.1  1  773.352  -95.4852  -42.4264  -37.278  20
543.2  0  625.099  0.132683  -6.70243  26.487  37
543.2  1  769.11  -99.3111  -42.4264  38.259  20
543.3  0  624.429  2.68328  -6.70243  25.506  37
543.3  1  764.867  -95.5833  -42.4264  -37.278  20
543.4  0  623.759  5.13578  -6.70243  24.525  37
543.4  1  760.624  -99.4092  -42.4264  38.259  20
543.5  0  623.089  7.49018  -6.70243  23.544  37
543.5  1  756.382  -95.6814  -42.4264  -37.278  20
543.6  0  622.418  9.74648  -6.70243  22.563  37
543.6  1  752.139  -99.5073  -42.4264  38.259  20
543.7  0  621.748  11.9047  -6.70243  21.582  37
543.7  1  747.897  -95.7795  -42.4264  -37.278  20
543.8  0  621.078  13.9648  -6.70243  20.601  37
543.8  1  743.654  -99.6054  -42.4264  38.259  20
543.9  0  620.408  15.9268  -6.70243  19.62  37
543.9  1  739.411  -95.8776  -42.4264  -37.278  20
544  0  619.737  17.7907  -6.70243  18.639  37
544  1  735.169  -99.7035  -42.4264  38.259  20
544.1  0  619.067  19.5565  -6.70243  17.658  37
544.1  1  730.926  -95.9757  -42.4264  -37.278  20
544.2  0  618.397  21.2242  -6.70243  16.677  37
544.2  1  726.683  -99.8016  -42.4264  38.259  20
544.3  0  617.727  22.7938  -6.70243  15.696  37
544.3  1  722.441  -96.0738  -42.4264  -37.278  20
544.4  0  617.056  24.2653  -6.70243  14.715  37
544.4  1  718.198  -99.8997  -42.4264  38.259  20
544.5  0  616.386  25.6387  -6.70243  13.734  37
544.5  1  713.955  -96.1719  -42.4264  -37.278  20
544.6  0  615.716  26.914  -6.70243  12.753  37
544.6  1  709.713  -99.9978  -42.4264  38.259  20
544.7  0  615.046  28.0912  -6.70243  11.772  37
544.7  1  705.47  -96.27  -42.4264  -37.278  20
544.8  0  614.375  29.1703  -6.70243  10.791  37
544.8  1  701.227  -100.096  -42.4264  38.259  20
544.9  0  613.705  30.1513  -6.70243  9.81  37
544.9  1  696.985  -96.3681  -42.4264  -37.278  20
545  0  613.035  31.0342  -6.70243  8.829  37
545  1  692.742  -100.194  -42.4264  38.259  20
545.1  0  612.365  31.819  -6.70243  7.848  37
545.1  1  688.5  -96.4662  -42.4264  -37.278  20
545.2  0  611.694  32.5057  -6.70243  6.867  37
545.2  1  684.257  -100.292  -42.4264  38.259  20
545.3  0  611.024  33.0943  -6.70243  5.886  37
545.3  1  680.014  -96.5643  -42.4264  -37.278  20
545.4  0  610.354  33.5848  -6.70243  4.905  37
545.4  1  675.772  -100.39  -42.4264  38.259  20
545.5  0  609.684  33.9772  -6.70243  3.924  37
545.5  1  671.529  -96.6624  -42.4264  -37.278  20
545.6  0  609.013  34.2715  -6.70243  2.943  37
545.6  1  667.286  -100.488  -42.4264  38.259  20
545.7  0  608.343  34.4677  -6.70243  1.962  37
545.7  1  663.044  -96.7605  -42.4264  -37.278  20
545.8  0  607.673  34.5658  -6.70243  0.981  37
545.8  1  658.801  -100.586  -42.4264  38.259  20
545.9  0  607.003  34.5658  -6.70243  1.11022e-15  37
545.9  1  654.558  -96.8586  -42.4264  -37.278  20
546  0  606.332  34.4677  -6.70243  -0.981  37
546  1  650.316  -100.685  -42.4264  38.259  20
546.1  0  605.662  34.2715  -6.70243  -1.962  37
546.1  1  646.073  -96.9567  -42.4264  -37.278  20
546.2  0  604.992  33.9772  -6.70243  -2.943  37
546.2  1  641.831  -100.783  -42.4264  38.259  20
546.3  0  604.322  33.5848  -6.70243  -3.924  37
546.3  1  637.588  -97.0548  -42.4264  -37.278  20
546.4  0  603.651  33.0943  -6.70243  -4.905  37
546.4  1  633.345  -100.881  -42.4264  38.259  20
546.5  0  602.981  32.5057  -6.70243  -5.886  37
546.5  1  629.103  -97.1529  -42.4264  -37.278  20
546.6  0  602.311  31.819  -6.70243  -6.867  37
546.6  1  624.86  -100.979  -42.4264  38.259  20
546.7  0  601.641  31.0342  -6.70243  -7.848  37
546.7  1  620.617  -97.251  -42.4264  -37.278  20
546.8  0  600.97  30.1513  -6.70243  -8.829  37
546.8  1  616.375  -101.077  -42.4264  38.259  20
546.9  0  600.3  29.1703  -6.70243  -9.81  37
546.9  1  612.132  -97.3491  -42.4264  -37.278  20
547  0  599.63  28.0912  -6.70243  -10.791  37
547  1  607.889  -101.175  -42.4264  38.259  20
547.1  0  598.96  26.914  -6.70243  -11.772  37
547.1  1  603.647  -97.4472  -42.4264  -37.278  20
547.2  0  598.29  25.6387  -6.70243  -12.753  37
547.2  1  599.404  -101.273  -42.4264  38.259  20
547.3  0  597.619  24.2653  -6.70243  -13.734  37
547.3  1  595.161  -97.5453  -42.4264  -37.278  20
547.4  0  596.949  22.7938  -6.70243  -14.715  37
547.4  1  590.919  -101.371  -42.4264  38.259  20
547.5  0  596.279  21.2242  -6.70243  -15.696  37
547.5  1  586.676  -97.6434  -42.4264  -37.278  20
547.6  0  595.609  19.5565  -6.70243  -16.677  37
547.6  1  582.434  -101.469  -42.4264  38.259  20
547.7  0  594.938  17.7907  -6.70243  -17.658  37
547.7  1  578.191  -97.7415  -42.4264  -37.278  20
547.8  0  594.268  15.9268  -6.70243  -18.639  37
547.8  1  573.948  -101.567  -42.4264  38.259  20
547.9  0  593.598  13.9648  -6.70243  -19.62  37
547.9  1  569.706  -97.8396  -42.4264  -37.278  20
548  0  592.928  11.9047  -6.70243  -20.601  37
548  1  565.463  -101.666  -42.4264  38.259  20
548.1  0  592.257  9.74648  -6.70243  -21.582  37
548.1  1  561.22  -97.9377  -42.4264  -37.278  20
548.2  0  591.587  7.49018  -6.70243  -22.563  37
548.2  1  556.978  -101.764  -42.4264  38.259  20
548.3  0  590.917  5.13578  -6.70243  -23.544  37
548.3  1  552.735  -98.0358  -42.4264  -37.278  20
548.4  0  590.247  2.68328  -6.70243  -24.525  37
548.4  1  548.492  -101.862  -42.4264  38.259  20
548.5  0  589.576  0.132683  -6.70243  -25.506  37
548.5  1  544.25  -98.1339  -42.4264  -37.278  20
548.6  0  588.906  -2.51602  -6.70243  26.487  37
548.6  1  540.007  -101.96  -42.4264  38.259  20
548.7  0  588.236  0.0345825  -6.70243  25.506  37
548.7  1  535.765  -98.232  -42.4264  -37.278  20
548.8  0  587.566  2.48708  -6.70243  24.525  37
548.8  1  531.522  -102.058  -42.4264  38.259  20
548.9  0  586.895  4.84148  -6.70243  23.544  37
548.9  1  527.279  -98.3301  -42.4264  -37.278  20
549  0  586.225  7.09778  -6.70243  22.563  37
549  1  523.037  -102.156  -42.4264  38.259  20
549.1  0  585.555  9.25598  -6.70243  21.582  37
549.1  1  518.794  -98.4282  -42.4264  -37.278  20
549.2  0  584.885  11.3161  -6.70243  20.601  37
549.2  1  514.551  -102.254  -42.4264  38.259  20
549.3  0  584.214  13.2781  -6.70243  19.62  37
549.3  1  510.309  -98.5263  -42.4264  -37.278  20
549.4  0  583.544  15.142  -6.70243  18.639  37
549.4  1  506.066  -102.352  -42.4264  38.259  20
549.5  0  582.874  16.9078  -6.70243  17.658  37
549.5  1  501.823  -98.6244  -42.4264  -37.278  20
549.6  0  582.204  18.5755  -6.70243  16.677  37
549.6  1  497.581  -102.45  -42.4264  38.259  20
549.7  0  581.533  20.1451  -6.70243  15.696  37
549.7  1  493.338  -98.7225  -42.4264  -37.278  20
549.8  0  580.863  21.6166  -6.70243  14.715  37
549.8  1  489.095  -102.548  -42.4264  38.259  20
549.9  0  580.193  22.99  -6.70243  13.734  37
549.9  1  484.853  -98.8206  -42.4264  -37.278  20
550  0  579.523  24.2653  -6.70243  12.753  37
550  1  480.61  -102.647  -42.4264  38.259  20
550.1  0  578.852  25.4425  -6.70243  11.772  37
550.1  1  476.368  -98.9187  -42.4264  -37.278  20
550.2  0  578.182  26.5216  -6.70243  10.791  37
550.2  1  472.125  -102.745  -42.4264  38.259  20
550.3  0  577.512  27.5026  -6.70243  9.81  37
550.3  1  467.882  -99.0168  -42.4264  -37.278  20
550.4  0  576.842  28.3855  -6.70243  8.829  37
550.4  1  463.64  -102.843  -42.4264  38.259  20
550.5  0  576.172  29.1703  -6.70243  7.848  37
550.5  1  459.397  -99.1149  -42.4264  -37.278  20
550.6  0  575.501  29.857  -6.70243  6.867  37
550.6  1  455.154  -102.941  -42.4264  38.259  20
550.7  0  574.831  30.4456  -6.70243  5.886  37
550.7  1  450.912  -99.213  -42.4264  -37.278  20
550.8  0  574.161  30.9361  -6.70243  4.905  37
550.8  1  446.669  -103.039  -42.4264  38.259  20
550.9  0  573.491  31.3285  -6.70243  3.924  37
550.9  1  442.426  -99.3111  -42.4264  -37.278  20
551  0  572.82  31.6228  -6.70243  2.943  37
551  1  438.184  -103.137  -42.4264  38.259  20
551.1  0  572.15  31.819  -6.70243  1.962  37
551.1  1  433.941  -99.4092  -42.4264  -37.278  20
551.2  0  571.48  31.9171  -6.70243  0.981  37
551.2  1  429.698  -103.235  -42.4264  38.259  20
551.3  0  570.81  31.9171  -6.70243  1.11022e-15  37
551.3  1  425.456  -99.5073  -42.4264  -37.278  20
551.4  0  570.139  31.819  -6.70243  -0.981  37
551.4  1  421.213  -103.333  -42.4264  38.259  20
551.5  0  569.469  31.6228  -6.70243  -1.962  37
551.5  1  416.971  -99.6054  -42.4264  -37.278  20
551.6  0  568.799  31.3285  -6.70243  -2.943  37
551.6  1  412.728  -103.431  -42.4264  38.259  20
551.7  0  568.129  30.9361  -6.70243  -3.924  37
551.7  1  408.485  -99.7035  -42.4264  -37.278  20
551.8  0  567.458  30.4456  -6.70243  -4.905  37
551.8  1  404.243  -103.529  -42.4264  38.259  20
551.9  0  566.788  29.857  -6.70243  -5.886  37
551.9  1  400  -99.8016  -42.4264  -37.278  20
552  0  566.118  29.1703  -6.70243  -6.867  37
552  1  395.757  -103.628  -42.4264  38.259  20
552.1  0  565.448  28.3855  -6.70243  -7.848  37
552.1  1  391.515  -99.8997  -42.4264  -37.278  20
552.2  0  564.777  27.5026  -6.70243  -8.829  37
552.2  1  387.272  -103.726  -42.4264  38.259  20
552.3  0  564.107  26.5216  -6.70243  -9.81  37
552.3  1  383.029  -99.9978  -42.4264  -37.278  20
552.4  0  563.437  25.4425  -6.70243  -10.791  37
552.4  1  378.787  -103.824  -42.4264  38.259  20
552.5  0  562.767  24.2653  -6.70243  -11.772  37
552.5  1  374.544  -100.096  -42.4264  -37.278  20
552.6  0  562.096  22.99  -6.70243  -12.753  37
552.6  1  370.302  -103.922  -42.4264  38.259  20
552.7  0  561.426  21.6166  -6.70243  -13.734  37
552.7  1  366.059  -100.194  -42.4264  -37.278  20
552.8  0  560.756  20.1451  -6.70243  -14.715  37
552.8  1  361.816  -104.02  -42.4264  38.259  20
552.9  0  560.086  18.5755  -6.70243  -15.696  37
552.9  1  357.574  -100.292  -42.4264  -37.278  20
553  0  559.415  16.9078  -6.70243  -16.677  37
553  1  353.331  -104.118  -42.4264  38.259  20
553.1  0  558.745  15.142  -6.70243  -17.658  37
553.1  1  349.088  -100.39  -42.4264  -37.278  20
553.2  0  558.075  13.2781  -6.70243  -18.639  37
553.2  1  344.846  -104.216  -42.4264  38.259  20
553.3  0  557.405  11.3161  -6.70243  -19.62  37
553.3  1  340.603  -100.488  -42.4264  -37.278  20
553.4  0  556.734  9.25598  -6.70243  -20.601  37
553.4  1  336.36  -104.314  -42.4264  38.259  20
553.5  0  556.064  7.09778  -6.70243  -21.582  37
553.5  1  332.118  -100.586  -42.4264  -37.278  20
553.6  0  555.394  4.84148  -6.70243  -22.563  37
553.6  1  327.875  -104.412  -42.4264  38.259  20
553.7  0  554.724  2.48708  -6.70243  -23.544  37
553.7  1  323.632  -100.685  -42.4264  -37.278  20
553.8  0  554.054  0.0345825  -6.70243  -24.525  37
553.8  1  319.39  -104.51  -42.4264  38.259  20
553.9  0  553.383  -2.51602  -6.70243  25.506  37
553.9  1  315.147  -100.783  -42.4264  -37.278  20
554  0  552.713  -0.0635175  -6.70243  -24.525  37
554  1  310.905  -104.609  -42.4264  38.259  20
554.1  0  552.043  -2.61412  -6.70243  25.506  37
554.1  1  306.662  -100.881  -42.4264  -37.278  20
554.2  0  551.373  -0.161617  -6.70243  -24.525  37
554.2  1  302.419  -104.707  -42.4264  38.259  20
554.3  0  550.702  -2.71222  -6.70243  25.506  37
554.3  1  298.177  -100.979  -42.4264  -37.278  20
554.4  0  550.032  -0.259717  -6.70243  -24.525  37
554.4  1  293.934  -104.805  -42.4264  38.259  20
554.5  0  549.362  -2.81032  -6.70243  25.506  37
554.5  1  289.691  -101.077  -42.4264  -37.278  20
554.6  0  548.692  -0.357817  -6.70243  -24.525  37
554.6  1  285.449  -104.903  -42.4264  38.259  20
554.7  0  548.021  -2.90842  -6.70243  25.506  37
554.7  1  281.206  -101.175  -42.4264  -37.278  20
554.8  0  547.351  -0.455917  -6.70243  -24.525  37
554.8  1  276.963  -105.001  -42.4264  38.259  20
554.9  0  546.681  -3.00652  -6.70243  25.506  37
554.9  1  272.721  -101.273  -42.4264  -37.278  20
555  0  546.011  -0.554017  -6.70243  -24.525  37
555  1  268.478  -105.099  -42.4264  38.259  20
555.1  0  545.34  -3.10462  -6.70243  25.506  37
555.1  1  264.235  -101.371  -42.4264  -37.278  20
555.2  0  544.67  -0.652117  -6.70243  -24.525  37
555.2  1  259.993  -105.197  -42.4264  38.259  20
555.3  0  544  -3.20272  -6.70243  25.506  37
555.3  1  255.75  -101.469  -42.4264  -37.278  20
555.4  0  543.33  -0.750217  -6.70243  -24.525  37
555.4  1  251.508  -105.295  -42.4264  38.259  20
555.5  0  542.659  -3.30082  -6.70243  25.506  37
555.5  1  247.265  -101.567  -42.4264  -37.278  20
555.6  0  541.989  -0.848317  -6.70243  -24.525  37
555.6  1  243.022  -105.393  -42.4264  38.259  20
555.7  0  541.319  -3.39892  -6.70243  25.506  37
555.7  1  238.78  -101.666  -42.4264  -37.278  20
555.8  0  540.649  -0.946417  -6.70243  -24.525  37
555.8  1  234.537  -105.491  -42.4264  38.259  20
555.9  0  539.978  -3.49702  -6.70243  25.506  37
555.9  1  230.294  -101.764  -42.4264  -37.278  20
556  0  539.308  -1.04452  -6.70243  -24.525  37
556  1  226.052  -105.59  -42.4264  38.259  20
556.1  0  538.638  -3.59512  -6.70243  25.506  37
556.1  1  221.809  -101.862  -42.4264  -37.278  20
556.2  0  537.968  -1.14262  -6.70243  -24.525  37
556.2  1  217.566  -105.688  -42.4264  38.259  20
556.3  0  537.297  -3.69322  -6.70243  25.506  37
556.3  1  213.324  -101.96  -42.4264  -37.278  20
556.4  0  536.627  -1.24072  -6.70243  -24.525  37
556.4  1  209.081  -105.786  -42.4264  38.259  20
556.5  0  535.957  -3.79132  -6.70243  25.506  37
556.5  1  204.839  -102.058  -42.4264  -37.278  20
556.6  0  535.287  -1.33882  -6.70243  -24.525  37
556.6  1  200.596  -105.884  -42.4264  38.259  20
556.7  0  534.616  -3.88942  -6.70243  25.506  37
556.7  1  196.353  -102.156  -42.4264  -37.278  20
556.8  0  533.946  -1.43692  -6.70243  -24.525  37
556.8  1  192.111  -105.982  -42.4264  38.259  20
556.9  0  533.276  -3.98752  -6.70243  25.506  37
556.9  1  187.868  -102.254  -42.4264  -37.278  20
557  0  532.606  -1.53502  -6.70243  -24.525  37
557  1  183.625  -106.08  -42.4264  38.259  20
557.1  0  531.936  -4.08562  -6.70243  25.506  37
557.1  1  179.383  -102.352  -42.4264  -37.278  20
557.2  0  531.265  -1.63312  -6.70243  -24.525  37
557.2  1  175.14  -106.178  -42.4264  38.259  20
557.3  0  530.595  -4.18372  -6.70243  25.506  37
557.3  1  170.897  -102.45  -42.4264  -37.278  20
557.4  0  529.925  -1.73122  -6.70243  -24.525  37
557.4  1  166.655  -106.276  -42.4264  38.259  20
557.5  0  529.255  -4.28182  -6.70243  25.506  37
557.5  1  162.412  -102.548  -42.4264  -37.278  20
557.6  0  528.584  -1.82932  -6.70243  -24.525  37
557.6  1  158.169  -106.374  -42.4264  38.259  20
557.7  0  527.914  -4.37992  -6.70243  25.506  37
557.7  1  153.927  -102.647  -42.4264  -37.278  20
557.8  0  527.244  -1.92742  -6.70243  -24.525  37
557.8  1  149.684  -106.472  -42.4264  38.259  20
557.9  0  526.574  -4.47802  -6.70243  25.506  37
557.9  1  145.442  -102.745  -42.4264  -37.278  20
558  0  525.903  -2.02552  -6.70243  -24.525  37
558  1  141.199  -106.571  -42.4264  38.259  20
558.1  0  525.233  -4.57612  -6.70243  25.506  37
558.1  1  136.956  -102.843  -42.4264  -37.278  20
558.2  0  524.563  -2.12362  -6.70243  -24.525  37
558.2  1  132.714  -106.669  -42.4264  38.259  20
558.3  0  523.893  -4.67422  -6.70243  25.506  37
558.3  1  128.471  -102.941  -42.4264  -37.278  20
558.4  0  523.222  -2.22172  -6.70243  -24.525  37
558.4  1  124.228  -106.767  -42.4264  38.259  20
558.5  0  522.552  -4.77232  -6.70243  25.506  37
558.5  1  119.986  -103.039  -42.4264  -37.278  20
558.6  0  521.882  -2.31982  -6.70243  -24.525  37
558.6  1  115.743  -106.865  -42.4264  38.259  20
558.7  0  521.212  -4.87042  -6.70243  25.506  37
558.7  1  111.5  -103.137  -42.4264  -37.278  20
558.8  0  520.541  -2.41792  -6.70243  -24.525  37
558.8  1  107.258  -106.963  -42.4264  38.259  20
558.9  0  519.871  -4.96852  -6.70243  25.506  37
558.9  1  103.015  -103.235  -42.4264  -37.278  20
559  0  519.201  -2.51602  -6.70243  -24.525  37
559  1  98.7725  -107.061  -42.4264  38.259  20
559.1  0  518.531  -5.06662  -6.70243  25.506  37
559.1  1  94.5299  -103.333  -42.4264  -37.278  20
559.2  0  517.86  -2.61412  -6.70243  -24.525  37
559.2  1  90.2872  -107.159  -42.4264  38.259  20
559.3  0  517.19  -5.16472  -6.70243  25.506  37
559.3  1  86.0446  -103.431  -42.4264  -37.278  20
559.4  0  516.52  -2.71222  -6.70243  -24.525  37
559.4  1  81.8019  -107.257  -42.4264  38.259  20
559.5  0  515.85  -5.26282  -6.70243  25.506  37
559.5  1  77.5593  -103.529  -42.4264  -37.278  20
559.6  0  515.179  -2.81032  -6.70243  -24.525  37
559.6  1  73.3167  -107.355  -42.4264  38.259  20
559.7  0  514.509  -5.36092  -6.70243  25.506  37
559.7  1  69.074  -103.628  -42.4264  -37.278  20
559.8  0  513.839  -2.90842  -6.70243  -24.525  37
559.8  1  64.8314  -107.453  -42.4264  38.259  20
559.9  0  513.169  -5.45902  -6.70243  25.506  37
559.9  1  60.5887  -103.726  -42.4264  -37.278  20
560  0  512.498  -3.00652  -6.70243  -24.525  37
560  1  56.3461  -107.552  -42.4264  38.259  20
560.1  0  511.828  -5.55712  -6.70243  25.506  37
560.1  1  52.1035  -103.824  -42.4264  -37.278  20
560.2  0  511.158  -3.10462  -6.70243  -24.525  37
560.2  1  47.8608  -107.65  -42.4264  38.259  20
560.3  0  510.488  -5.65522  -6.70243  25.506  37
560.3  1  43.6182  -103.922  -42.4264  -37.278  20
560.4  0  509.818  -3.20272  -6.70243  -24.525  37
560.4  1  39.3755  -107.748  -42.4264  38.259  20
560.5  0  509.147  -5.75332  -6.70243  25.506  37
560.5  1  35.1329  -104.02  -42.4264  -37.278  20
560.6  0  508.477  -3.30082  -6.70243  -24.525  37
560.6  1  30.8903  -107.846  -42.4264  38.259  20
560.7  0  507.807  -5.85142  -6.70243  25.506  37
560.7  1  26.6476  -104.118  -42.4264  -37.278  20
560.8  0  507.137  -3.39892  -6.70243  -24.525  37
560.8  1  22.405  -107.944  -42.4264  38.259  20
560.9  0  506.466  -5.94952  -6.70243  25.506  37
560.9  1  18.1623  -104.216  -42.4264  -37.278  20
561  0  505.796  -3.49702  -6.70243  -24.525  37
561  1  13.9197  -108.042  -42.4264  38.259  20
561.1  0  505.126  -6.04762  -6.70243  25.506  37
561.1  1  9.67706  -104.314  -42.4264  -37.278  20
561.2  0  504.456  -3.59512  -6.70243  -24.525  37
561.2  1  5.43442  -108.14  -42.4264  38.259  20
561.3  0  503.785  -6.14572  -6.70243  25.506  37
561.3  1  1.19178  -104.412  -42.4264  -37.278  20
561.4  0  503.115  -3.69322  -6.70243  -24.525  37
561.4  1  -3.05087  -108.238  42.4264  38.259  20
561.5  0  502.445  -6.24382  -6.70243  25.506  37
561.5  1  1.19178  -104.51  42.4264  -37.278  20
561.6  0  501.775  -3.79132  -6.70243  -24.525  37
561.6  1  5.43442  -108.336  42.4264  38.259  20
561.7  0  501.104  -6.34192  -6.70243  25.506  37
561.7  1  9.67706  -104.609  42.4264  -37.278  20
561.8  0  500.434  -3.88942  -6.70243  -24.525  37
561.8  1  13.9197  -108.434  42.4264  38.259  20
561.9  0  499.764  -6.44002  -6.70243  25.506  37
561.9  1  18.1623  -104.707  42.4264  -37.278  20
562  0  499.094  -3.98752  -6.70243  -24.525  37
562  1  22.405  -108.533  42.4264  38.259  20
562.1  0  498.423  -6.53812  -6.70243  25.506  37
562.1  1  26.6476  -104.805  42.4264  -37.278  20
562.2  0  497.753  -4.08562  -6.70243  -24.525  37
562.2  1  30.8903  -108.631  42.4264  38.259  20
562.3  0  497.083  -6.63622  -6.70243  25.506  37
562.3  1  35.1329  -104.903  42.4264  -37.278  20
562.4  0  496.413  -4.18372  -6.70243  -24.525  37
562.4  1  39.3755  -108.729  42.4264  38.259  20
562.5  0  495.742  -6.73432  -6.70243  25.506  37
562.5  1  43.6182  -105.001  42.4264  -37.278  20
562.6  0  495.072  -4.28182  -6.70243  -24.525  37
562.6  1  47.8608  -108.827  42.4264  38.259  20
562.7  0  494.402  -6.83242  -6.70243  25.506  37
562.7  1  52.1035  -105.099  42.4264  -37.278  20
562.8  0  493.732  -4.37992  -6.70243  -24.525  37
562.8  1  56.3461  -108.925  42.4264  38.259  20
562.9  0  493.061  -6.93052  -6.70243  25.506  37
562.9  1  60.5887  -105.197  42.4264  -37.278  20
563  0  492.391  -4.47802  -6.70243  -24.525  37
563  1  64.8314  -109.023  42.4264  38.259  20
563.1  0  491.721  -7.02862  -6.70243  25.506  37
563.1  1  69.074  -105.295  42.4264  -37.278  20
563.2  0  491.051  -4.57612  -6.70243  -24.525  37
563.2  1  73.3167  -109.121  42.4264  38.259  20
563.3  0  490.38  -7.12672  -6.70243  25.506  37
563.3  1  77.5593  -105.393  42.4264  -37.278  20
563.4  0  489.71  -4.67422  -6.70243  -24.525  37
563.4  1  81.8019  -109.219  42.4264  38.259  20
563.5  0  489.04  -7.22482  -6.70243  25.506  37
563.5  1  86.0446  -105.491  42.4264  -37.278  20
563.6  0  488.37  -4.77232  -6.70243  -24.525  37
563.6  1  90.2872  -109.317  42.4264  38.259  20
563.7  0  487.7  -7.32292  -6.70243  25.506  37
563.7  1  94.5299  -105.59  42.4264  -37.278  20
563.8  0  487.029  -4.87042  -6.70243  -24.525  37
563.8  1  98.7725  -109.415  42.4264  38.259  20
563.9  0  486.359  -7.42102  -6.70243  25.506  37
563.9  1  103.015  -105.688  42.4264  -37.278  20
564  0  485.689  -4.96852  -6.70243  -24.525  37
564  1  107.258  -109.514  42.4264  38.259  20
564.1  0  485.019  -7.51912  -6.70243  25.506  37
564.1  1  111.5  -105.786  42.4264  -37.278  20
564.2  0  484.348  -5.06662  -6.70243  -24.525  37
564.2  1  115.743  -109.612  42.4264  38.259  20
564.3  0  483.678  -7.61722  -6.70243  25.506  37
564.3  1  119.986  -105.884  42.4264  -37.278  20
564.4  0  483.008  -5.16472  -6.70243  -24.525  37
564.4  1  124.228  -109.71  42.4264  38.259  20
564.5  0  482.338  -7.71532  -6.70243  25.506  37
564.5  1  128.471  -105.982  42.4264  -37.278  20
564.6  0  481.667  -5.26282  -6.70243  -24.525  37
564.6  1  132.714  -109.808  42.4264  38.259  20
564.7  0  480.997  -7.81342  -6.70243  25.506  37
564.7  1  136.956  -106.08  42.4264  -37.278  20
564.8  0  480.327  -5.36092  -6.70243  -24.525  37
564.8  1  141.199  -109.906  42.4264  38.259  20
564.9  0  479.657  -7.91152  -6.70243  25.506  37
564.9  1  145.442  -106.178  42.4264  -37.278  20
565  0  478.986  -5.45902  -6.70243  -24.525  37
565  1  149.684  -110.004  42.4264  38.259  20
565.1  0  478.316  -8.00962  -6.70243  25.506  37
565.1  1  153.927  -106.276  42.4264  -37.278  20
565.2  0  477.646  -5.55712  -6.70243  -24.525  37
565.2  1  158.169  -110.102  42.4264  38.259  20
565.3  0  476.976  -8.10772  -6.70243  25.506  37
565.3  1  162.412  -106.374  42.4264  -37.278  20
565.4  0  476.305  -5.65522  -6.70243  -24.525  37
565.4  1  166.655  -110.2  42.4264  38.259  20
565.5  0  475.635  -8.20582  -6.70243  25.506  37
565.5  1  170.897  -106.472  42.4264  -37.278  20
565.6  0  474.965  -5.75332  -6.70243  -24.525  37
565.6  1  175.14  -110.298  42.4264  38.259  20
565.7  0  474.295  -8.30392  -6.70243  25.506  37
565.7  1  179.383  -106.571  42.4264  -37.278  20
565.8  0  473.624  -5.85142  -6.70243  -24.525  37
565.8  1  183.625  -110.396  42.4264  38.259  20
565.9  0  472.954  -8.40202  -6.70243  25.506  37
565.9  1  187.868  -106.669  42.4264  -37.278  20
566  0  472.284  -5.94952  -6.70243  -24.525  37
566  1  192.111  -110.495  42.4264  38.259  20
566.1  0  471.614  -8.50012  -6.70243  25.506  37
566.1  1  196.353  -106.767  42.4264  -37.278  20
566.2  0  470.943  -6.04762  -6.70243  -24.525  37
566.2  1  200.596  -110.593  42.4264  38.259  20
566.3  0  470.273  -8.59822  -6.70243  25.506  37
566.3  1  204.839  -106.865  42.4264  -37.278  20
566.4  0  469.603  -6.14572  -6.70243  -24.525  37
566.4  1  209.081  -110.691  42.4264  38.259  20
566.5  0  468.933  -8.69632  -6.70243  25.506  37
566.5  1  213.324  -106.963  42.4264  -37.278  20
566.6  0  468.262  -6.24382  -6.70243  -24.525  37
566.6  1  217.566  -110.789  42.4264  38.259  20
566.7  0  467.592  -8.79442  -6.70243  25.506  37
566.7  1  221.809  -107.061  42.4264  -37.278  20
566.8  0  466.922  -6.34192  -6.70243  -24.525  37
566.8  1  226.052  -110.887  42.4264  38.259  20
566.9  0  466.252  -8.89252  -6.70243  25.506  37
566.9  1  230.294  -107.159  42.4264  -37.278  20
567  0  465.581  -6.44002  -6.70243  -24.525  37
567  1  234.537  -110.985  42.4264  38.259  20
567.1  0  464.911  -8.99062  -6.70243  25.506  37
567.1  1  238.78  -107.257  42.4264  -37.278  20
567.2  0  464.241  -6.53812  -6.70243  -24.525  37
567.2  1  243.022  -111.083  42.4264  38.259  20
567.3  0  463.571  -9.08872  -6.70243  25.506  37
567.3  1  247.265  -107.355  42.4264  -37.278  20
567.4  0  462.901  -6.63622  -6.70243  -24.525  37
567.4  1  251.508  -111.181  42.4264  38.259  20
567.5  0  462.23  -9.18682  -6.70243  25.506  37
567.5  1  255.75  -107.453  42.4264  -37.278  20
567.6  0  461.56  -6.73432  -6.70243  -24.525  37
567.6  1  259.993  -111.279  42.4264  38.259  20
567.7  0  460.89  -9.28492  -6.70243  25.506  37
567.7  1  264.235  -107.552  42.4264  -37.278  20
567.8  0  460.22  -6.83242  -6.70243  -24.525  37
567.8  1  268.478  -111.377  42.4264  38.259  20
567.9  0  459.549  -9.38302  -6.70243  25.506  37
567.9  1  272.721  -107.65  42.4264  -37.278  20
568  0  458.879  -6.93052  -6.70243  -24.525  37
568  1  276.963  -111.476  42.4264  38.259  20
568.1  0  458.209  -9.48112  -6.70243  25.506  37
568.1  1  281.206  -107.748  42.4264  -37.278  20
568.2  0  457.539  -7.02862  -6.70243  -24.525  37
568.2  1  285.449  -111.574  42.4264  38.259  20
568.3  0  456.868  -9.57922  -6.70243  25.506  37
568.3  1  289.691  -107.846  42.4264  -37.278  20
568.4  0  456.198  -7.12672  -6.70243  -24.525  37
568.4  1  293.934  -111.672  42.4264  38.259  20
568.5  0  455.528  -9.67732  -6.70243  25.506  37
568.5  1  298.177  -107.944  42.4264  -37.278  20
568.6  0  454.858  -7.22482  -6.70243  -24.525  37
568.6  1  302.419  -111.77  42.4264  38.259  20
568.7  0  454.187  -9.77542  -6.70243  25.506  37
568.7  1  306.662  -108.042  42.4264  -37.278  20
568.8  0  453.517  -7.32292  -6.70243  -24.525  37
568.8  1  310.905  -111.868  42.4264  38.259  20
568.9  0  452.847  -9.87352  -6.70243  25.506  37
568.9  1  315.147  -108.14  42.4264  -37.278  20
569  0  452.177  -7.42102  -6.70243  -24.525  37
569  1  319.39  -111.966  42.4264  38.259  20
569.1  0  451.506  -9.97162  -6.70243  25.506  37
569.1  1  323.632  -108.238  42.4264  -37.278  20
569.2  0  450.836  -7.51912  -6.70243  -24.525  37
569.2  1  327.875  -112.064  42.4264  38.259  20
569.3  0  450.166  -10.0697  -6.70243  25.506  37
569.3  1  332.118  -108.336  42.4264  -37.278  20
569.4  0  449.496  -7.61722  -6.70243  -24.525  37
569.4  1  336.36  -112.162  42.4264  38.259  20
569.5  0  448.825  -10.1678  -6.70243  25.506  37
569.5  1  340.603  -108.434  42.4264  -37.278  20
569.6  0  448.155  -7.71532  -6.70243  -24.525  37
569.6  1  344.846  -112.26  42.4264  38.259  20
569.7  0  447.485  -10.2659  -6.70243  25.506  37
569.7  1  349.088  -108.533  42.4264  -37.278  20
569.8  0  446.815  -7.81342  -6.70243  -24.525  37
569.8  1  353.331  -112.358  42.4264  38.259  20
569.9  0  446.144  -10.364  -6.70243  25.506  37
569.9  1  357.574  -108.631  42.4264  -37.278  20
570  0  445.474  -7.91152  -6.70243  -24.525  37
570  1  361.816  -112.457  42.4264  38.259  20
570.1  0  444.804  -10.4621  -6.70243  25.506  37
570.1  1  366.059  -108.729  42.4264  -37.278  20
570.2  0  444.134  -8.00962  -6.70243  -24.525  37
570.2  1  370.302  -112.555  42.4264  38.259  20
570.3  0  443.463  -10.5602  -6.70243  25.506  37
570.3  1  374.544  -108.827  42.4264  -37.278  20
570.4  0  442.793  -8.10772  -6.70243  -24.525  37
570.4  1  378.787  -112.653  42.4264  38.259  20
570.5  0  442.123  -10.6583  -6.70243  25.506  37
570.5  1  383.029  -108.925  42.4264  -37.278  20
570.6  0  441.453  -8.20582  -6.70243  -24.525  37
570.6  1  387.272  -112.751  42.4264  38.259  20
570.7  0  440.783  -10.7564  -6.70243  25.506  37
570.7  1  391.515  -109.023  42.4264  -37.278  20
570.8  0  440.112  -8.30392  -6.70243  -24.525  37
570.8  1  395.757  -112.849  42.4264  38.259  20
570.9  0  439.442  -10.8545  -6.70243  25.506  37
570.9  1  400  -109.121  42.4264  -37.278  20
571  0  438.772  -8.40202  -6.70243  -24.525  37
571  1  404.243  -112.947  42.4264  38.259  20
571.1  0  438.102  -10.9526  -6.70243  25.506  37
571.1  1  408.485  -109.219  42.4264  -37.278  20
571.2  0  437.431  -8.50012  -6.70243  -24.525  37
571.2  1  412.728  -113.045  42.4264  38.259  20
571.3  0  436.761  -11.0507  -6.70243  25.506  37
571.3  1  416.971  -109.317  42.4264  -37.278  20
571.4  0  436.091  -8.59822  -6.70243  -24.525  37
571.4  1  421.213  -113.143  42.4264  38.259  20
571.5  0  435.421  -11.1488  -6.70243  25.506  37
571.5  1  425.456  -109.415  42.4264  -37.278  20
571.6  0  434.75  -8.69632  -6.70243  -24.525  37
571.6  1  429.698  -113.241  42.4264  38.259  20
571.7  0  434.08  -11.2469  -6.70243  25.506  37
571.7  1  433.941  -109.514  42.4264  -37.278  20
571.8  0  433.41  -8.79442  -6.70243  -24.525  37
571.8  1  438.184  -113.339  42.4264  38.259  20
571.9  0  432.74  -11.345  -6.70243  25.506  37
571.9  1  442.426  -109.612  42.4264  -37.278  20
572  0  432.069  -8.89252  -6.70243  -24.525  37
572  1  446.669  -113.438  42.4264  38.259  20
572.1  0  431.399  -11.4431  -6.70243  25.506  37
572.1  1  450.912  -109.71  42.4264  -37.278  20
572.2  0  430.729  -8.99062  -6.70243  -24.525  37
572.2  1  455.154  -113.536  42.4264  38.259  20
572.3  0  430.059  -11.5412  -6.70243  25.506  37
572.3  1  459.397  -109.808  42.4264  -37.278  20
572.4  0  429.388  -9.08872  -6.70243  -24.525  37
572.4  1  463.64  -113.634  42.4264  38.259  20
572.5  0  428.718  -11.6393  -6.70243  25.506  37
572.5  1  467.882  -109.906  42.4264  -37.278  20
572.6  0  428.048  -9.18682  -6.70243  -24.525  37
572.6  1  472.125  -113.732  42.4264  38.259  20
572.7  0  427.378  -11.7374  -6.70243  25.506  37
572.7  1  476.368  -110.004  42.4264  -37.278  20
572.8  0  426.707  -9.28492  -6.70243  -24.525  37
572.8  1  480.61  -113.83  42.4264  38.259  20
572.9  0  426.037  -11.8355  -6.70243  25.506  37
572.9  1  484.853  -110.102  42.4264  -37.278  20
573  0  425.367  -9.38302  -6.70243  -24.525  37
573  1  489.095  -113.928  42.4264  38.259  20
573.1  0  424.697  -11.9336  -6.70243  25.506  37
573.1  1  493.338  -110.2  42.4264  -37.278  20
573.2  0  424.026  -9.48112  -6.70243  -24.525  37
573.2  1  497.581  -114.026  42.4264  38.259  20
573.3  0  423.356  -12.0317  -6.70243  25.506  37
573.3  1  501.823  -110.298  42.4264  -37.278  20
573.4  0  422.686  -9.57922  -6.70243  -24.525  37
573.4  1  506.066  -114.124  42.4264  38.259  20
573.5  0  422.016  -12.1298  -6.70243  25.506  37
573.5  1  510.309  -110.396  42.4264  -37.278  20
573.6  0  421.345  -9.67732  -6.70243  -24.525  37
573.6  1  514.551  -114.222  42.4264  38.259  20
573.7  0  420.675  -12.2279  -6.70243  25.506  37
573.7  1  518.794  -110.495  42.4264  -37.278  20
573.8  0  420.005  -9.77542  -6.70243  -24.525  37
573.8  1  523.037  -114.32  42.4264  38.259  20
573.9  0  419.335  -12.326  -6.70243  25.506  37
573.9  1  527.279  -110.593  42.4264  -37.278  20
574  0  418.665  -9.87352  -6.70243  -24.525  37
574  1  531.522  -114.419  42.4264  38.259  20
574.1  0  417.994  -12.4241  -6.70243  25.506  37
574.1  1  535.765  -110.691  42.4264  -37.278  20
574.2  0  417.324  -9.97162  -6.70243  -24.525  37
574.2  1  540.007  -114.517  42.4264  38.259  20
574.3  0  416.654  -12.5222  -6.70243  25.506  37
574.3  1  544.25  -110.789  42.4264  -37.278  20
574.4  0  415.984  -10.0697  -6.70243  -24.525  37
574.4  1  548.492  -114.615  42.4264  38.259  20
574.5  0  415.313  -12.6203  -6.70243  25.506  37
574.5  1  552.735  -110.887  42.4264  -37.278  20
574.6  0  414.643  -10.1678  -6.70243  -24.525  37
574.6  1  556.978  -114.713  42.4264  38.259  20
574.7  0  413.973  -12.7184  -6.70243  25.506  37
574.7  1  561.22  -110.985  42.4264  -37.278  20
574.8  0  413.303  -10.2659  -6.70243  -24.525  37
574.8  1  565.463  -114.811  42.4264  38.259  20
574.9  0  412.632  -12.8165  -6.70243  25.506  37
574.9  1  569.706  -111.083  42.4264  -37.278  20
575  0  411.962  -10.364  -6.70243  -24.525  37
575  1  573.948  -114.909  42.4264  38.259  20
575.1  0  411.292  -12.9146  -6.70243  25.506  37
575.1  1  578.191  -111.181  42.4264  -37.278  20
575.2  0  410.622  -10.4621  -6.70243  -24.525  37
575.2  1  582.434  -115.007  42.4264  38.259  20
575.3  0  409.951  -13.0127  -6.70243  25.506  37
575.3  1  586.676  -111.279  42.4264  -37.278  20
575.4  0  409.281  -10.5602  -6.70243  -24.525  37
575.4  1  590.919  -115.105  42.4264  38.259  20
575.5  0  408.611  -13.1108  -6.70243  25.506  37
575.5  1  595.161  -111.377  42.4264  -37.278  20
575.6  0  407.941  -10.6583  -6.70243  -24.525  37
575.6  1  599.404  -115.203  42.4264  38.259  20
575.7  0  407.27  -13.2089  -6.70243  25.506  37
575.7  1  603.647  -111.476  42.4264  -37.278  20
575.8  0  406.6  -10.7564  -6.70243  -24.525  37
575.8  1  607.889  -115.301  42.4264  38.259  20
575.9  0  405.93  -13.307  -6.70243  25.506  37
575.9  1  612.132  -111.574  42.4264  -37.278  20
576  0  405.26  -10.8545  -6.70243  -24.525  37
576  1  616.375  -115.4  42.4264  38.259  20
576.1  0  404.589  -13.4051  -6.70243  25.506  37
576.1  1  620.617  -111.672  42.4264  -37.278  20
576.2  0  403.919  -10.9526  -6.70243  -24.525  37
576.2  1  624.86  -115.498  42.4264  38.259  20
576.3  0  403.249  -13.5032  -6.70243  25.506  37
576.3  1  629.103  -111.77  42.4264  -37.278  20
576.4  0  402.579  -11.0507  -6.70243  -24.525  37
576.4  1  633.345  -115.596  42.4264  38.259  20
576.5  0  401.908  -13.6013  -6.70243  25.506  37
576.5  1  637.588  -111.868  42.4264  -37.278  20
576.6  0  401.238  -11.1488  -6.70243  -24.525  37
576.6  1  641.831  -115.694  42.4264  38.259  20
576.7  0  400.568  -13.6994  -6.70243  25.506  37
576.7  1  646.073  -111.966  42.4264  -37.278  20
576.8  0  399.898  -11.2469  -6.70243  -24.525  37
576.8  1  650.316  -115.792  42.4264  38.259  20
576.9  0  399.227  -13.7975  -6.70243  25.506  37
576.9  1  654.558  -112.064  42.4264  -37.278  20
577  0  398.557  -11.345  -6.70243  -24.525  37
577  1  658.801  -115.89  42.4264  38.259  20
577.1  0  397.887  -13.8956  -6.70243  25.506  37
577.1  1  663.044  -112.162  42.4264  -37.278  20
577.2  0  397.217  -11.4431  -6.70243  -24.525  37
577.2  1  667.286  -115.988  42.4264  38.259  20
577.3  0  396.547  -13.9937  -6.70243  25.506  37
577.3  1  671.529  -112.26  42.4264  -37.278  20
577.4  0  395.876  -11.5412  -6.70243  -24.525  37
577.4  1  675.772  -116.086  42.4264  38.259  20
577.5  0  395.206  -14.0918  -6.70243  25.506  37
577.5  1  680.014  -112.358  42.4264  -37.278  20
577.6  0  394.536  -11.6393  -6.70243  -24.525  37
577.6  1  684.257  -116.184  42.4264  38.259  20
577.7  0  393.866  -14.1899  -6.70243  25.506  37
577.7  1  688.5  -112.457  42.4264  -37.278  20
577.8  0  393.195  -11.7374  -6.70243  -24.525  37
577.8  1  692.742  -116.282  42.4264  38.259  20
577.9  0  392.525  -14.288  -6.70243  25.506  37
577.9  1  696.985  -112.555  42.4264  -37.278  20
578  0  391.855  -11.8355  -6.70243  -24.525  37
578  1  701.227  -116.381  42.4264  38.259  20
578.1  0  391.185  -14.3861  -6.70243  25.506  37
578.1  1  705.47  -112.653  42.4264  -37.278  20
578.2  0  390.514  -11.9336  -6.70243  -24.525  37
578.2  1  709.713  -116.479  42.4264  38.259  20
578.3  0  389.844  -14.4842  -6.70243  25.506  37
578.3  1  713.955  -112.751  42.4264  -37.278  20
578.4  0  389.174  -12.0317  -6.70243  -24.525  37
578.4  1  718.198  -116.577  42.4264  38.259  20
578.5  0  388.504  -14.5823  -6.70243  25.506  37
578.5  1  722.441  -112.849  42.4264  -37.278  20
578.6  0  387.833  -12.1298  -6.70243  -24.525  37
578.6  1  726.683  -116.675  42.4264  38.259  20
578.7  0  387.163  -14.6804  -6.70243  25.506  37
578.7  1  730.926  -112.947  42.4264  -37.278  20
578.8  0  386.493  -12.2279  -6.70243  -24.525  37
578.8  1  735.169  -116.773  42.4264  38.259  20
578.9  0  385.823  -14.7785  -6.70243  25.506  37
578.9  1  739.411  -113.045  42.4264  -37.278  20
579  0  385.152  -12.326  -6.70243  -24.525  37
579  1  743.654  -116.871  42.4264  38.259  20
579.1  0  384.482  -14.8766  -6.70243  25.506  37
579.1  1  747.897  -113.143  42.4264  -37.278  20
579.2  0  383.812  -12.4241  -6.70243  -24.525  37
579.2  1  752.139  -116.969  42.4264  38.259  20
579.3  0  383.142  -14.9747  -6.70243  25.506  37
579.3  1  756.382  -113.241  42.4264  -37.278  20
579.4  0  382.471  -12.5222  -6.70243  -24.525  37
579.4  1  760.624  -117.067  42.4264  38.259  20
579.5  0  381.801  -15.0728  -6.70243  25.506  37
579.5  1  764.867  -113.339  42.4264  -37.278  20
579.6  0  381.131  -12.6203  -6.70243  -24.525  37
579.6  1  769.11  -117.165  42.4264  38.259  20
579.7  0  380.461  -15.1709  -6.70243  25.506  37
579.7  1  773.352  -113.438  42.4264  -37.278  20
579.8  0  379.79  -12.7184  -6.70243  -24.525  37
579.8  1  777.595  -117.263  42.4264  38.259  20
579.9  0  379.12  -15.269  -6.70243  25.506  37
579.9  1  781.838  -113.536  42.4264  -37.278  20
580  0  378.45  -12.8165  -6.70243  -24.525  37
580  1  786.08  -117.362  42.4264  38.259  20
580.1  0  377.78  -15.3671  -6.70243  25.506  37
580.1  1  790.323  -113.634  42.4264  -37.278  20
580.2  0  377.109  -12.9146  -6.70243  -24.525  37
580.2  1  794.566  -117.46  42.4264  38.259  20
580.3  0  376.439  -15.4652  -6.70243  25.506  37
580.3  1  798.808  -113.732  42.4264  -37.278  20
580.4  0  375.769  -13.0127  -6.70243  -24.525  37
580.4  1  803.051  -117.558  42.4264  38.259  20
580.5  0  375.099  -15.5633  -6.70243  25.506  37
580.5  1  807.294  -113.83  42.4264  -37.278  20
580.6  0  374.429  -13.1108  -6.70243  -24.525  37
580.6  1  811.536  -117.656  42.4264  38.259  20
580.7  0  373.758  -15.6614  -6.70243  25.506  37
580.7  1  815.779  -113.928  42.4264  -37.278  20
580.8  0  373.088  -13.2089  -6.70243  -24.525  37
580.8  1  820.021  -117.754  42.4264  38.259  20
580.9  0  372.418  -15.7595  -6.70243  25.506  37
580.9  1  824.264  -114.026  42.4264  -37.278  20
581  0  371.748  -13.307  -6.70243  -24.525  37
581  1  828.507  -117.852  42.4264  38.259  20
581.1  0  371.077  -15.8576  -6.70243  25.506  37
581.1  1  832.749  -114.124  42.4264  -37.278  20
581.2  0  370.407  -13.4051  -6.70243  -24.525  37
581.2  1  836.992  -117.95  42.4264  38.259  20
581.3  0  369.737  -15.9557  -6.70243  25.506  37
581.3  1  841.235  -114.222  42.4264  -37.278  20
581.4  0  369.067  -13.5032  -6.70243  -24.525  37
581.4  1  845.477  -118.048  42.4264  38.259  20
581.5  0  368.396  -16.0538  -6.70243  25.506  37
581.5  1  849.72  -114.32  42.4264  -37.278  20
581.6  0  367.726  -13.6013  -6.70243  -24.525  37
581.6  1  853.963  -118.146  42.4264  38.259  20
581.7  0  367.056  -16.1519  -6.70243  25.506  37
581.7  1  858.205  -114.419  42.4264  -37.278  20
581.8  0  366.386  -13.6994  -6.70243  -24.525  37
581.8  1  862.448  -118.244  42.4264  38.259  20
581.9  0  365.715  -16.25  -6.70243  25.506  37
581.9  1  866.69  -114.517  42.4264  -37.278  20
582  0  365.045  -13.7975  -6.70243  -24.525  37
582  1  870.933  -118.343  42.4264  38.259  20
582.1  0  364.375  -16.3481  -6.70243  25.506  37
582.1  1  875.176  -114.615  42.4264  -37.278  20
582.2  0  363.705  -13.8956  -6.70243  -24.525  37
582.2  1  879.418  -118.441  42.4264  38.259  20
582.3  0  363.034  -16.4462  -6.70243  25.506  37
582.3  1  883.661  -114.713  42.4264  -37.278  20
582.4  0  362.364  -13.9937  -6.70243  -24.525  37
582.4  1  887.904  -118.539  42.4264  38.259  20
582.5  0  361.694  -16.5443  -6.70243  25.506  37
582.5  1  892.146  -114.811  42.4264  -37.278  20
582.6  0  361.024  -14.0918  -6.70243  -24.525  37
582.6  1  896.389  -118.637  42.4264  38.259  20
582.7  0  360.353  -16.6424  -6.70243  25.506  37
582.7  1  900.632  -114.909  42.4264  -37.278  20
582.8  0  359.683  -14.1899  -6.70243  -24.525  37
582.8  1  904.874  -118.735  42.4264  38.259  20
582.9  0  359.013  -16.7405  -6.70243  25.506  37
582.9  1  909.117  -115.007  42.4264  -37.278  20
583  0  358.343  -14.288  -6.70243  -24.525  37
583  1  913.36  -118.833  42.4264  38.259  20
583.1  0  357.672  -16.8386  -6.70243  25.506  37
583.1  1  917.602  -115.105  42.4264  -37.278  20
583.2  0  357.002  -14.3861  -6.70243  -24.525  37
583.2  1  921.845  -118.931  42.4264  38.259  20
583.3  0  356.332  -16.9367  -6.70243  25.506  37
583.3  1  926.087  -115.203  42.4264  -37.278  20
583.4  0  355.662  -14.4842  -6.70243  -24.525  37
583.4  1  930.33  -119.029  42.4264  38.259  20
583.5  0  354.991  -17.0348  -6.70243  25.506  37
583.5  1  934.573  -115.301  42.4264  -37.278  20
583.6  0  354.321  -14.5823  -6.70243  -24.525  37
583.6  1  938.815  -119.127  42.4264  38.259  20
583.7  0  353.651  -17.1329  -6.70243  25.506  37
583.7  1  943.058  -115.4  42.4264  -37.278  20
583.8  0  352.981  -14.6804  -6.70243  -24.525  37
583.8  1  947.301  -119.225  42.4264  38.259  20
583.9  0  352.311  -17.231  -6.70243  25.506  37
583.9  1  951.543  -115.498  42.4264  -37.278  20
584  0  351.64  -14.7785  -6.70243  -24.525  37
584  1  955.786  -119.324  42.4264  38.259  20
584.1  0  350.97  -17.3291  -6.70243  25.506  37
584.1  1  960.029  -115.596  42.4264  -37.278  20
584.2  0  350.3  -14.8766  -6.70243  -24.525  37
584.2  1  964.271  -119.422  42.4264  38.259  20
584.3  0  349.63  -17.4272  -6.70243  25.506  37
584.3  1  968.514  -115.694  42.4264  -37.278  20
584.4  0  348.959  -14.9747  -6.70243  -24.525  37
584.4  1  972.756  -119.52  42.4264  38.259  20
584.5  0  348.289  -17.5253  -6.70243  25.506  37
584.5  1  976.999  -115.792  42.4264  -37.278  20
584.6  0  347.619  -15.0728  -6.70243  -24.525  37
584.6  1  981.242  -119.618  42.4264  38.259  20
584.7  0  346.949  -17.6234  -6.70243  25.506  37
584.7  1  985.484  -115.89  42.4264  -37.278  20
584.8  0  346.278  -15.1709  -6.70243  -24.525  37
584.8  1  989.727  -119.716  42.4264  38.259  20
584.9  0  345.608  -17.7215  -6.70243  25.506  37
584.9  1  993.97  -115.988  42.4264  -37.278  20
585  0  344.938  -15.269  -6.70243  -24.525  37
585  1  998.212  -119.814  42.4264  38.259  20
585.1  0  344.268  -17.8196  -6.70243  25.506  37
585.1  1  1002.45  -116.086  -42.4264  -37.278  20
585.2  0  343.597  -15.3671  -6.70243  -24.525  37
585.2  1  998.212  -119.912  -42.4264  38.259  20
585.3  0  342.927  -17.9177  -6.70243  25.506  37
585.3  1  993.97  -116.184  -42.4264  -37.278  20
585.4  0  342.257  -15.4652  -6.70243  -24.525  37
585.4  1  989.727  -120.01  -42.4264  38.259  20
585.5  0  341.587  -18.0158  -6.70243  25.506  37
585.5  1  985.484  -116.282  -42.4264  -37.278  20
585.6  0  340.916  -15.5633  -6.70243  -24.525  37
585.6  1  981.242  -120.108  -42.4264  38.259  20
585.7  0  340.246  -18.1139  -6.70243  25.506  37
585.7  1  976.999  -116.381  -42.4264  -37.278  20
585.8  0  339.576  -15.6614  -6.70243  -24.525  37
585.8  1  972.756  -120.206  -42.4264  38.259  20
585.9  0  338.906  -18.212  -6.70243  25.506  37
585.9  1  968.514  -116.479  -42.4264  -37.278  20
586  0  338.235  -15.7595  -6.70243  -24.525  37
586  1  964.271  -120.305  -42.4264  38.259  20
586.1  0  337.565  -18.3101  -6.70243  25.506  37
586.1  1  960.029  -116.577  -42.4264  -37.278  20
586.2  0  336.895  -15.8576  -6.70243  -24.525  37
586.2  1  955.786  -120.403  -42.4264  38.259  20
586.3  0  336.225  -18.4082  -6.70243  25.506  37
586.3  1  951.543  -116.675  -42.4264  -37.278  20
586.4  0  335.554  -15.9557  -6.70243  -24.525  37
586.4  1  947.301  -120.501  -42.4264  38.259  20
586.5  0  334.884  -18.5063  -6.70243  25.506  37
586.5  1  943.058  -116.773  -42.4264  -37.278  20
586.6  0  334.214  -16.0538  -6.70243  -24.525  37
586.6  1  938.815  -120.599  -42.4264  38.259  20
586.7  0  333.544  -18.6044  -6.70243  25.506  37
586.7  1  934.573  -116.871  -42.4264  -37.278  20
586.8  0  332.873  -16.1519  -6.70243  -24.525  37
586.8  1  930.33  -120.697  -42.4264  38.259  20
586.9  0  332.203  -18.7025  -6.70243  25.506  37
586.9  1  926.087  -116.969  -42.4264  -37.278  20
587  0  331.533  -16.25  -6.70243  -24.525  37
587  1  921.845  -120.795  -42.4264  38.259  20
587.1  0  330.863  -18.8006  -6.70243  25.506  37
587.1  1  917.602  -117.067  -42.4264  -37.278  20
587.2  0  330.192  -16.3481  -6.70243  -24.525  37
587.2  1  913.36  -120.893  -42.4264  38.259  20
587.3  0  329.522  -18.8987  -6.70243  25.506  37
587.3  1  909.117  -117.165  -42.4264  -37.278  20
587.4  0  328.852  -16.4462  -6.70243  -24.525  37
587.4  1  904.874  -120.991  -42.4264  38.259  20
587.5  0  328.182  -18.9968  -6.70243  25.506  37
587.5  1  900.632  -117.263  -42.4264  -37.278  20
587.6  0  327.512  -16.5443  -6.70243  -24.525  37
587.6  1  896.389  -121.089  -42.4264  38.259  20
587.7  0  326.841  -19.0949  -6.70243  25.506  37
587.7  1  892.146  -117.362  -42.4264  -37.278  20
587.8  0  326.171  -16.6424  -6.70243  -24.525  37
587.8  1  887.904  -121.187  -42.4264  38.259  20
587.9  0  325.501  -19.193  -6.70243  25.506  37
587.9  1  883.661  -117.46  -42.4264  -37.278  20
588  0  324.831  -16.7405  -6.70243  -24.525  37
588  1  879.418  -121.286  -42.4264  38.259  20
588.1  0  324.16  -19.2911  -6.70243  25.506  37
588.1  1  875.176  -117.558  -42.4264  -37.278  20
588.2  0  323.49  -16.8386  -6.70243  -24.525  37
588.2  1  870.933  -121.384  -42.4264  38.259  20
588.3  0  322.82  -19.3892  -6.70243  25.506  37
588.3  1  866.69  -117.656  -42.4264  -37.278  20
588.4  0  322.15  -16.9367  -6.70243  -24.525  37
588.4  1  862.448  -121.482  -42.4264  38.259  20
588.5  0  321.479  -19.4873  -6.70243  25.506  37
588.5  1  858.205  -117.754  -42.4264  -37.278  20
588.6  0  320.809  -17.0348  -6.70243  -24.525  37
588.6  1  853.963  -121.58  -42.4264  38.259  20
588.7  0  320.139  -19.5854  -6.70243  25.506  37
588.7  1  849.72  -117.852  -42.4264  -37.278  20
588.8  0  319.469  -17.1329  -6.70243  -24.525  37
588.8  1  845.477  -121.678  -42.4264  38.259  20
588.9  0  318.798  -19.6835  -6.70243  25.506  37
588.9  1  841.235  -117.95  -42.4264  -37.278  20
589  0  318.128  -17.231  -6.70243  -24.525  37
589  1  836.992  -121.776  -42.4264  38.259  20
589.1  0  317.458  -19.7816  -6.70243  25.506  37
589.1  1  832.749  -118.048  -42.4264  -37.278  20
589.2  0  316.788  -17.3291  -6.70243  -24.525  37
589.2  1  828.507  -121.874  -42.4264  38.259  20
589.3  0  316.117  -19.8797  -6.70243  25.506  37
589.3  1  824.264  -118.146  -42.4264  -37.278  20
589.4  0  315.447  -17.4272  -6.70243  -24.525  37
589.4  1  820.021  -121.972  -42.4264  38.259  20
589.5  0  314.777  -19.9778  -6.70243  25.506  37
589.5  1  815.779  -118.244  -42.4264  -37.278  20
589.6  0  314.107  -17.5253  -6.70243  -24.525  37
589.6  1  811.536  -122.07  -42.4264  38.259  20
589.7  0  313.436  -20.0759  -6.70243  25.506  37
589.7  1  807.294  -118.343  -42.4264  -37.278  20
589.8  0  312.766  -17.6234  -6.70243  -24.525  37
589.8  1  803.051  -122.168  -42.4264  38.259  20
589.9  0  312.096  -20.174  -6.70243  25.506  37
589.9  1  798.808  -118.441  -42.4264  -37.278  20
590  0  311.426  -17.7215  -6.70243  -24.525  37
590  1  794.566  -122.267  -42.4264  38.259  20
590.1  0  310.755  -20.2721  -6.70243  25.506  37
590.1  1  790.323  -118.539  -42.4264  -37.278  20
590.2  0  310.085  -17.8196  -6.70243  -24.525  37
590.2  1  786.08  -122.365  -42.4264  38.259  20
590.3  0  309.415  -20.3702  -6.70243  25.506  37
590.3  1  781.838  -118.637  -42.4264  -37.278  20
590.4  0  308.745  -17.9177  -6.70243  -24.525  37
590.4  1  777.595  -122.463  -42.4264  38.259  20
590.5  0  308.074  -20.4683  -6.70243  25.506  37
590.5  1  773.352  -118.735  -42.4264  -37.278  20
590.6  0  307.404  -18.0158  -6.70243  -24.525  37
590.6  1  769.11  -122.561  -42.4264  38.259  20
590.7  0  306.734  -20.5664  -6.70243  25.506  37
590.7  1  764.867  -118.833  -42.4264  -37.278  20
590.8  0  306.064  -18.1139  -6.70243  -24.525  37
590.8  1  760.624  -122.659  -42.4264  38.259  20
590.9  0  305.394  -20.6645  -6.70243  25.506  37
590.9  1  756.382  -118.931  -42.4264  -37.278  20
591  0  304.723  -18.212  -6.70243  -24.525  37
591  1  752.139  -122.757  -42.4264  38.259  20
591.1  0  304.053  -20.7626  -6.70243  25.506  37
591.1  1  747.897  -119.029  -42.4264  -37.278  20
591.2  0  303.383  -18.3101  -6.70243  -24.525  37
591.2  1  743.654  -122.855  -42.4264  38.259  20
591.3  0  302.713  -20.8607  -6.70243  25.506  37
591.3  1  739.411  -119.127  -42.4264  -37.278  20
591.4  0  302.042  -18.4082  -6.70243  -24.525  37
591.4  1  735.169  -122.953  -42.4264  38.259  20
591.5  0  301.372  -20.9588  -6.70243  25.506  37
591.5  1  730.926  -119.225  -42.4264  -37.278  20
591.6  0  300.702  -18.5063  -6.70243  -24.525  37
591.6  1  726.683  -123.051  -42.4264  38.259  20
591.7  0  300.032  -21.0569  -6.70243  25.506  37
591.7  1  722.441  -119.324  -42.4264  -37.278  20
591.8  0  299.361  -18.6044  -6.70243  -24.525  37
591.8  1  718.198  -123.149  -42.4264  38.259  20
591.9  0  298.691  -21.155  -6.70243  25.506  37
591.9  1  713.955  -119.422  -42.4264  -37.278  20
592  0  298.021  -18.7025  -6.70243  -24.525  37
592  1  709.713  -123.248  -42.4264  38.259  20
592.1  0  297.351  -21.2531  -6.70243  25.506  37
592.1  1  705.47  -119.52  -42.4264  -37.278  20
592.2  0  296.68  -18.8006  -6.70243  -24.525  37
592.2  1  701.227  -123.346  -42.4264  38.259  20
592.3  0  296.01  -21.3512  -6.70243  25.506  37
592.3  1  696.985  -119.618  -42.4264  -37.278  20
592.4  0  295.34  -18.8987  -6.70243  -24.525  37
592.4  1  692.742  -123.444  -42.4264  38.259  20
592.5  0  294.67  -21.4493  -6.70243  25.506  37
592.5  1  688.5  -119.716  -42.4264  -37.278  20
592.6  0  293.999  -18.9968  -6.70243  -24.525  37
592.6  1  684.257  -123.542  -42.4264  38.259  20
592.7  0  293.329  -21.5474  -6.70243  25.506  37
592.7  1  680.014  -119.814  -42.4264  -37.278  20
592.8  0  292.659  -19.0949  -6.70243  -24.525  37
592.8  1  675.772  -123.64  -42.4264  38.259  20
592.9  0  291.989  -21.6455  -6.70243  25.506  37
592.9  1  671.529  -119.912  -42.4264  -37.278  20
593  0  291.318  -19.193  -6.70243  -24.525  37
593  1  667.286  -123.738  -42.4264  38.259  20
593.1  0  290.648  -21.7436  -6.70243  25.506  37
593.1  1  663.044  -120.01  -42.4264  -37.278  20
593.2  0  289.978  -19.2911  -6.70243  -24.525  37
593.2  1  658.801  -123.836  -42.4264  38.259  20
593.3  0  289.308  -21.8417  -6.70243  25.506  37
593.3  1  654.558  -120.108  -42.4264  -37.278  20
593.4  0  288.637  -19.3892  -6.70243  -24.525  37
593.4  1  650.316  -123.934  -42.4264  38.259  20
593.5  0  287.967  -21.9398  -6.70243  25.506  37
593.5  1  646.073  -120.206  -42.4264  -37.278  20
593.6  0  287.297  -19.4873  -6.70243  -24.525  37
593.6  1  641.831  -124.032  -42.4264  38.259  20
593.7  0  286.627  -22.0379  -6.70243  25.506  37
593.7  1  637.588  -120.305  -42.4264  -37.278  20
593.8  0  285.956  -19.5854  -6.70243  -24.525  37
593.8  1  633.345  -124.13  -42.4264  38.259  20
593.9  0  285.286  -22.136  -6.70243  25.506  37
593.9  1  629.103  -120.403  -42.4264  -37.278  20
594  0  284.616  -19.6835  -6.70243  -24.525  37
594  1  624.86  -124.229  -42.4264  38.259  20
594.1  0  283.946  -22.2341  -6.70243  25.506  37
594.1  1  620.617  -120.501  -42.4264  -37.278  20
594.2  0  283.276  -19.7816  -6.70243  -24.525  37
594.2  1  616.375  -124.327  -42.4264  38.259  20
594.3  0  282.605  -22.3322  -6.70243  25.506  37
594.3  1  612.132  -120.599  -42.4264  -37.278  20
594.4  0  281.935  -19.8797  -6.70243  -24.525  37
594.4  1  607.889  -124.425  -42.4264  38.259  20
594.5  0  281.265  -22.4303  -6.70243  25.506  37
594.5  1  603.647  -120.697  -42.4264  -37.278  20
594.6  0  280.595  -19.9778  -6.70243  -24.525  37
594.6  1  599.404  -124.523  -42.4264  38.259  20
594.7  0  279.924  -22.5284  -6.70243  25.506  37
594.7  1  595.161  -120.795  -42.4264  -37.278  20
594.8  0  279.254  -20.0759  -6.70243  -24.525  37
594.8  1  590.919  -124.621  -42.4264  38.259  20
594.9  0  278.584  -22.6265  -6.70243  25.506  37
594.9  1  586.676  -120.893  -42.4264  -37.278  20
595  0  277.914  -20.174  -6.70243  -24.525  37
595  1  582.434  -124.719  -42.4264  38.259  20
595.1  0  277.243  -22.7246  -6.70243  25.506  37
595.1  1  578.191  -120.991  -42.4264  -37.278  20
595.2  0  276.573  -20.2721  -6.70243  -24.525  37
595.2  1  573.948  -124.817  -42.4264  38.259  20
595.3  0  275.903  -22.8227  -6.70243  25.506  37
595.3  1  569.706  -121.089  -42.4264  -37.278  20
595.4  0  275.233  -20.3702  -6.70243  -24.525  37
595.4  1  565.463  -124.915  -42.4264  38.259  20
595.5  0  274.562  -22.9208  -6.70243  25.506  37
595.5  1  561.22  -121.187  -42.4264  -37.278  20
595.6  0  273.892  -20.4683  -6.70243  -24.525  37
595.6  1  556.978  -125.013  -42.4264  38.259  20
595.7  0  273.222  -23.0189  -6.70243  25.506  37
595.7  1  552.735  -121.286  -42.4264  -37.278  20
595.8  0  272.552  -20.5664  -6.70243  -24.525  37
595.8  1  548.492  -125.111  -42.4264  38.259  20
595.9  0  271.881  -23.117  -6.70243  25.506  37
595.9  1  544.25  -121.384  -42.4264  -37.278  20
596  0  271.211  -20.6645  -6.70243  -24.525  37
596  1  540.007  -125.21  -42.4264  38.259  20
596.1  0  270.541  -23.2151  -6.70243  25.506  37
596.1  1  535.765  -121.482  -42.4264  -37.278  20
596.2  0  269.871  -20.7626  -6.70243  -24.525  37
596.2  1  531.522  -125.308  -42.4264  38.259  20
596.3  0  269.2  -23.3132  -6.70243  25.506  37
596.3  1  527.279  -121.58  -42.4264  -37.278  20
596.4  0  268.53  -20.8607  -6.70243  -24.525  37
596.4  1  523.037  -125.406  -42.4264  38.259  20
596.5  0  267.86  -23.4113  -6.70243  25.506  37
596.5  1  518.794  -121.678  -42.4264  -37.278  20
596.6  0  267.19  -20.9588  -6.70243  -24.525  37
596.6  1  514.551  -125.504  -42.4264  38.259  20
596.7  0  266.519  -23.5094  -6.70243  25.506  37
596.7  1  510.309  -121.776  -42.4264  -37.278  20
596.8  0  265.849  -21.0569  -6.70243  -24.525  37
596.8  1  506.066  -125.602  -42.4264  38.259  20
596.9  0  265.179  -23.6075  -6.70243  25.506  37
596.9  1  501.823  -121.874  -42.4264  -37.278  20
597  0  264.509  -21.155  -6.70243  -24.525  37
597  1  497.581  -125.7  -42.4264  38.259  20
597.1  0  263.838  -23.7056  -6.70243  25.506  37
597.1  1  493.338  -121.972  -42.4264  -37.278  20
597.2  0  263.168  -21.2531  -6.70243  -24.525  37
597.2  1  489.095  -125.798  -42.4264  38.259  20
597.3  0  262.498  -23.8037  -6.70243  25.506  37
597.3  1  484.853  -122.07  -42.4264  -37.278  20
597.4  0  261.828  -21.3512  -6.70243  -24.525  37
597.4  1  480.61  -125.896  -42.4264  38.259  20
597.5  0  261.158  -23.9018  -6.70243  25.506  37
597.5  1  476.368  -122.168  -42.4264  -37.278  20
597.6  0  260.487  -21.4493  -6.70243  -24.525  37
597.6  1  472.125  -125.994  -42.4264  38.259  20
597.7  0  259.817  -23.9999  -6.70243  25.506  37
597.7  1  467.882  -122.267  -42.4264  -37.278  20
597.8  0  259.147  -21.5474  -6.70243  -24.525  37
597.8  1  463.64  -126.092  -42.4264  38.259  20
597.9  0  258.477  -24.098  -6.70243  25.506  37
597.9  1  459.397  -122.365  -42.4264  -37.278  20
598  0  257.806  -21.6455  -6.70243  -24.525  37
598  1  455.154  -126.191  -42.4264  38.259  20
598.1  0  257.136  -24.1961  -6.70243  25.506  37
598.1  1  450.912  -122.463  -42.4264  -37.278  20
598.2  0  256.466  -21.7436  -6.70243  -24.525  37
598.2  1  446.669  -126.289  -42.4264  38.259  20
598.3  0  255.796  -24.2942  -6.70243  25.506  37
598.3  1  442.426  -122.561  -42.4264  -37.278  20
598.4  0  255.125  -21.8417  -6.70243  -24.525  37
598.4  1  438.184  -126.387  -42.4264  38.259  20
598.5  0  254.455  -24.3923  -6.70243  25.506  37
598.5  1  433.941  -122.659  -42.4264  -37.278  20
598.6  0  253.785  -21.9398  -6.70243  -24.525  37
598.6  1  429.698  -126.485  -42.4264  38.259  20
598.7  0  253.115  -24.4904  -6.70243  25.506  37
598.7  1  425.456  -122.757  -42.4264  -37.278  20
598.8  0  252.444  -22.0379  -6.70243  -24.525  37
598.8  1  421.213  -126.583  -42.4264  38.259  20
598.9  0  251.774  -24.5885  -6.70243  25.506  37
598.9  1  416.971  -122.855  -42.4264  -37.278  20
599  0  251.104  -22.136  -6.70243  -24.525  37
599  1  412.728  -126.681  -42.4264  38.259  20
599.1  0  250.434  -24.6866  -6.70243  25.506  37
599.1  1  408.485  -122.953  -42.4264  -37.278  20
599.2  0  249.763  -22.2341  -6.70243  -24.525  37
599.2  1  404.243  -126.779  -42.4264  38.259  20
599.3  0  249.093  -24.7847  -6.70243  25.506  37
599.3  1  400  -123.051  -42.4264  -37.278  20
599.4  0  248.423  -22.3322  -6.70243  -24.525  37
599.4  1  395.757  -126.877  -42.4264  38.259  20
599.5  0  247.753  -24.8828  -6.70243  25.506  37
599.5  1  391.515  -123.149  -42.4264  -37.278  20
599.6  0  247.082  -22.4303  -6.70243  -24.525  37
599.6  1  387.272  -126.975  -42.4264  38.259  20
599.7  0  246.412  -24.9809  -6.70243  25.506  37
599.7  1  383.029  -123.248  -42.4264  -37.278  20
599.8  0  245.742  -22.5284  -6.70243  -24.525  37
599.8  1  378.787  -127.073  -42.4264  38.259  20
599.9  0  245.072  -25.079  -6.70243  25.506  37
599.9  1  374.544  -123.346  -42.4264  -37.278  20
600  0  244.401  -22.6265  -6.70243  -24.525  37
600  1  370.302  -127.172  -42.4264  38.259  20
600.1  0  243.731  -25.1771  -6.70243  25.506  37
600.1  1  366.059  -123.444  -42.4264  -37.278  20
600.2  0  243.061  -22.7246  -6.70243  -24.525  37
600.2  1  361.816  -127.27  -42.4264  38.259  20
600.3  0  242.391  -25.2752  -6.70243  25.506  37
600.3  1  357.574  -123.542  -42.4264  -37.278  20
600.4  0  241.72  -22.8227  -6.70243  -24.525  37
600.4  1  353.331  -127.368  -42.4264  38.259  20
600.5  0  241.05  -25.3733  -6.70243  25.506  37
600.5  1  349.088  -123.64  -42.4264  -37.278  20
600.6  0  240.38  -22.9208  -6.70243  -24.525  37
600.6  1  344.846  -127.466  -42.4264  38.259  20
600.7  0  239.71  -25.4714  -6.70243  25.506  37
600.7  1  340.603  -123.738  -42.4264  -37.278  20
600.8  0  239.04  -23.0189  -6.70243  -24.525  37
600.8  1  336.36  -127.564  -42.4264  38.259  20
600.9  0  238.369  -25.5695  -6.70243  25.506  37
600.9  1  332.118  -123.836  -42.4264  -37.278  20
601  0  237.699  -23.117  -6.70243  -24.525  37
601  1  327.875  -127.662  -42.4264  38.259  20
601.1  0  237.029  -25.6676  -6.70243  25.506  37
601.1  1  323.632  -123.934  -42.4264  -37.278  20
601.2  0  236.359  -23.2151  -6.70243  -24.525  37
601.2  1  319.39  -127.76  -42.4264  38.259  20
601.3  0  235.688  -25.7657  -6.70243  25.506  37
601.3  1  315.147  -124.032  -42.4264  -37.278  20
601.4  0  235.018  -23.3132  -6.70243  -24.525  37
601.4  1  310.905  -127.858  -42.4264  38.259  20
601.5  0  234.348  -25.8638  -6.70243  25.506  37
601.5  1  306.662  -124.13  -42.4264  -37.278  20
601.6  0  233.678  -23.4113  -6.70243  -24.525  37
601.6  1  302.419  -127.956  -42.4264  38.259  20
601.7  0  233.007  -25.9619  -6.70243  25.506  37
601.7  1  298.177  -124.229  -42.4264  -37.278  20
601.8  0  232.337  -23.5094  -6.70243  -24.525  37
601.8  1  293.934  -128.054  -42.4264  38.259  20
601.9  0  231.667  -26.06  -6.70243  25.506  37
601.9  1  289.691  -124.327  -42.4264  -37.278  20
602  0  230.997  -23.6075  -6.70243  -24.525  37
602  1  285.449  -128.153  -42.4264  38.259  20
602.1  0  230.326  -26.1581  -6.70243  25.506  37
602.1  1  281.206  -124.425  -42.4264  -37.278  20
602.2  0  229.656  -23.7056  -6.70243  -24.525  37
602.2  1  276.963  -128.251  -42.4264  38.259  20
602.3  0  228.986  -26.2562  -6.70243  25.506  37
602.3  1  272.721  -124.523  -42.4264  -37.278  20
602.4  0  228.316  -23.8037  -6.70243  -24.525  37
602.4  1  268.478  -128.349  -42.4264  38.259  20
602.5  0  227.645  -26.3543  -6.70243  25.506  37
602.5  1  264.235  -124.621  -42.4264  -37.278  20
602.6  0  226.975  -23.9018  -6.70243  -24.525  37
602.6  1  259.993  -128.447  -42.4264  38.259  20
602.7  0  226.305  -26.4524  -6.70243  25.506  37
602.7  1  255.75  -124.719  -42.4264  -37.278  20
602.8  0  225.635  -23.9999  -6.70243  -24.525  37
602.8  1  251.508  -128.545  -42.4264  38.259  20
602.9  0  224.964  -26.5505  -6.70243  25.506  37
602.9  1  247.265  -124.817  -42.4264  -37.278  20
603  0  224.294  -24.098  -6.70243  -24.525  37
603  1  243.022  -128.643  -42.4264  38.259  20
603.1  0  223.624  -26.6486  -6.70243  25.506  37
603.1  1  238.78  -124.915  -42.4264  -37.278  20
603.2  0  222.954  -24.1961  -6.70243  -24.525  37
603.2  1  234.537  -128.741  -42.4264  38.259  20
603.3  0  222.283  -26.7467  -6.70243  25.506  37
603.3  1  230.294  -125.013  -42.4264  -37.278  20
603.4  0  221.613  -24.2942  -6.70243  -24.525  37
603.4  1  226.052  -128.839  -42.4264  38.259  20
603.5  0  220.943  -26.8448  -6.70243  25.506  37
603.5  1  221.809  -125.111  -42.4264  -37.278  20
603.6  0  220.273  -24.3923  -6.70243  -24.525  37
603.6  1  217.566  -128.937  -42.4264  38.259  20
603.7  0  219.602  -26.9429  -6.70243  25.506  37
603.7  1  213.324  -125.21  -42.4264  -37.278  20
603.8  0  218.932  -24.4904  -6.70243  -24.525  37
603.8  1  209.081  -129.035  -42.4264  38.259  20
603.9  0  218.262  -27.041  -6.70243  25.506  37
603.9  1  204.839  -125.308  -42.4264  -37.278  20
604  0  217.592  -24.5885  -6.70243  -24.525  37
604  1  200.596  -129.134  -42.4264  38.259  20
604.1  0  216.921  -27.1391  -6.70243  25.506  37
604.1  1  196.353  -125.406  -42.4264  -37.278  20
604.2  0  216.251  -24.6866  -6.70243  -24.525  37
604.2  1  192.111  -129.232  -42.4264  38.259  20
604.3  0  215.581  -27.2372  -6.70243  25.506  37
604.3  1  187.868  -125.504  -42.4264  -37.278  20
604.4  0  214.911  -24.7847  -6.70243  -24.525  37
604.4  1  183.625  -129.33  -42.4264  38.259  20
604.5  0  214.241  -27.3353  -6.70243  25.506  37
604.5  1  179.383  -125.602  -42.4264  -37.278  20
604.6  0  213.57  -24.8828  -6.70243  -24.525  37
604.6  1  175.14  -129.428  -42.4264  38.259  20
604.7  0  212.9  -27.4334  -6.70243  25.506  37
604.7  1  170.897  -125.7  -42.4264  -37.278  20
604.8  0  212.23  -24.9809  -6.70243  -24.525  37
604.8  1  166.655  -129.526  -42.4264  38.259  20
604.9  0  211.56  -27.5315  -6.70243  25.506  37
604.9  1  162.412  -125.798  -42.4264  -37.278  20
605  0  210.889  -25.079  -6.70243  -24.525  37
605  1  158.169  -129.624  -42.4264  38.259  20
605.1  0  210.219  -27.6296  -6.70243  25.506  37
605.1  1  153.927  -125.896  -42.4264  -37.278  20
605.2  0  209.549  -25.1771  -6.70243  -24.525  37
605.2  1  149.684  -129.722  -42.4264  38.259  20
605.3  0  208.879  -27.7277  -6.70243  25.506  37
605.3  1  145.442  -125.994  -42.4264  -37.278  20
605.4  0  208.208  -25.2752  -6.70243  -24.525  37
605.4  1  141.199  -129.82  -42.4264  38.259  20
605.5  0  207.538  -27.8258  -6.70243  25.506  37
605.5  1  136.956  -126.092  -42.4264  -37.278  20
605.6  0  206.868  -25.3733  -6.70243  -24.525  37
605.6  1  132.714  -129.918  -42.4264  38.259  20
605.7  0  206.198  -27.9239  -6.70243  25.506  37
605.7  1  128.471  -126.191  -42.4264  -37.278  20
605.8  0  205.527  -25.4714  -6.70243  -24.525  37
605.8  1  124.228  -130.016  -42.4264  38.259  20
605.9  0  204.857  -28.022  -6.70243  25.506  37
605.9  1  119.986  -126.289  -42.4264  -37.278  20
606  0  204.187  -25.5695  -6.70243  -24.525  37
606  1  115.743  -130.115  -42.4264  38.259  20
606.1  0  203.517  -28.1201  -6.70243  25.506  37
606.1  1  111.5  -126.387  -42.4264  -37.278  20
606.2  0  202.846  -25.6676  -6.70243  -24.525  37
606.2  1  107.258  -130.213  -42.4264  38.259  20
606.3  0  202.176  -28.2182  -6.70243  25.506  37
606.3  1  103.015  -126.485  -42.4264  -37.278  20
606.4  0  201.506  -25.7657  -6.70243  -24.525  37
606.4  1  98.7725  -130.311  -42.4264  38.259  20
606.5  0  200.836  -28.3163  -6.70243  25.506  37
606.5  1  94.5299  -126.583  -42.4264  -37.278  20
606.6  0  200.165  -25.8638  -6.70243  -24.525  37
606.6  1  90.2872  -130.409  -42.4264  38.259  20
606.7  0  199.495  -28.4144  -6.70243  25.506  37
606.7  1  86.0446  -126.681  -42.4264  -37.278  20
606.8  0  198.825  -25.9619  -6.70243  -24.525  37
606.8  1  81.8019  -130.507  -42.4264  38.259  20
606.9  0  198.155  -28.5125  -6.70243  25.506  37
606.9  1  77.5593  -126.779  -42.4264  -37.278  20
607  0  197.484  -26.06  -6.70243  -24.525  37
607  1  73.3167  -130.605  -42.4264  38.259  20
607.1  0  196.814  -28.6106  -6.70243  25.506  37
607.1  1  69.074  -126.877  -42.4264  -37.278  20
607.2  0  196.144  -26.1581  -6.70243  -24.525  37
607.2  1  64.8314  -130.703  -42.4264  38.259  20
607.3  0  195.474  -28.7087  -6.70243  25.506  37
607.3  1  60.5887  -126.975  -42.4264  -37.278  20
607.4  0  194.803  -26.2562  -6.70243  -24.525  37
607.4  1  56.3461  -130.801  -42.4264  38.259  20
607.5  0  194.133  -28.8068  -6.70243  25.506  37
607.5  1  52.1035  -127.073  -42.4264  -37.278  20
607.6  0  193.463  -26.3543  -6.70243  -24.525  37
607.6  1  47.8608  -130.899  -42.4264  38.259  20
607.7  0  192.793  -28.9049  -6.70243  25.506  37
607.7  1  43.6182  -127.172  -42.4264  -37.278  20
607.8  0  192.123  -26.4524  -6.70243  -24.525  37
607.8  1  39.3755  -130.997  -42.4264  38.259  20
607.9  0  191.452  -29.003  -6.70243  25.506  37
607.9  1  35.1329  -127.27  -42.4264  -37.278  20
608  0  190.782  -26.5505  -6.70243  -24.525  37
608  1  30.8903  -131.096  -42.4264  38.259  20
608.1  0  190.112  -29.1011  -6.70243  25.506  37
608.1  1  26.6476  -127.368  -42.4264  -37.278  20
608.2  0  189.442  -26.6486  -6.70243  -24.525  37
608.2  1  22.405  -131.194  -42.4264  38.259  20
608.3  0  188.771  -29.1992  -6.70243  25.506  37
608.3  1  18.1623  -127.466  -42.4264  -37.278  20
608.4  0  188.101  -26.7467  -6.70243  -24.525  37
608.4  1  13.9197  -131.292  -42.4264  38.259  20
608.5  0  187.431  -29.2973  -6.70243  25.506  37
608.5  1  9.67706  -127.564  -42.4264  -37.278  20
608.6  0  186.761  -26.8448  -6.70243  -24.525  37
608.6  1  5.43442  -131.39  -42.4264  38.259  20
608.7  0  186.09  -29.3954  -6.70243  25.506  37
608.7  1  1.19178  -127.662  -42.4264  -37.278  20
608.8  0  185.42  -26.9429  -6.70243  -24.525  37
608.8  1  -3.05087  -131.488  42.4264  38.259  20
608.9  0  184.75  -29.4935  -6.70243  25.506  37
608.9  1  1.19178  -127.76  42.4264  -37.278  20
609  0  184.08  -27.041  -6.70243  -24.525  37
609  1  5.43442  -131.586  42.4264  38.259  20
609.1  0  183.409  -29.5916  -6.70243  25.506  37
609.1  1  9.67706  -127.858  42.4264  -37.278  20
609.2  0  182.739  -27.1391  -6.70243  -24.525  37
609.2  1  13.9197  -131.684  42.4264  38.259  20
609.3  0  182.069  -29.6897  -6.70243  25.506  37
609.3  1  18.1623  -127.956  42.4264  -37.278  20
609.4  0  181.399  -27.2372  -6.70243  -24.525  37
609.4  1  22.405  -131.782  42.4264  38.259  20
609.5  0  180.728  -29.7878  -6.70243  25.506  37
609.5  1  26.6476  -128.054  42.4264  -37.278  20
609.6  0  180.058  -27.3353  -6.70243  -24.525  37
609.6  1  30.8903  -131.88  42.4264  38.259  20
609.7  0  179.388  -29.8859  -6.70243  25.506  37
609.7  1  35.1329  -128.153  42.4264  -37.278  20
609.8  0  178.718  -27.4334  -6.70243  -24.525  37
609.8  1  39.3755  -131.978  42.4264  38.259  20
609.9  0  178.047  -29.984  -6.70243  25.506  37
609.9  1  43.6182  -128.251  42.4264  -37.278  20
610  0  177.377  -27.5315  -6.70243  -24.525  37
610  1  47.8608  -132.077  42.4264  38.259  20
610.1  0  176.707  -30.0821  -6.70243  25.506  37
610.1  1  52.1035  -128.349  42.4264  -37.278  20
610.2  0  176.037  -27.6296  -6.70243  -24.525  37
610.2  1  56.3461  -132.175  42.4264  38.259  20
610.3  0  175.366  -30.1802  -6.70243  25.506  37
610.3  1  60.5887  -128.447  42.4264  -37.278  20
610.4  0  174.696  -27.7277  -6.70243  -24.525  37
610.4  1  64.8314  -132.273  42.4264  38.259  20
610.5  0  174.026  -30.2783  -6.70243  25.506  37
610.5  1  69.074  -128.545  42.4264  -37.278  20
610.6  0  173.356  -27.8258  -6.70243  -24.525  37
610.6  1  73.3167  -132.371  42.4264  38.259  20
610.7  0  172.685  -30.3764  -6.70243  25.506  37
610.7  1  77.5593  -128.643  42.4264  -37.278  20
610.8  0  172.015  -27.9239  -6.70243  -24.525  37
610.8  1  81.8019  -132.469  42.4264  38.259  20
610.9  0  171.345  -30.4745  -6.70243  25.506  37
610.9  1  86.0446  -128.741  42.4264  -37.278  20
611  0  170.675  -28.022  -6.70243  -24.525  37
611  1  90.2872  -132.567  42.4264  38.259  20
611.1  0  170.005  -30.5726  -6.70243  25.506  37
611.1  1  94.5299  -128.839  42.4264  -37.278  20
611.2  0  169.334  -28.1201  -6.70243  -24.525  37
611.2  1  98.7725  -132.665  42.4264  38.259  20
611.3  0  168.664  -30.6707  -6.70243  25.506  37
611.3  1  103.015  -128.937  42.4264  -37.278  20
611.4  0  167.994  -28.2182  -6.70243  -24.525  37
611.4  1  107.258  -132.763  42.4264  38.259  20
611.5  0  167.324  -30.7688  -6.70243  25.506  37
611.5  1  111.5  -129.035  42.4264  -37.278  20
611.6  0  166.653  -28.3163  -6.70243  -24.525  37
611.6  1  115.743  -132.861  42.4264  38.259  20
611.7  0  165.983  -30.8669  -6.70243  25.506  37
611.7  1  119.986  -129.134  42.4264  -37.278  20
611.8  0  165.313  -28.4144  -6.70243  -24.525  37
611.8  1  124.228  -132.959  42.4264  38.259  20
611.9  0  164.643  -30.965  -6.70243  25.506  37
611.9  1  128.471  -129.232  42.4264  -37.278  20
612  0  163.972  -28.5125  -6.70243  -24.525  37
612  1  132.714  -133.058  42.4264  38.259  20
612.1  0  163.302  -31.0631  -6.70243  25.506  37
612.1  1  136.956  -129.33  42.4264  -37.278  20
612.2  0  162.632  -28.6106  -6.70243  -24.525  37
612.2  1  141.199  -133.156  42.4264  38.259  20
612.3  0  161.962  -31.1612  -6.70243  25.506  37
612.3  1  145.442  -129.428  42.4264  -37.278  20
612.4  0  161.291  -28.7087  -6.70243  -24.525  37
612.4  1  149.684  -133.254  42.4264  38.259  20
612.5  0  160.621  -31.2593  -6.70243  25.506  37
612.5  1  153.927  -129.526  42.4264  -37.278  20
612.6  0  159.951  -28.8068  -6.70243  -24.525  37
612.6  1  158.169  -133.352  42.4264  38.259  20
612.7  0  159.281  -31.3574  -6.70243  25.506  37
612.7  1  162.412  -129.624  42.4264  -37.278  20
612.8  0  158.61  -28.9049  -6.70243  -24.525  37
612.8  1  166.655  -133.45  42.4264  38.259  20
612.9  0  157.94  -31.4555  -6.70243  25.506  37
612.9  1  170.897  -129.722  42.4264  -37.278  20
613  0  157.27  -29.003  -6.70243  -24.525  37
613  1  175.14  -133.548  42.4264  38.259  20
613.1  0  156.6  -31.5536  -6.70243  25.506  37
613.1  1  179.383  -129.82  42.4264  -37.278  20
613.2  0  155.929  -29.1011  -6.70243  -24.525  37
613.2  1  183.625  -133.646  42.4264  38.259  20
613.3  0  155.259  -31.6517  -6.70243  25.506  37
613.3  1  187.868  -129.918  42.4264  -37.278  20
613.4  0  154.589  -29.1992  -6.70243  -24.525  37
613.4  1  192.111  -133.744  42.4264  38.259  20
613.5  0  153.919  -31.7498  -6.70243  25.506  37
613.5  1  196.353  -130.016  42.4264  -37.278  20
613.6  0  153.248  -29.2973  -6.70243  -24.525  37
613.6  1  200.596  -133.842  42.4264  38.259  20
613.7  0  152.578  -31.8479  -6.70243  25.506  37
613.7  1  204.839  -130.115  42.4264  -37.278  20
613.8  0  151.908  -29.3954  -6.70243  -24.525  37
613.8  1  209.081  -133.94  42.4264  38.259  20
613.9  0  151.238  -31.946  -6.70243  25.506  37
613.9  1  213.324  -130.213  42.4264  -37.278  20
614  0  150.567  -29.4935  -6.70243  -24.525  37
614  1  217.566  -134.039  42.4264  38.259  20
614.1  0  149.897  -32.0441  -6.70243  25.506  37
614.1  1  221.809  -130.311  42.4264  -37.278  20
614.2  0  149.227  -29.5916  -6.70243  -24.525  37
614.2  1  226.052  -134.137  42.4264  38.259  20
614.3  0  148.557  -32.1422  -6.70243  25.506  37
614.3  1  230.294  -130.409  42.4264  -37.278  20
614.4  0  147.887  -29.6897  -6.70243  -24.525  37
614.4  1  234.537  -134.235  42.4264  38.259  20
614.5  0  147.216  -32.2403  -6.70243  25.506  37
614.5  1  238.78  -130.507  42.4264  -37.278  20
614.6  0  146.546  -29.7878  -6.70243  -24.525  37
614.6  1  243.022  -134.333  42.4264  38.259  20
614.7  0  145.876  -32.3384  -6.70243  25.506  37
614.7  1  247.265  -130.605  42.4264  -37.278  20
614.8  0  145.206  -29.8859  -6.70243  -24.525  37
614.8  1  251.508  -134.431  42.4264  38.259  20
614.9  0  144.535  -32.4365  -6.70243  25.506  37
614.9  1  255.75  -130.703  42.4264  -37.278  20
615  0  143.865  -29.984  -6.70243  -24.525  37
615  1  259.993  -134.529  42.4264  38.259  20
615.1  0  143.195  -32.5346  -6.70243  25.506  37
615.1  1  264.235  -130.801  42.4264  -37.278  20
615.2  0  142.525  -30.0821  -6.70243  -24.525  37
615.2  1  268.478  -134.627  42.4264  38.259  20
615.3  0  141.854  -32.6327  -6.70243  25.506  37
615.3  1  272.721  -130.899  42.4264  -37.278  20
615.4  0  141.184  -30.1802  -6.70243  -24.525  37
615.4  1  276.963  -134.725  42.4264  38.259  20
615.5  0  140.514  -32.7308  -6.70243  25.506  37
615.5  1  281.206  -130.997  42.4264  -37.278  20
615.6  0  139.844  -30.2783  -6.70243  -24.525  37
615.6  1  285.449  -134.823  42.4264  38.259  20
615.7  0  139.173  -32.8289  -6.70243  25.506  37
615.7  1  289.691  -131.096  42.4264  -37.278  20
615.8  0  138.503  -30.3764  -6.70243  -24.525  37
615.8  1  293.934  -134.921  42.4264  38.259  20
615.9  0  137.833  -32.927  -6.70243  25.506  37
615.9  1  298.177  -131.194  42.4264  -37.278  20
616  0  137.163  -30.4745  -6.70243  -24.525  37
616  1  302.419  -135.02  42.4264  38.259  20
616.1  0  136.492  -33.0251  -6.70243  25.506  37
616.1  1  306.662  -131.292  42.4264  -37.278  20
616.2  0  135.822  -30.5726  -6.70243  -24.525  37
616.2  1  310.905  -135.118  42.4264  38.259  20
616.3  0  135.152  -33.1232  -6.70243  25.506  37
616.3  1  315.147  -131.39  42.4264  -37.278  20
616.4  0  134.482  -30.6707  -6.70243  -24.525  37
616.4  1  319.39  -135.216  42.4264  38.259  20
616.5  0  133.811  -33.2213  -6.70243  25.506  37
616.5  1  323.632  -131.488  42.4264  -37.278  20
616.6  0  133.141  -30.7688  -6.70243  -24.525  37
616.6  1  327.875  -135.314  42.4264  38.259  20
616.7  0  132.471  -33.3194  -6.70243  25.506  37
616.7  1  332.118  -131.586  42.4264  -37.278  20
616.8  0  131.801  -30.8669  -6.70243  -24.525  37
616.8  1  336.36  -135.412  42.4264  38.259  20
616.9  0  131.13  -33.4175  -6.70243  25.506  37
616.9  1  340.603  -131.684  42.4264  -37.278  20
617  0  130.46  -30.965  -6.70243  -24.525  37
617  1  344.846  -135.51  42.4264  38.259  20
617.1  0  129.79  -33.5156  -6.70243  25.506  37
617.1  1  349.088  -131.782  42.4264  -37.278  20
617.2  0  129.12  -31.0631  -6.70243  -24.525  37
617.2  1  353.331  -135.608  42.4264  38.259  20
617.3  0  128.449  -33.6137  -6.70243  25.506  37
617.3  1  357.574  -131.88  42.4264  -37.278  20
617.4  0  127.779  -31.1612  -6.70243  -24.525  37
617.4  1  361.816  -135.706  42.4264  38.259  20
617.5  0  127.109  -33.7118  -6.70243  25.506  37
617.5  1  366.059  -131.978  42.4264  -37.278  20
617.6  0  126.439  -31.2593  -6.70243  -24.525  37
617.6  1  370.302  -135.804  42.4264  38.259  20
617.7  0  125.769  -33.8099  -6.70243  25.506  37
617.7  1  374.544  -132.077  42.4264  -37.278  20
617.8  0  125.098  -31.3574  -6.70243  -24.525  37
617.8  1  378.787  -135.902  42.4264  38.259  20
617.9  0  124.428  -33.908  -6.70243  25.506  37
617.9  1  383.029  -132.175  42.4264  -37.278  20
618  0  123.758  -31.4555  -6.70243  -24.525  37
618  1  387.272  -136.001  42.4264  38.259  20
618.1  0  123.088  -34.0061  -6.70243  25.506  37
618.1  1  391.515  -132.273  42.4264  -37.278  20
618.2  0  122.417  -31.5536  -6.70243  -24.525  37
618.2  1  395.757  -136.099  42.4264  38.259  20
618.3  0  121.747  -34.1042  -6.70243  25.506  37
618.3  1  400  -132.371  42.4264  -37.278  20
618.4  0  121.077  -31.6517  -6.70243  -24.525  37
618.4  1  404.243  -136.197  42.4264  38.259  20
618.5  0  120.407  -34.2023  -6.70243  25.506  37
618.5  1  408.485  -132.469  42.4264  -37.278  20
618.6  0  119.736  -31.7498  -6.70243  -24.525  37
618.6  1  412.728  -136.295  42.4264  38.259  20
618.7  0  119.066  -34.3004  -6.70243  25.506  37
618.7  1  416.971  -132.567  42.4264  -37.278  20
618.8  0  118.396  -31.8479  -6.70243  -24.525  37
618.8  1  421.213  -136.393  42.4264  38.259  20
618.9  0  117.726  -34.3985  -6.70243  25.506  37
618.9  1  425.456  -132.665  42.4264  -37.278  20
619  0  117.055  -31.946  -6.70243  -24.525  37
619  1  429.698  -136.491  42.4264  38.259  20
619.1  0  116.385  -34.4966  -6.70243  25.506  37
619.1  1  433.941  -132.763  42.4264  -37.278  20
619.2  0  115.715  -32.0441  -6.70243  -24.525  37
619.2  1  438.184  -136.589  42.4264  38.259  20
619.3  0  115.045  -34.5947  -6.70243  25.506  37
619.3  1  442.426  -132.861  42.4264  -37.278  20
619.4  0  114.374  -32.1422  -6.70243  -24.525  37
619.4  1  446.669  -136.687  42.4264  38.259  20
619.5  0  113.704  -34.6928  -6.70243  25.506  37
619.5  1  450.912  -132.959  42.4264  -37.278  20
619.6  0  113.034  -32.2403  -6.70243  -24.525  37
619.6  1  455.154  -136.785  42.4264  38.259  20
619.7  0  112.364  -34.7909  -6.70243  25.506  37
619.7  1  459.397  -133.058  42.4264  -37.278  20
619.8  0  111.693  -32.3384  -6.70243  -24.525  37
619.8  1  463.64  -136.883  42.4264  38.259  20
619.9  0  111.023  -34.889  -6.70243  25.506  37
619.9  1  467.882  -133.156  42.4264  -37.278  20
620  0  110.353  -32.4365  -6.70243  -24.525  37
620  1  472.125  -136.982  42.4264  38.259  20
620.1  0  109.683  -34.9871  -6.70243  25.506  37
620.1  1  476.368  -133.254  42.4264  -37.278  20
620.2  0  109.012  -32.5346  -6.70243  -24.525  37
620.2  1  480.61  -137.08  42.4264  38.259  20
620.3  0  108.342  -35.0852  -6.70243  25.506  37
620.3  1  484.853  -133.352  42.4264  -37.278  20
620.4  0  107.672  -32.6327  -6.70243  -24.525  37
620.4  1  489.095  -137.178  42.4264  38.259  20
620.5  0  107.002  -35.1833  -6.70243  25.506  37
620.5  1  493.338  -133.45  42.4264  -37.278  20
620.6  0  106.331  -32.7308  -6.70243  -24.525  37
620.6  1  497.581  -137.276  42.4264  38.259  20
620.7  0  105.661  -35.2814  -6.70243  25.506  37
620.7  1  501.823  -133.548  42.4264  -37.278  20
620.8  0  104.991  -32.8289  -6.70243  -24.525  37
620.8  1  506.066  -137.374  42.4264  38.259  20
620.9  0  104.321  -35.3795  -6.70243  25.506  37
620.9  1  510.309  -133.646  42.4264  -37.278  20
621  0  103.651  -32.927  -6.70243  -24.525  37
621  1  514.551  -137.472  42.4264  38.259  20
621.1  0  102.98  -35.4776  -6.70243  25.506  37
621.1  1  518.794  -133.744  42.4264  -37.278  20
621.2  0  102.31  -33.0251  -6.70243  -24.525  37
621.2  1  523.037  -137.57  42.4264  38.259  20
621.3  0  101.64  -35.5757  -6.70243  25.506  37
621.3  1  527.279  -133.842  42.4264  -37.278  20
621.4  0  100.97  -33.1232  -6.70243  -24.525  37
621.4  1  531.522  -137.668  42.4264  38.259  20
621.5  0  100.299  -35.6738  -6.70243  25.506  37
621.5  1  535.765  -133.94  42.4264  -37.278  20
621.6  0  99.629  -33.2213  -6.70243  -24.525  37
621.6  1  540.007  -137.766  42.4264  38.259  20
621.7  0  98.9588  -35.7719  -6.70243  25.506  37
621.7  1  544.25  -134.039  42.4264  -37.278  20
621.8  0  98.2886  -33.3194  -6.70243  -24.525  37
621.8  1  548.492  -137.864  42.4264  38.259  20
621.9  0  97.6183  -35.87  -6.70243  25.506  37
621.9  1  552.735  -134.137  42.4264  -37.278  20
622  0  96.9481  -33.4175  -6.70243  -24.525  37
622  1  556.978  -137.963  42.4264  38.259  20
622.1  0  96.2778  -35.9681  -6.70243  25.506  37
622.1  1  561.22  -134.235  42.4264  -37.278  20
622.2  0  95.6076  -33.5156  -6.70243  -24.525  37
622.2  1  565.463  -138.061  42.4264  38.259  20
622.3  0  94.9373  -36.0662  -6.70243  25.506  37
622.3  1  569.706  -134.333  42.4264  -37.278  20
622.4  0  94.2671  -33.6137  -6.70243  -24.525  37
622.4  1  573.948  -138.159  42.4264  38.259  20
622.5  0  93.5969  -36.1643  -6.70243  25.506  37
622.5  1  578.191  -134.431  42.4264  -37.278  20
622.6  0  92.9266  -33.7118  -6.70243  -24.525  37
622.6  1  582.434  -138.257  42.4264  38.259  20
622.7  0  92.2564  -36.2624  -6.70243  25.506  37
622.7  1  586.676  -134.529  42.4264  -37.278  20
622.8  0  91.5861  -33.8099  -6.70243  -24.525  37
622.8  1  590.919  -138.355  42.4264  38.259  20
622.9  0  90.9159  -36.3605  -6.70243  25.506  37
622.9  1  595.161  -134.627  42.4264  -37.278  20
623  0  90.2457  -33.908  -6.70243  -24.525  37
623  1  599.404  -138.453  42.4264  38.259  20
623.1  0  89.5754  -36.4586  -6.70243  25.506  37
623.1  1  603.647  -134.725  42.4264  -37.278  20
623.2  0  88.9052  -34.0061  -6.70243  -24.525  37
623.2  1  607.889  -138.551  42.4264  38.259  20
623.3  0  88.2349  -36.5567  -6.70243  25.506  37
623.3  1  612.132  -134.823  42.4264  -37.278  20
623.4  0  87.5647  -34.1042  -6.70243  -24.525  37
623.4  1  616.375  -138.649  42.4264  38.259  20
623.5  0  86.8944  -36.6548  -6.70243  25.506  37
623.5  1  620.617  -134.921  42.4264  -37.278  20
623.6  0  86.2242  -34.2023  -6.70243  -24.525  37
623.6  1  624.86  -138.747  42.4264  38.259  20
623.7  0  85.554  -36.7529  -6.70243  25.506  37
623.7  1  629.103  -135.02  42.4264  -37.278  20
623.8  0  84.8837  -34.3004  -6.70243  -24.525  37
623.8  1  633.345  -138.845  42.4264  38.259  20
623.9  0  84.2135  -36.851  -6.70243  25.506  37
623.9  1  637.588  -135.118  42.4264  -37.278  20
624  0  83.5432  -34.3985  -6.70243  -24.525  37
624  1  641.831  -138.944  42.4264  38.259  20
624.1  0  82.873  -36.9491  -6.70243  25.506  37
624.1  1  646.073  -135.216  42.4264  -37.278  20
624.2  0  82.2027  -34.4966  -6.70243  -24.525  37
624.2  1  650.316  -139.042  42.4264  38.259  20
624.3  0  81.5325  -37.0472  -6.70243  25.506  37
624.3  1  654.558  -135.314  42.4264  -37.278  20
624.4  0  80.8623  -34.5947  -6.70243  -24.525  37
624.4  1  658.801  -139.14  42.4264  38.259  20
624.5  0  80.192  -37.1453  -6.70243  25.506  37
624.5  1  663.044  -135.412  42.4264  -37.278  20
624.6  0  79.5218  -34.6928  -6.70243  -24.525  37
624.6  1  667.286  -139.238  42.4264  38.259  20
624.7  0  78.8515  -37.2434  -6.70243  25.506  37
624.7  1  671.529  -135.51  42.4264  -37.278  20
624.8  0  78.1813  -34.7909  -6.70243  -24.525  37
624.8  1  675.772  -139.336  42.4264  38.259  20
624.9  0  77.511  -37.3415  -6.70243  25.506  37
624.9  1  680.014  -135.608  42.4264  -37.278  20
625  0  76.8408  -34.889  -6.70243  -24.525  37
625  1  684.257  -139.434  42.4264  38.259  20
625.1  0  76.1706  -37.4396  -6.70243  25.506  37
625.1  1  688.5  -135.706  42.4264  -37.278  20
625.2  0  75.5003  -34.9871  -6.70243  -24.525  37
625.2  1  692.742  -139.532  42.4264  38.259  20
625.3  0  74.8301  -37.5377  -6.70243  25.506  37
625.3  1  696.985  -135.804  42.4264  -37.278  20
625.4  0  74.1598  -35.0852  -6.70243  -24.525  37
625.4  1  701.227  -139.63  42.4264  38.259  20
625.5  0  73.4896  -37.6358  -6.70243  25.506  37
625.5  1  705.47  -135.902  42.4264  -37.278  20
625.6  0  72.8193  -35.1833  -6.70243  -24.525  37
625.6  1  709.713  -139.728  42.4264  38.259  20
625.7  0  72.1491  -37.7339  -6.70243  25.506  37
625.7  1  713.955  -136.001  42.4264  -37.278  20
625.8  0  71.4789  -35.2814  -6.70243  -24.525  37
625.8  1  718.198  -139.826  42.4264  38.259  20
625.9  0  70.8086  -37.832  -6.70243  25.506  37
625.9  1  722.441  -136.099  42.4264  -37.278  20
626  0  70.1384  -35.3795  -6.70243  -24.525  37
626  1  726.683  -139.925  42.4264  38.259  20
626.1  0  69.4681  -37.9301  -6.70243  25.506  37
626.1  1  730.926  -136.197  42.4264  -37.278  20
626.2  0  68.7979  -35.4776  -6.70243  -24.525  37
626.2  1  735.169  -140.023  42.4264  38.259  20
626.3  0  68.1276  -38.0282  -6.70243  25.506  37
626.3  1  739.411  -136.295  42.4264  -37.278  20
626.4  0  67.4574  -35.5757  -6.70243  -24.525  37
626.4  1  743.654  -140.121  42.4264  38.259  20
626.5  0  66.7872  -38.1263  -6.70243  25.506  37
626.5  1  747.897  -136.393  42.4264  -37.278  20
626.6  0  66.1169  -35.6738  -6.70243  -24.525  37
626.6  1  752.139  -140.219  42.4264  38.259  20
626.7  0  65.4467  -38.2244  -6.70243  25.506  37
626.7  1  756.382  -136.491  42.4264  -37.278  20
626.8  0  64.7764  -35.7719  -6.70243  -24.525  37
626.8  1  760.624  -140.317  42.4264  38.259  20
626.9  0  64.1062  -38.3225  -6.70243  25.506  37
626.9  1  764.867  -136.589  42.4264  -37.278  20
627  0  63.4359  -35.87  -6.70243  -24.525  37
627  1  769.11  -140.415  42.4264  38.259  20
627.1  0  62.7657  -38.4206  -6.70243  25.506  37
627.1  1  773.352  -136.687  42.4264  -37.278  20
627.2  0  62.0955  -35.9681  -6.70243  -24.525  37
627.2  1  777.595  -140.513  42.4264  38.259  20
627.3  0  61.4252  -38.5187  -6.70243  25.506  37
627.3  1  781.838  -136.785  42.4264  -37.278  20
627.4  0  60.755  -36.0662  -6.70243  -24.525  37
627.4  1  786.08  -140.611  42.4264  38.259  20
627.5  0  60.0847  -38.6168  -6.70243  25.506  37
627.5  1  790.323  -136.883  42.4264  -37.278  20
627.6  0  59.4145  -36.1643  -6.70243  -24.525  37
627.6  1  794.566  -140.709  42.4264  38.259  20
627.7  0  58.7442  -38.7149  -6.70243  25.506  37
627.7  1  798.808  -136.982  42.4264  -37.278  20
627.8  0  58.074  -36.2624  -6.70243  -24.525  37
627.8  1  803.051  -140.807  42.4264  38.259  20
627.9  0  57.4038  -38.813  -6.70243  25.506  37
627.9  1  807.294  -137.08  42.4264  -37.278  20
628  0  56.7335  -36.3605  -6.70243  -24.525  37
628  1  811.536  -140.906  42.4264  38.259  20
628.1  0  56.0633  -38.9111  -6.70243  25.506  37
628.1  1  815.779  -137.178  42.4264  -37.278  20
628.2  0  55.393  -36.4586  -6.70243  -24.525  37
628.2  1  820.021  -141.004  42.4264  38.259  20
628.3  0  54.7228  -39.0092  -6.70243  25.506  37
628.3  1  824.264  -137.276  42.4264  -37.278  20
628.4  0  54.0526  -36.5567  -6.70243  -24.525  37
628.4  1  828.507  -141.102  42.4264  38.259  20
628.5  0  53.3823  -39.1073  -6.70243  25.506  37
628.5  1  832.749  -137.374  42.4264  -37.278  20
628.6  0  52.7121  -36.6548  -6.70243  -24.525  37
628.6  1  836.992  -141.2  42.4264  38.259